group,No.Genome,No.species,来源*,Species,Ploidy,Filename,annotation_file,Accession name,Order,Family,Clade,APG IV,Chromosome-level,Publish year,Publication,PMID/DOI,Estimated genome size (Mb),Assembled genomesize(Mb),Predicted gene number,Scaffold N50 size (Kb),Contig N50 size(Kb),Sequencing platform,Sequencing platform classification,Country/institution,HiC for scaffoldng,Software of contig assembly,Software of polishing,Software of scaffloding,Software of  HiC scaffoldng,T2T/Pan-genome,Genome links,Annotation links,genome_path,annotation_path
UTR-HUADA问题,1,1,统计条目,Achnatherum splendens,NA,GWHBHQB00000000.genome.fasta.gz,PRODUCTION_81_result.gtf,NA,Poales,Poaceae,Commelinids,Monocots,yes,2021/9/6,Plant Biotechnology Journal,10.1111/pbi.13699,1130,1170,57374,10800,NA,PacBio;Illumina,Other TGS,China,yes,Falcon,Quiver;Pilon,SSPACE;LACHESIS,LACHESIS,no,NA,NA,/mnt/rice/data/Poaceae_Fan_longjiang/genome/GWHBHQB00000000.genome.fasta.gz,/mnt/rice/data/Poaceae_Fan_longjiang/annotation/PRODUCTION_81_result.gtf
Huada_FTP_update,3,2,??????,Aegilops bicornis,diploid,GCA_021605145.1_ASM2160514v1_genomic.fna.gz,Aegilops_bicornis_GCA_021605145.1_ASM2160514v1_genomic.gtf,TB01,Poales,Poaceae,Commelinids,Monocots,yes,2022/1/1,Molecular Plant,10.1016/j.molp.2021.12.019,5730,5640,61354,NA,9160,ONT;Illumina,Other TGS,China,yes,wtdbg,Racon;Pilon,LACHESIS,LACHESIS,no,/mnt/rice/data/Poaceae_Fan_longjiang/huada_update/Aegilops_bicornis/GCA_021605145.1_ASM2160514v1_genomic.fna.gz,/mnt/rice/data/Poaceae_Fan_longjiang/huada_update/Aegilops_bicornis/Aegilops_bicornis_GCA_021605145.1_ASM2160514v1_genomic.gtf,/mnt/rice/data/Poaceae_Fan_longjiang/huada_update/Aegilops_bicornis/GCA_021605145.1_ASM2160514v1_genomic.fna.gz,/mnt/rice/data/Poaceae_Fan_longjiang/huada_update/Aegilops_bicornis/Aegilops_bicornis_GCA_021605145.1_ASM2160514v1_genomic.gtf
原始数据可用,4,3,??????,Aegilops comosa,diploid,AeComosa_PI551049_v1.genome.fa,AeComosa_PI551049_v1.gff3,PI 551049,Poales,Poaceae,Commelinids,Monocots,yes,2024/12/31,Scientific Data,10.1038/s41597-024-04346-1,4510,4470,39057,619050,23590,PacBio;Illumina,HiFi,China,yes,Hifiasm,NA,NA,3D-DNA,no,https://figshare.com/articles/dataset/_b_Chromosome-scale_assembly_b_b_and_annotation_of_the_wild_wheat_relative_b_b_b_b_Aegilops_comosa_b_/26928031,https://figshare.com/articles/dataset/_b_ChromosomeNAscale_assembly_b_b_and_annotation_of_the_wild_wheat_relative_b_b_b_b_Aegilops_comosa_b_/26928031,/mnt/rice/data/Poaceae_Fan_longjiang/genome/AeComosa_PI551049_v1.genome.fa,/mnt/rice/data/Poaceae_Fan_longjiang/annotation/AeComosa_PI551049_v1.gff3
Huada_FTP_update,5,4,??????,Aegilops geniculata,tetraploid,GCA_053567775.1_Aegilops_geniculata_ksu_v1.3_genomic.fna.gz,Aegilops_geniculata_GCA_053567775.1_Aegilops_geniculata_ksu_v1.3_genomic.gtf,TA2889,Poales,Poaceae,Commelinids,Monocots,yes,2025/11/10,Plant Biotechnology Journal,10.1111/pbi.70456,NA,8114,72091,NA,14825,Illumina;PacBio,HiFi,China,yes,Hifiasm,NA,NA,NA,no,/mnt/rice/data/Poaceae_Fan_longjiang/huada_update/Aegilops_geniculata/GCA_053567775.1_Aegilops_geniculata_ksu_v1.3_genomic.fna.gz,/mnt/rice/data/Poaceae_Fan_longjiang/huada_update/Aegilops_geniculata/Aegilops_geniculata_GCA_053567775.1_Aegilops_geniculata_ksu_v1.3_genomic.gtf,/mnt/rice/data/Poaceae_Fan_longjiang/huada_update/Aegilops_geniculata/GCA_053567775.1_Aegilops_geniculata_ksu_v1.3_genomic.fna.gz,/mnt/rice/data/Poaceae_Fan_longjiang/huada_update/Aegilops_geniculata/Aegilops_geniculata_GCA_053567775.1_Aegilops_geniculata_ksu_v1.3_genomic.gtf
Huada_FTP_update,6,5,??????,Aegilops longissima,diploid,GCA_964264335.1_aegilops_longissima_AEG-6782-2_v2_genomic.fna.gz,Aegilops_longissima_GCA_964264335.1_aegilops_longissima_AEG-6782-2_v2_genomic.gtf,TL05,Poales,Poaceae,Commelinids,Monocots,yes,2022/1/1,Molecular Plant,10.1016/j.molp.2021.12.019,6220,5800,63326,NA,1050,ONT;Illumina,Other TGS,China,yes,wtdbg,Racon;Pilon,LACHESIS,LACHESIS,no,/mnt/rice/data/Poaceae_Fan_longjiang/huada_update/Aegilops_longissima/GCA_964264335.1_aegilops_longissima_AEG-6782-2_v2_genomic.fna.gz,/mnt/rice/data/Poaceae_Fan_longjiang/huada_update/Aegilops_longissima/Aegilops_longissima_GCA_964264335.1_aegilops_longissima_AEG-6782-2_v2_genomic.gtf,/mnt/rice/data/Poaceae_Fan_longjiang/huada_update/Aegilops_longissima/GCA_964264335.1_aegilops_longissima_AEG-6782-2_v2_genomic.fna.gz,/mnt/rice/data/Poaceae_Fan_longjiang/huada_update/Aegilops_longissima/Aegilops_longissima_GCA_964264335.1_aegilops_longissima_AEG-6782-2_v2_genomic.gtf
原始数据可用,7,6,???????,Aegilops markgrafii,NA,GCA_052815875.1_ASM5281587v1_genomic.fna.gz,Aegilops_markgrafii_GCA_052815875.1_ASM5281587v1_genomic.gtf,ASM5281587v1,Poales,Poaceae,Commelinids,Monocots,yes,2025/9/24,NA,GCA_052815875.1,NA,3577.17036,NA,NA,NA,NA,NA,NA,NA,NA,NA,NA,NA,NA,https://download.cncb.ac.cn/assembly/ncbi/Plants/GCA/052/815/Aegilops_markgrafii_monocots_ASM5281587v1_GCA_052815875.1/GCA_052815875.1_ASM5281587v1_genomic.fna.gz,NA,/mnt/rice/data/Poaceae_Fan_longjiang/genome/GCA_052815875.1_ASM5281587v1_genomic.fna.gz,/mnt/rice/data/Poaceae_Fan_longjiang/annotation/Plant_gtf/Aegilops_markgrafii/Aegilops_markgrafii_GCA_052815875.1_ASM5281587v1_genomic.gtf
非UTR-缺注释,8,7,统计条目,Aegilops mutica,diploid,GCA_964657205.1_Ae.mutica_hap1_with_organelles_genomic.fna.gz,PRODUCTION_43_result.gtf,hap1_GCA_964657205.1,Poales,Poaceae,Commelinids,Monocots,yes,2025/3/13,Scientific Data,10.1038/s41597-025-04737-y,NA,4654.34,96723(total),639720.019,4351.393,PacBio,HiFi,UK,yes,Hifiasm,NA,YaHS,YaHS,no,/mnt/rice/data/Poaceae_Fan_longjiang/genome/GCA_964657205.1_Ae.mutica_hap1_with_organelles_genomic.fna.gz,NA,/mnt/rice/data/Poaceae_Fan_longjiang/genome/GCA_964657205.1_Ae.mutica_hap1_with_organelles_genomic.fna.gz,/mnt/rice/data/Poaceae_Fan_longjiang/annotation/PRODUCTION_43_result.gtf
非UTR-缺注释,10,8,统计条目,Aegilops muticum,hexaploid,muticum_draft_assembly.fasta,PRODUCTION_44_result.gtf,2130012 (JIC),Poales,Poaceae,Commelinids,Monocots,yes,2023/1/24,Plant Biotechnology Journal,10.1111/pbi.13859,6174,2530,32385,NA,75.5,ONT;Illumina,Other TGS,UK,no,Flye,Pilon,NA,NA,no,/mnt/rice/data/Poaceae_Fan_longjiang/genome/muticum_draft_assembly.fasta,NA,/mnt/rice/data/Poaceae_Fan_longjiang/genome/muticum_draft_assembly.fasta,/mnt/rice/data/Poaceae_Fan_longjiang/annotation/PRODUCTION_44_result.gtf
Huada_FTP_update,11,9,??????,Aegilops searsii,diploid,GCA_021605185.1_ASM2160518v1_genomic.fna.gz,Aegilops_searsii_GCA_021605185.1_ASM2160518v1_genomic.gtf,searsii,Poales,Poaceae,Commelinids,Monocots,yes,2022/1/1,Molecular Plant,10.1016/j.molp.2021.12.019,5550,5340,62804,NA,560,ONT;Illumina,Other TGS,China,yes,wtdbg,Racon;Pilon,LACHESIS,LACHESIS,no,/mnt/rice/data/Poaceae_Fan_longjiang/huada_update/Aegilops_searsii/GCA_021605185.1_ASM2160518v1_genomic.fna.gz,/mnt/rice/data/Poaceae_Fan_longjiang/huada_update/Aegilops_searsii/Aegilops_searsii_GCA_021605185.1_ASM2160518v1_genomic.gtf,/mnt/rice/data/Poaceae_Fan_longjiang/huada_update/Aegilops_searsii/GCA_021605185.1_ASM2160518v1_genomic.fna.gz,/mnt/rice/data/Poaceae_Fan_longjiang/huada_update/Aegilops_searsii/Aegilops_searsii_GCA_021605185.1_ASM2160518v1_genomic.gtf
Huada_FTP_update,12,10,??????,Aegilops sharonensis,diploid,GCA_904067115.1_aegilops_sharonensis_1644_assembly_genomic.fna.gz,Aegilops_sharonensis_GCA_904067115.1_aegilops_sharonensis_1644_assembly_genomic.gtf,TH02,Poales,Poaceae,Commelinids,Monocots,yes,2022/1/1,Molecular Plant,10.1016/j.molp.2021.12.019,6070,5890,61849,NA,1010,ONT;Illumina,Other TGS,China,yes,wtdbg,Racon;Pilon,LACHESIS,LACHESIS,no,/mnt/rice/data/Poaceae_Fan_longjiang/huada_update/Aegilops_sharonensis/GCA_904067115.1_aegilops_sharonensis_1644_assembly_genomic.fna.gz,/mnt/rice/data/Poaceae_Fan_longjiang/huada_update/Aegilops_sharonensis/Aegilops_sharonensis_GCA_904067115.1_aegilops_sharonensis_1644_assembly_genomic.gtf,/mnt/rice/data/Poaceae_Fan_longjiang/huada_update/Aegilops_sharonensis/GCA_904067115.1_aegilops_sharonensis_1644_assembly_genomic.fna.gz,/mnt/rice/data/Poaceae_Fan_longjiang/huada_update/Aegilops_sharonensis/Aegilops_sharonensis_GCA_904067115.1_aegilops_sharonensis_1644_assembly_genomic.gtf
Huada_FTP_update,16,11,??????,Aegilops speltoides,diploid,GCA_944222845.1_aegilops_speltoides_cv_tivon_genomic.fna.gz,Aegilops_speltoides_GCA_944222845.1_aegilops_speltoides_cv_tivon_genomic.gtf,ssp. speltoides (Y2032),Poales,Poaceae,Commelinids,Monocots,yes,2023/2/23,Plant Communications,10.1016/j.xplc.2023.100567,4600,4880,46348,640450,1710,ONT;Illumina,Other TGS,China,yes,NextDenovo,Nextpolish,LACHESIS,LACHESIS,no,/mnt/rice/data/Poaceae_Fan_longjiang/huada_update/Aegilops_speltoides/GCA_944222845.1_aegilops_speltoides_cv_tivon_genomic.fna.gz,/mnt/rice/data/Poaceae_Fan_longjiang/huada_update/Aegilops_speltoides/Aegilops_speltoides_GCA_944222845.1_aegilops_speltoides_cv_tivon_genomic.gtf,/mnt/rice/data/Poaceae_Fan_longjiang/huada_update/Aegilops_speltoides/GCA_944222845.1_aegilops_speltoides_cv_tivon_genomic.fna.gz,/mnt/rice/data/Poaceae_Fan_longjiang/huada_update/Aegilops_speltoides/Aegilops_speltoides_GCA_944222845.1_aegilops_speltoides_cv_tivon_genomic.gtf
Huada_FTP_update,19,12,??????,Aegilops tauschii,diploid,GCA_965151605.1_lpAegTaus2.hap1.1_genomic.fna.gz,Aegilops_tauschii_GCA_965151605.1_lpAegTaus2.hap1.1_genomic.gtf,AL8/78,Poales,Poaceae,Commelinids,Monocots,yes,2025/3/7,G3-Genes Genomes Genetics,10.1093/g3journal/jkaf042,4220,4054.70,68383,4055000,31810,PacBio,HiFi,USA,no,HiFiasm,NA,Bionano Solve,NA,no,/mnt/rice/data/Poaceae_Fan_longjiang/huada_update/Aegilops_tauschii/GCA_965151605.1_lpAegTaus2.hap1.1_genomic.fna.gz,/mnt/rice/data/Poaceae_Fan_longjiang/huada_update/Aegilops_tauschii/Aegilops_tauschii_GCA_965151605.1_lpAegTaus2.hap1.1_genomic.gtf,/mnt/rice/data/Poaceae_Fan_longjiang/huada_update/Aegilops_tauschii/GCA_965151605.1_lpAegTaus2.hap1.1_genomic.fna.gz,/mnt/rice/data/Poaceae_Fan_longjiang/huada_update/Aegilops_tauschii/Aegilops_tauschii_GCA_965151605.1_lpAegTaus2.hap1.1_genomic.gtf
原始数据可用,25,13,???????,Aegilops tauschii x Triticum turgidum,NA,GCA_050626435.1_ASM5062643v1_genomic.fna.gz,Aegilops_tauschii_x_Triticum_turgidum_GCA_050626435.1_ASM5062643v1_genomic.gtf,ASM5062643v1,Poales,Poaceae,Commelinids,Monocots,yes,2025/5/30,NA,GCA_050626435.1,NA,13629.55976,NA,NA,NA,NA,NA,NA,NA,NA,NA,NA,NA,NA,https://download.cncb.ac.cn/assembly/ncbi/Plants/GCA/050/626/Aegilops_tauschii_x_Triticum_turgidum_synthetic_wheat_ASM5062643v1_GCA_050626435.1/GCA_050626435.1_ASM5062643v1_genomic.fna.gz,NA,/mnt/rice/data/Poaceae_Fan_longjiang/genome/GCA_050626435.1_ASM5062643v1_genomic.fna.gz,/mnt/rice/data/Poaceae_Fan_longjiang/annotation/Plant_gtf/Aegilops_tauschii_x_Triticum_turgidum/Aegilops_tauschii_x_Triticum_turgidum_GCA_050626435.1_ASM5062643v1_genomic.gtf
Huada_FTP_update,27,14,??????,Aegilops umbellulata,diploid,GCA_032464435.1_ASM3246443v1_genomic.fna.gz,Aegilops_umbellulata_GCA_032464435.1_ASM3246443v1_genomic.gtf,TA1851,Poales,Poaceae,Commelinids,Monocots,yes,2023/10/25,Scientific Data,10.1038/s41597-023-02658-2,4250.00 ,4246.443824,36268,NA,17703.042,PacBio;Illumina,HiFi,Saudi Arabia,yes,Hifiasm;LJA,DeepConsensus,3D-DNA,3D-DNA,no,/mnt/rice/data/Poaceae_Fan_longjiang/huada_update/Aegilops_umbellulata/GCA_032464435.1_ASM3246443v1_genomic.fna.gz,/mnt/rice/data/Poaceae_Fan_longjiang/huada_update/Aegilops_umbellulata/Aegilops_umbellulata_GCA_032464435.1_ASM3246443v1_genomic.gtf,/mnt/rice/data/Poaceae_Fan_longjiang/huada_update/Aegilops_umbellulata/GCA_032464435.1_ASM3246443v1_genomic.fna.gz,/mnt/rice/data/Poaceae_Fan_longjiang/huada_update/Aegilops_umbellulata/Aegilops_umbellulata_GCA_032464435.1_ASM3246443v1_genomic.gtf
原始数据可用,28,15,???????,Aegilops uniaristata,NA,GCA_052815765.1_ASM5281576v1_genomic.fna.gz,Aegilops_uniaristata_GCA_052815765.1_ASM5281576v1_genomic.gtf,ASM5281576v1,Poales,Poaceae,Commelinids,Monocots,yes,2025/9/24,NA,GCA_052815765.1,NA,4475.943907,NA,NA,NA,NA,NA,NA,NA,NA,NA,NA,NA,NA,https://download.cncb.ac.cn/assembly/ncbi/Plants/GCA/052/815/Aegilops_uniaristata_monocots_ASM5281576v1_GCA_052815765.1/GCA_052815765.1_ASM5281576v1_genomic.fna.gz,NA,/mnt/rice/data/Poaceae_Fan_longjiang/genome/GCA_052815765.1_ASM5281576v1_genomic.fna.gz,/mnt/rice/data/Poaceae_Fan_longjiang/annotation/Plant_gtf/Aegilops_uniaristata/Aegilops_uniaristata_GCA_052815765.1_ASM5281576v1_genomic.gtf
非UTR-缺注释,29,16,统计条目,Aegilops ventricosa,tetraploid,GWHERCH00000000.genome.fasta.gz,PRODUCTION_45_result.gtf,RM271,Poales,Poaceae,Commelinids,Monocots,yes,2025/1/14,Plant Communications,10.1016/j.xplc.2024.101131,NA,8670,69000,NA,54710,BGI;PacBio,HiFi,China,yes,Hifiasm,NA,NA,Juicer;EndHiC,no,/mnt/rice/data/Poaceae_Fan_longjiang/genome/GWHERCH00000000.genome.fasta.gz,NA,/mnt/rice/data/Poaceae_Fan_longjiang/genome/GWHERCH00000000.genome.fasta.gz,/mnt/rice/data/Poaceae_Fan_longjiang/annotation/PRODUCTION_45_result.gtf
原始数据可用,30,17,???????,Agropyron cristatum,NA,GCA_051314055.1_ASM5131405v1_genomic.fna.gz,Agropyron_cristatum_GCA_051314055.1_ASM5131405v1_genomic.gtf,crested wheatgrass,Poales,Poaceae,Commelinids,Monocots,yes,2025/7/14,NA,GCA_051314055.1,NA,6334.4243,NA,NA,NA,NA,NA,NA,NA,NA,NA,NA,NA,NA,https://download.cncb.ac.cn/assembly/ncbi/Plants/GCA/051/314/Agropyron_cristatum_crested_wheatgrass_ASM5131405v1_GCA_051314055.1/GCA_051314055.1_ASM5131405v1_genomic.fna.gz,NA,/mnt/rice/data/Poaceae_Fan_longjiang/genome/GCA_051314055.1_ASM5131405v1_genomic.fna.gz,/mnt/rice/data/Poaceae_Fan_longjiang/annotation/Plant_gtf/Agropyron_cristatum/Agropyron_cristatum_GCA_051314055.1_ASM5131405v1_genomic.gtf
非UTR-缺注释,31,18,补充条目,Agrostis castellana,NA,GCA_050573615.1_ASM5057361v1_genomic.fna.gz,GCA_050573615.1_ASM5057361v1_genomic.fna.gz.gtf,highland bent,Poales,Poaceae,Commelinids,Monocots,no,2025/5/26,NA,GCA_050573615.1,NA,2089.071,NA,NA,NA,NA,NA,NA,NA,NA,NA,NA,NA,NA,/mnt/rice/data/Poaceae_Fan_longjiang/genome/GCA_050573615.1_ASM5057361v1_genomic.fna.gz,NA,/mnt/rice/data/Poaceae_Fan_longjiang/genome/GCA_050573615.1_ASM5057361v1_genomic.fna.gz,/mnt/rice/data/Poaceae_Fan_longjiang/annotation/GCA_050573615.1_ASM5057361v1_genomic.fna.gz.gtf
非UTR-缺注释,32,19,补充条目,Agrostis congestiflora,NA,GCA_050573515.1_ASM5057351v1_genomic.fna.gz,GCA_050573515.1_ASM5057351v1_genomic.fna.gz.gtf,NA,Poales,Poaceae,Commelinids,Monocots,no,2025/5/26,NA,GCA_050573515.1,NA,1737.7488,NA,NA,NA,NA,NA,NA,NA,NA,NA,NA,NA,NA,/mnt/rice/data/Poaceae_Fan_longjiang/genome/GCA_050573515.1_ASM5057351v1_genomic.fna.gz,NA,/mnt/rice/data/Poaceae_Fan_longjiang/genome/GCA_050573515.1_ASM5057351v1_genomic.fna.gz,/mnt/rice/data/Poaceae_Fan_longjiang/annotation/GCA_050573515.1_ASM5057351v1_genomic.fna.gz.gtf
Huada_FTP_update,33,20,??????,Agrostis stolonifera,allotetraploid,GCA_052724335.1_A.stonolifera_Declaration_hap2v1.0_genomic.fna.gz,Agrostis_stolonifera_GCA_052724335.1_A.stonolifera_Declaration_hap2v1.0_genomic.gtf,haplotype1,Poales,Poaceae,Commelinids,Monocots,yes,2026/1/16,Scientific Data,10.1038/s41597-026-06561-4,NA,2506,75862,NA,NA,PacBio;ONT;Illumina,HiFi,USA,yes,Hifiasm,TGS-GapCloser,YaHS,YaHS,no,/mnt/rice/data/Poaceae_Fan_longjiang/huada_update/Agrostis_stolonifera/GCA_052724335.1_A.stonolifera_Declaration_hap2v1.0_genomic.fna.gz,/mnt/rice/data/Poaceae_Fan_longjiang/huada_update/Agrostis_stolonifera/Agrostis_stolonifera_GCA_052724335.1_A.stonolifera_Declaration_hap2v1.0_genomic.gtf,/mnt/rice/data/Poaceae_Fan_longjiang/huada_update/Agrostis_stolonifera/GCA_052724335.1_A.stonolifera_Declaration_hap2v1.0_genomic.fna.gz,/mnt/rice/data/Poaceae_Fan_longjiang/huada_update/Agrostis_stolonifera/Agrostis_stolonifera_GCA_052724335.1_A.stonolifera_Declaration_hap2v1.0_genomic.gtf
原始数据可用,35,21,???????,Alloteropsis angusta,NA,GCA_037127165.1_AANG_UGA4_genomic.fna.gz,Alloteropsis_angusta_GCA_037127165.1_AANG_UGA4_genomic.gtf,AANG_UGA4,Poales,Poaceae,Commelinids,Monocots,no,2024/3/13,NA,GCA_037127165.1,NA,1535.690757,NA,NA,NA,NA,NA,NA,NA,NA,NA,NA,NA,NA,https://download.cncb.ac.cn/assembly/ncbi/Plants/GCA/037/127/Alloteropsis_angusta_monocots_AANG_UGA4_GCA_037127165.1/GCA_037127165.1_AANG_UGA4_genomic.fna.gz,NA,/mnt/rice/data/Poaceae_Fan_longjiang/genome/GCA_037127165.1_AANG_UGA4_genomic.fna.gz,/mnt/rice/data/Poaceae_Fan_longjiang/annotation/Plant_gtf3/Alloteropsis_angusta/Alloteropsis_angusta_GCA_037127165.1_AANG_UGA4_genomic.gtf
原始数据可用,36,22,??????,Alloteropsis semialata,NA,GCA_004135705.1_ASEM_AUS1_V1.0_genomic.fna.gz,Alloteropsis_semialata_GCA_004135705.1_ASEM_AUS1_V1.0_genomic.gtf,NA,Poales,Poaceae,Commelinids,Monocots,yes,2019/10/15,PNAS,30787193,1100,750,22043,82050,39.23,Illumina;PacBio,Other TGS,UK,yes,SOAPdenovo;DBG2OLC,NA,SSPACE;HiRise,HiRise,no,https://www.ncbi.nlm.nih.gov/datasets/genome/GCA_004135705.1/,https://doi.org/10.5061/dryad.bvq83bkjg??,/mnt/rice/data/Poaceae_Fan_longjiang/genome/GCA_004135705.1_ASEM_AUS1_V1.0_genomic.fna.gz,/mnt/rice/data/Poaceae_Fan_longjiang/annotation/Plant_gtf/Alloteropsis_semialata/Alloteropsis_semialata_GCA_004135705.1_ASEM_AUS1_V1.0_genomic.gtf
原始数据可用,37,23,??????,Alopecurus aequalis,diploid,GCA_964340505.1_Alaeq_EIv0.2_genomic.fna.gz,GCA_964340505.1_Alaeq_EIv0.2_genomic.gff.gz,haplotype 1,Poales,Poaceae,Commelinids,Monocots,yes,2024/12/18,Scientific Data,10.1038/s41597-024-04222-y,3450,2856.592317,33758,NA,347700.133,PacBio;Illumina,HiFi,UK,yes,Hifiasm,NA,YAHS,YAHS,no,https://ngdc.cncb.ac.cn/gwh/ncbi_assembly/2875242/show,https://ngdc.cncb.ac.cn/gwh/ncbi_assembly/2875242/show,/mnt/rice/data/Poaceae_Fan_longjiang/genome/GCA_964340505.1_Alaeq_EIv0.2_genomic.fna.gz,/mnt/rice/data/Poaceae_Fan_longjiang/annotation/GCA_964340505.1_Alaeq_EIv0.2_genomic.gff.gz
原始数据可用,38,24,???????,Alopecurus geniculatus,NA,GCA_965641495.1_lpAloGeni1.hap1.1_genomic.fna.gz,Alopecurus_geniculatus_GCA_965641495.1_lpAloGeni1.hap1.1_genomic.gtf,lpAloGeni1.hap1.1,Poales,Poaceae,Commelinids,Monocots,yes,2025/7/13,NA,GCA_965641495.1,NA,6196.785535,NA,NA,NA,NA,NA,NA,NA,NA,NA,NA,NA,NA,https://download.cncb.ac.cn/assembly/ncbi/Plants/GCA/965/641/Alopecurus_geniculatus_monocots_lpAloGeni1.hap1.1_GCA_965641495.1/GCA_965641495.1_lpAloGeni1.hap1.1_genomic.fna.gz,NA,/mnt/rice/data/Poaceae_Fan_longjiang/genome/GCA_965641495.1_lpAloGeni1.hap1.1_genomic.fna.gz,/mnt/rice/data/Poaceae_Fan_longjiang/annotation/Plant_gtf/Alopecurus_geniculatus/Alopecurus_geniculatus_GCA_965641495.1_lpAloGeni1.hap1.1_genomic.gtf
原始数据可用,40,25,??????,Alopecurus myosuroides,diploid,GCA_028641055.1_Alomy_genome_v1_genomic.fna.gz,Alopecurus_myosuroides_GCA_028641055.1_Alomy_genome_v1_genomic.gtf,NA,Poales,Poaceae,Commelinids,Monocots,yes,2022/12/1,New Phytologist,10.1111/nph.18655,3400,3572.044634,45263,2255.73,1189.615,PacBio;Illumina,Other TGS,USA,yes,Mecat,Arrow;Pilon,3D-DNA,3D-DNA,no,https://www.ncbi.nlm.nih.gov/datasets/genome/GCA_028641055.1/,https://ngdc.cncb.ac.cn/gwh/ncbi_assembly/2875242/show,/mnt/rice/data/Poaceae_Fan_longjiang/genome/GCA_028641055.1_Alomy_genome_v1_genomic.fna.gz,/mnt/rice/data/Poaceae_Fan_longjiang/annotation/Plant_gtf/Alopecurus_myosuroides/Alopecurus_myosuroides_GCA_028641055.1_Alomy_genome_v1_genomic.gtf
非UTR-缺注释,41,26,补充条目,Amblyopyrum muticum,NA,GCA_052815885.1_AAFC_Aemutica_IPK-AE465_v1_genomic.fna.gz,PRODUCTION_48_result.gtf,NA,Poales,Poaceae,Commelinids,Monocots,no,2025/9/24,NA,GCA_052815885.1,NA,10780.48,NA,NA,NA,NA,NA,NA,NA,NA,NA,NA,NA,NA,/mnt/rice/data/Poaceae_Fan_longjiang/genome/GCA_052815885.1_AAFC_Aemutica_IPK-AE465_v1_genomic.fna.gz,NA,/mnt/rice/data/Poaceae_Fan_longjiang/genome/GCA_052815885.1_AAFC_Aemutica_IPK-AE465_v1_genomic.fna.gz,/mnt/rice/data/Poaceae_Fan_longjiang/annotation/PRODUCTION_48_result.gtf
Huada_FTP_update,42,27,??????,Ampelocalamus luodianensis,tetraploid,GCA_036346255.1_KIB_Aluo_1_genomic.fna.gz,Ampelocalamus_luodianensis_GCA_036346255.1_KIB_Aluo_1_genomic.gtf,NA,Poales,Poaceae,Commelinids,Monocots,yes,2024/3/15,Nature Genetics,10.1038/s41588-024-01683-0,NA,NA,48870,NA,30.2,Illumina;ONT,ONT,China,yes,Canu;SMARTdenovo;NextDenovo,Racon;Nextpolish;Pilon,NA,LACHESIS,no,/mnt/rice/data/Poaceae_Fan_longjiang/huada_update/Ampelocalamus_luodianensis/GCA_036346255.1_KIB_Aluo_1_genomic.fna.gz,/mnt/rice/data/Poaceae_Fan_longjiang/huada_update/Ampelocalamus_luodianensis/Ampelocalamus_luodianensis_GCA_036346255.1_KIB_Aluo_1_genomic.gtf,/mnt/rice/data/Poaceae_Fan_longjiang/huada_update/Ampelocalamus_luodianensis/GCA_036346255.1_KIB_Aluo_1_genomic.fna.gz,/mnt/rice/data/Poaceae_Fan_longjiang/huada_update/Ampelocalamus_luodianensis/Ampelocalamus_luodianensis_GCA_036346255.1_KIB_Aluo_1_genomic.gtf
Huada_FTP_update,43,28,???????,Aristida adscensionis,NA,GCA_050947905.1_ASM5094790v1_genomic.fna.gz,Aristida_adscensionis_GCA_050947905.1_ASM5094790v1_genomic.gtf,NA,Poales,Poaceae,Commelinids,Monocots,no,2025/6/17,NA,GCA_050947905.1,NA,451.5123,NA,NA,NA,NA,NA,NA,NA,NA,NA,NA,NA,NA,/mnt/rice/data/Poaceae_Fan_longjiang/huada_update/Aristida_adscensionis/GCA_050947905.1_ASM5094790v1_genomic.fna.gz,/mnt/rice/data/Poaceae_Fan_longjiang/huada_update/Aristida_adscensionis/Aristida_adscensionis_GCA_050947905.1_ASM5094790v1_genomic.gtf,/mnt/rice/data/Poaceae_Fan_longjiang/huada_update/Aristida_adscensionis/GCA_050947905.1_ASM5094790v1_genomic.fna.gz,/mnt/rice/data/Poaceae_Fan_longjiang/huada_update/Aristida_adscensionis/Aristida_adscensionis_GCA_050947905.1_ASM5094790v1_genomic.gtf
UTR-HUADA问题,44,29,统计条目,Arundinella anomala,allotetraploid,GCA_055504895.1_ASM5550489v1_genomic.fna.gz,PRODUCTION_112_result.gtf,NA,Poales,Poaceae,Commelinids,Monocots,yes,2026/1/9,Nature Plants,10.1038/s41477-025-02183-7,2018,2017.69,78966,109800,87500,PacBio,HiFi,China,yes,Hifiasm,NA,LACHESIS?,HiC-Pro;LACHESIS?,no,/mnt/rice/data/Poaceae_Fan_longjiang/huada_update/Arundinella_anomala/GCA_055504895.1_ASM5550489v1_genomic.fna.gz,NA,/mnt/rice/data/Poaceae_Fan_longjiang/genome/GCA_055504895.1_ASM5550489v1_genomic.fna.gz,/mnt/rice/data/Poaceae_Fan_longjiang/annotation/PRODUCTION_112_result.gtf
原始数据可用,45,30,???????,Arundo donax,NA,GWHERLM00000000.genome.fasta.gz,GWHERLM00000000.gff.gz,NA,Poales,Poaceae,Commelinids,Monocots,yes,2024/6/24,NA,GWHERLM00000000,NA,1299.921,NA,NA,NA,NA,NA,NA,NA,NA,NA,NA,NA,NA,https://download.cncb.ac.cn/gwh/Plants/Arundo_donax_A.donax-V1_GWHERLM00000000/GWHERLM00000000.genome.fasta.gz,https://download.cncb.ac.cn/gwh/Plants/Arundo_donax_A.donaxNAV1_GWHERLM00000000/GWHERLM00000000.gff.gz,/mnt/rice/data/Poaceae_Fan_longjiang/genome/GWHERLM00000000.genome.fasta.gz,/mnt/rice/data/Poaceae_Fan_longjiang/annotation/GWHERLM00000000.gff.gz
原始数据可用,46,31,??????,Avena abyssinica,tetraploid,GCA_051171295.1_ASM5117129v1_genomic.fna.gz,Avena_abyssinica_GCA_051171295.1_ASM5117129v1_genomic.gtf,NA,Poales,Poaceae,Commelinids,Monocots,yes,2025/8/20,Nature Genetics,10.1038/s41588-025-02294-z,NA,6840,92661 ,NA,42060,PacBio;Illumina,HiFi,China,yes,Hifiasm,NA,Juicer;3D-DNA,Juicer;3D-DNA,pan-genome,https://ngdc.cncb.ac.cn/search/all?&q=PRJCA024628 & https://www.ncbi.nlm.nih.gov/bioproject/?term=PRJNA1200805,https://genomevolution.org/coge/NotebookView.pl?nid=3091,/mnt/rice/data/Poaceae_Fan_longjiang/genome/GCA_051171295.1_ASM5117129v1_genomic.fna.gz,/mnt/rice/data/Poaceae_Fan_longjiang/annotation/Plant_gtf/Avena_abyssinica/Avena_abyssinica_GCA_051171295.1_ASM5117129v1_genomic.gtf
原始数据可用,47,32,??????,Avena agadiriana,tetraploid,GCA_051175325.1_ASM5117532v1_genomic.fna.gz,Avena_agadiriana_GCA_051175325.1_ASM5117532v1_genomic.gtf,NA,Poales,Poaceae,Commelinids,Monocots,yes,2025/8/20,Nature Genetics,10.1038/s41588-025-02294-z,NA,7060,93848 ,NA,166650,PacBio;Illumina,HiFi,China,yes,Hifiasm,NA,Juicer;3D-DNA,Juicer;3D-DNA,pan-genome,https://ngdc.cncb.ac.cn/search/all?&q=PRJCA024628 & https://www.ncbi.nlm.nih.gov/bioproject/?term=PRJNA1200805,https://genomevolution.org/coge/NotebookView.pl?nid=3091,/mnt/rice/data/Poaceae_Fan_longjiang/genome/GCA_051175325.1_ASM5117532v1_genomic.fna.gz,/mnt/rice/data/Poaceae_Fan_longjiang/annotation/Plant_gtf/Avena_agadiriana/Avena_agadiriana_GCA_051175325.1_ASM5117532v1_genomic.gtf
Huada_FTP_update,48,33,??????,Avena atlantica,diploid,GCA_910589765.1_Avena_atlantica_CC7277_v1_assembly_genomic.fna.gz,Avena_atlantica_GCA_910589765.1_Avena_atlantica_CC7277_v1_assembly_genomic.gtf,NA,Poales,Poaceae,Commelinids,Monocots,yes,2019/11/22,BMC Biology,31757219,3720,3685,51223,513000,4310.367,Illumina;PacBio,Other TGS,USA,yes,Canu,Arrow;Pilon,HiRise,HiRise,no,/mnt/rice/data/Poaceae_Fan_longjiang/huada_update/Avena_atlantica/GCA_910589765.1_Avena_atlantica_CC7277_v1_assembly_genomic.fna.gz,/mnt/rice/data/Poaceae_Fan_longjiang/huada_update/Avena_atlantica/Avena_atlantica_GCA_910589765.1_Avena_atlantica_CC7277_v1_assembly_genomic.gtf,/mnt/rice/data/Poaceae_Fan_longjiang/huada_update/Avena_atlantica/GCA_910589765.1_Avena_atlantica_CC7277_v1_assembly_genomic.fna.gz,/mnt/rice/data/Poaceae_Fan_longjiang/huada_update/Avena_atlantica/Avena_atlantica_GCA_910589765.1_Avena_atlantica_CC7277_v1_assembly_genomic.gtf
Huada_FTP_update,50,34,??????,Avena barbata,allotetraploid,GCA_947310925.1_Abarbata_PI388828_v1.0_genomic.fna.gz,Avena_barbata_GCA_947310925.1_Abarbata_PI388828_v1.0_genomic.gtf,NA,Poales,Poaceae,Commelinids,Monocots,yes,2025/4/14,Journal of Integrative Plant Biology,10.1111/jipb.13902,6960,6882.44,93821,507161.01,53737.25,PacBio;Illumina,HiFi,China,yes,NA,NA,NA,NA,T2T,/mnt/rice/data/Poaceae_Fan_longjiang/huada_update/Avena_barbata/GCA_947310925.1_Abarbata_PI388828_v1.0_genomic.fna.gz,/mnt/rice/data/Poaceae_Fan_longjiang/huada_update/Avena_barbata/Avena_barbata_GCA_947310925.1_Abarbata_PI388828_v1.0_genomic.gtf,/mnt/rice/data/Poaceae_Fan_longjiang/huada_update/Avena_barbata/GCA_947310925.1_Abarbata_PI388828_v1.0_genomic.fna.gz,/mnt/rice/data/Poaceae_Fan_longjiang/huada_update/Avena_barbata/Avena_barbata_GCA_947310925.1_Abarbata_PI388828_v1.0_genomic.gtf
原始数据可用,51,35,??????,Avena brevis,diploid,GCA_051175485.1_ASM5117548v1_genomic.fna.gz,Avena_brevis_GCA_051175485.1_ASM5117548v1_genomic.gtf,NA,Poales,Poaceae,Commelinids,Monocots,yes,2025/8/20,Nature Genetics,10.1038/s41588-025-02294-z,NA,3670,44693 ,NA,121120,PacBio;Illumina,HiFi,China,yes,Hifiasm,NA,Juicer;3D-DNA,Juicer;3D-DNA,pan-genome,https://ngdc.cncb.ac.cn/search/all?&q=PRJCA024628 & https://www.ncbi.nlm.nih.gov/bioproject/?term=PRJNA1200805,https://genomevolution.org/coge/NotebookView.pl?nid=3091,/mnt/rice/data/Poaceae_Fan_longjiang/genome/GCA_051175485.1_ASM5117548v1_genomic.fna.gz,/mnt/rice/data/Poaceae_Fan_longjiang/annotation/Plant_gtf/Avena_brevis/Avena_brevis_GCA_051175485.1_ASM5117548v1_genomic.gtf
原始数据可用,52,36,??????,Avena byzantina,hexaploid,GCA_910574625.1_Avena_byzantina_PI258586_v1_assembly_genomic.fna.gz,Avena_byzantina_GCA_910574625.1_Avena_byzantina_PI258586_v1_assembly_genomic.gtf,PI258586,Poales,Poaceae,Commelinids,Monocots,yes,2025/10/29,Nature,10.1038/s41586-025-09919-7,NA,12799,106122 ,1000,NA,Illumina,NGS,Germany,yes,Minia,NA,SOAPDenovo,EMBOSS,pan-genome,https://www.ncbi.nlm.nih.gov/datasets/genome/GCA_910574625.1/,https://genomevolution.org/coge/NotebookView.pl?nid=3091,/mnt/rice/data/Poaceae_Fan_longjiang/genome/GCA_910574625.1_Avena_byzantina_PI258586_v1_assembly_genomic.fna.gz,/mnt/rice/data/Poaceae_Fan_longjiang/annotation/Plant_gtf/Avena_byzantina/Avena_byzantina_GCA_910574625.1_Avena_byzantina_PI258586_v1_assembly_genomic.gtf
原始数据可用,53,37,??????,Avena canariensis,diploid,GCA_051175435.1_ASM5117543v1_genomic.fna.gz,Avena_canariensis_GCA_051175435.1_ASM5117543v1_genomic.gtf,NA,Poales,Poaceae,Commelinids,Monocots,yes,2025/8/20,Nature Genetics,10.1038/s41588-025-02294-z,NA,3610,45916 ,NA,330510,PacBio;Illumina,HiFi,China,yes,Hifiasm,NA,Juicer;3D-DNA,Juicer;3D-DNA,pan-genome,https://ngdc.cncb.ac.cn/search/all?&q=PRJCA024628 & https://www.ncbi.nlm.nih.gov/bioproject/?term=PRJNA1200805,https://genomevolution.org/coge/NotebookView.pl?nid=3091,/mnt/rice/data/Poaceae_Fan_longjiang/genome/GCA_051175435.1_ASM5117543v1_genomic.fna.gz,/mnt/rice/data/Poaceae_Fan_longjiang/annotation/Plant_gtf/Avena_canariensis/Avena_canariensis_GCA_051175435.1_ASM5117543v1_genomic.gtf
原始数据可用,54,38,??????,Avena clauda,diploid,GCA_051175465.1_ASM5117546v1_genomic.fna.gz,Avena_clauda_GCA_051175465.1_ASM5117546v1_genomic.gtf,NA,Poales,Poaceae,Commelinids,Monocots,yes,2025/8/20,Nature Genetics,10.1038/s41588-025-02294-z,NA,4190,42171 ,NA,91540 ,PacBio;Illumina,HiFi,China,yes,Hifiasm,NA,Juicer;3D-DNA,Juicer;3D-DNA,pan-genome,https://ngdc.cncb.ac.cn/search/all?&q=PRJCA024628 & https://www.ncbi.nlm.nih.gov/bioproject/?term=PRJNA1200805,https://genomevolution.org/coge/NotebookView.pl?nid=3091,/mnt/rice/data/Poaceae_Fan_longjiang/genome/GCA_051175465.1_ASM5117546v1_genomic.fna.gz,/mnt/rice/data/Poaceae_Fan_longjiang/annotation/Plant_gtf/Avena_clauda/Avena_clauda_GCA_051175465.1_ASM5117546v1_genomic.gtf
原始数据可用,55,39,??????,Avena damascena,diploid,GCA_051175425.1_ASM5117542v1_genomic.fna.gz,Avena_damascena_GCA_051175425.1_ASM5117542v1_genomic.gtf,NA,Poales,Poaceae,Commelinids,Monocots,yes,2025/8/20,Nature Genetics,10.1038/s41588-025-02294-z,NA,3400,43732 ,NA,83770,PacBio;Illumina,HiFi,China,yes,Hifiasm,NA,Juicer;3D-DNA,Juicer;3D-DNA,pan-genome,https://ngdc.cncb.ac.cn/search/all?&q=PRJCA024628 & https://www.ncbi.nlm.nih.gov/bioproject/?term=PRJNA1200805,https://genomevolution.org/coge/NotebookView.pl?nid=3091,/mnt/rice/data/Poaceae_Fan_longjiang/genome/GCA_051175425.1_ASM5117542v1_genomic.fna.gz,/mnt/rice/data/Poaceae_Fan_longjiang/annotation/Plant_gtf/Avena_damascena/Avena_damascena_GCA_051175425.1_ASM5117542v1_genomic.gtf
Huada_FTP_update,56,40,??????,Avena eriantha,diploid,GCA_910589775.1_Avena_eriantha_BYU132_v1_assembly_genomic.fna.gz,Avena_eriantha_GCA_910589775.1_Avena_eriantha_BYU132_v1_assembly_genomic.gtf,NA,Poales,Poaceae,Commelinids,Monocots,yes,2019/11/22,BMC Biology,31757219,4170,3778,47361,534000,1314.218,Illumina;PacBio,Other TGS,USA,yes,Canu,Arrow;Pilon,HiRise,HiRise,no,/mnt/rice/data/Poaceae_Fan_longjiang/huada_update/Avena_eriantha/GCA_910589775.1_Avena_eriantha_BYU132_v1_assembly_genomic.fna.gz,/mnt/rice/data/Poaceae_Fan_longjiang/huada_update/Avena_eriantha/Avena_eriantha_GCA_910589775.1_Avena_eriantha_BYU132_v1_assembly_genomic.gtf,/mnt/rice/data/Poaceae_Fan_longjiang/huada_update/Avena_eriantha/GCA_910589775.1_Avena_eriantha_BYU132_v1_assembly_genomic.fna.gz,/mnt/rice/data/Poaceae_Fan_longjiang/huada_update/Avena_eriantha/Avena_eriantha_GCA_910589775.1_Avena_eriantha_BYU132_v1_assembly_genomic.gtf
Huada_FTP_update,58,41,??????,Avena fatua,hexaploid,GCA_051171255.1_ASM5117125v1_genomic.fna.gz,Avena_fatua_GCA_051171255.1_ASM5117125v1_genomic.gtf,W1004,Poales,Poaceae,Commelinids,Monocots,yes,2025/11/7,Nature Communications,10.1038/s41467-025-64825-w,NA,10980,135470,508490,473480,Illumina;PacBio;ONT,HiFi;ONT ultra long,China,yes,Hifiasm,NA,3D-DNA;Juicer,3D-DNA;Juicer,no,/mnt/rice/data/Poaceae_Fan_longjiang/huada_update/Avena_fatua/GCA_051171255.1_ASM5117125v1_genomic.fna.gz,/mnt/rice/data/Poaceae_Fan_longjiang/huada_update/Avena_fatua/Avena_fatua_GCA_947310975.1_Afatua_CN25955_v1.0_genomic.gtf,/mnt/rice/data/Poaceae_Fan_longjiang/huada_update/Avena_fatua/GCA_051171255.1_ASM5117125v1_genomic.fna.gz,/mnt/rice/data/Poaceae_Fan_longjiang/huada_update/Avena_fatua/Avena_fatua_GCA_051171255.1_ASM5117125v1_genomic.gtf
原始数据可用,59,42,??????,Avena hirtula,diploid,GCA_051175525.1_ASM5117552v1_genomic.fna.gz,Avena_hirtula_GCA_051175525.1_ASM5117552v1_genomic.gtf,NA,Poales,Poaceae,Commelinids,Monocots,yes,2025/8/20,Nature Genetics,10.1038/s41588-025-02294-z,NA,3610,43905 ,NA,66250,PacBio;Illumina,HiFi,China,yes,Hifiasm,NA,Juicer;3D-DNA,Juicer;3D-DNA,pan-genome,https://ngdc.cncb.ac.cn/search/all?&q=PRJCA024628 & https://www.ncbi.nlm.nih.gov/bioproject/?term=PRJNA1200805,https://ngdc.cncb.ac.cn/gwh/Assembly/86206/show,/mnt/rice/data/Poaceae_Fan_longjiang/genome/GCA_051175525.1_ASM5117552v1_genomic.fna.gz,/mnt/rice/data/Poaceae_Fan_longjiang/annotation/Plant_gtf/Avena_hirtula/Avena_hirtula_GCA_051175525.1_ASM5117552v1_genomic.gtf
原始数据可用,60,43,??????,Avena hispanica,diploid,GCA_051175545.1_ASM5117554v1_genomic.fna.gz,Avena_hispanica_GCA_051175545.1_ASM5117554v1_genomic.gtf,NA,Poales,Poaceae,Commelinids,Monocots,yes,2025/8/20,Nature Genetics,10.1038/s41588-025-02294-z,NA,3940,59955,NA,108300,PacBio;Illumina,HiFi,China,yes,Hifiasm,NA,Juicer;3D-DNA,Juicer;3D-DNA,pan-genome,https://ngdc.cncb.ac.cn/search/all?&q=PRJCA024628 & https://www.ncbi.nlm.nih.gov/bioproject/?term=PRJNA1200805,https://ngdc.cncb.ac.cn/gwh/Assembly/86206/show,/mnt/rice/data/Poaceae_Fan_longjiang/genome/GCA_051175545.1_ASM5117554v1_genomic.fna.gz,/mnt/rice/data/Poaceae_Fan_longjiang/annotation/Plant_gtf/Avena_hispanica/Avena_hispanica_GCA_051175545.1_ASM5117554v1_genomic.gtf
Huada_FTP_update,61,44,??????,Avena insularis,tetraploid,GCA_910574615.1_Avena_insularis_BYU209_v1_assembly_genomic.fna.gz,Avena_insularis_GCA_910574615.1_Avena_insularis_BYU209_v1_assembly_genomic.gtf,CN108634,Poales,Poaceae,Commelinids,Monocots,yes,2022/7/18,Nature Genetics,10.1038/s41588-022-01127-7,7300,7519,89995,NA,5637,ONT;Illumina,Other TGS,China,yes,NextDenovo,Racon;Nextpolish,LACHESIS,LACHESIS,no,/mnt/rice/data/Poaceae_Fan_longjiang/huada_update/Avena_insularis/GCA_910574615.1_Avena_insularis_BYU209_v1_assembly_genomic.fna.gz,/mnt/rice/data/Poaceae_Fan_longjiang/huada_update/Avena_insularis/Avena_insularis_GCA_910574615.1_Avena_insularis_BYU209_v1_assembly_genomic.gtf,/mnt/rice/data/Poaceae_Fan_longjiang/huada_update/Avena_insularis/GCA_910574615.1_Avena_insularis_BYU209_v1_assembly_genomic.fna.gz,/mnt/rice/data/Poaceae_Fan_longjiang/huada_update/Avena_insularis/Avena_insularis_GCA_910574615.1_Avena_insularis_BYU209_v1_assembly_genomic.gtf
Huada_FTP_update,62,45,??????,Avena longiglumis,diploid,GCA_030063025.1_ASM3006302v1_genomic.fna.gz,Avena_longiglumis_GCA_030063025.1_ASM3006302v1_genomic.gtf,PI 657387,Poales,Poaceae,Commelinids,Monocots,yes,2023/12/8,BMC Plant Biology,10.1186/s12870-023-04644-7,3965.67,3960.76857,40845,527343.613,12682.464,ONT;Illumina,Other TGS,China,yes,NA,NA,NA,NA,NA,/mnt/rice/data/Poaceae_Fan_longjiang/huada_update/Avena_longiglumis/GCA_030063025.1_ASM3006302v1_genomic.fna.gz,/mnt/rice/data/Poaceae_Fan_longjiang/huada_update/Avena_longiglumis/Avena_longiglumis_GCA_030063025.1_ASM3006302v1_genomic.gtf,/mnt/rice/data/Poaceae_Fan_longjiang/huada_update/Avena_longiglumis/GCA_030063025.1_ASM3006302v1_genomic.fna.gz,/mnt/rice/data/Poaceae_Fan_longjiang/huada_update/Avena_longiglumis/Avena_longiglumis_GCA_030063025.1_ASM3006302v1_genomic.gtf
原始数据可用,64,46,???????,Avena magna,NA,GCA_947310255.1_Asativa_cv_Amagalon_v1.0_genomic.fna.gz,Avena_magna_GCA_947310255.1_Asativa_cv_Amagalon_v1.0_genomic.gtf,Asativa_cv_Amagalon_v1.0,Poales,Poaceae,Commelinids,Monocots,yes,2025/8/13,NA,GCA_947310255.1,NA,11436.98707,NA,NA,NA,NA,NA,NA,NA,NA,NA,NA,NA,NA,https://download.cncb.ac.cn/assembly/ncbi/Plants/GCA/947/310/Avena_magna_monocots_Asativa_cv_Amagalon_v1.0_GCA_947310255.1/GCA_947310255.1_Asativa_cv_Amagalon_v1.0_genomic.fna.gz,NA,/mnt/rice/data/Poaceae_Fan_longjiang/genome/GCA_947310255.1_Asativa_cv_Amagalon_v1.0_genomic.fna.gz,/mnt/rice/data/Poaceae_Fan_longjiang/annotation/Plant_gtf/Avena_magna/Avena_magna_GCA_947310255.1_Asativa_cv_Amagalon_v1.0_genomic.gtf
原始数据可用,65,47,??????,Avena maroccana,tetraploid,GCA_051175335.1_ASM5117533v1_genomic.fna.gz,Avena_maroccana_GCA_051175335.1_ASM5117533v1_genomic.gtf,NA,Poales,Poaceae,Commelinids,Monocots,yes,2025/8/20,Nature Genetics,10.1038/s41588-025-02294-z,NA,7740,96131,NA,113310,PacBio;Illumina,HiFi,China,yes,Hifiasm,NA,Juicer;3D-DNA,Juicer;3D-DNA,pan-genome,https://ngdc.cncb.ac.cn/search/all?&q=PRJCA024628 & https://www.ncbi.nlm.nih.gov/bioproject/?term=PRJNA1200805,https://ngdc.cncb.ac.cn/gwh/Assembly/86206/show,/mnt/rice/data/Poaceae_Fan_longjiang/genome/GCA_051175335.1_ASM5117533v1_genomic.fna.gz,/mnt/rice/data/Poaceae_Fan_longjiang/annotation/Plant_gtf/Avena_maroccana/Avena_maroccana_GCA_051175335.1_ASM5117533v1_genomic.gtf
原始数据可用,66,48,??????,Avena murphyi,tetraploid,GCA_051175585.1_ASM5117558v1_genomic.fna.gz,Avena_murphyi_GCA_051175585.1_ASM5117558v1_genomic.gtf,NA,Poales,Poaceae,Commelinids,Monocots,yes,2025/8/20,Nature Genetics,10.1038/s41588-025-02294-z,NA,7830,96971 ,NA,131390,PacBio;Illumina,HiFi,China,yes,Hifiasm,NA,Juicer;3D-DNA,Juicer;3D-DNA,pan-genome,https://ngdc.cncb.ac.cn/search/all?&q=PRJCA024628 & https://www.ncbi.nlm.nih.gov/bioproject/?term=PRJNA1200805,https://ngdc.cncb.ac.cn/gwh/Assembly/86206/show,/mnt/rice/data/Poaceae_Fan_longjiang/genome/GCA_051175585.1_ASM5117558v1_genomic.fna.gz,/mnt/rice/data/Poaceae_Fan_longjiang/annotation/Plant_gtf/Avena_murphyi/Avena_murphyi_GCA_051175585.1_ASM5117558v1_genomic.gtf
原始数据可用,67,49,??????,Avena nuda,diploid,GCA_051175495.1_ASM5117549v1_genomic.fna.gz,Avena_nuda_GCA_051175495.1_ASM5117549v1_genomic.gtf,NA,Poales,Poaceae,Commelinids,Monocots,yes,2025/8/20,Nature Genetics,10.1038/s41588-025-02294-z,NA,3570,47342,NA,201420,PacBio;Illumina,HiFi,China,yes,Hifiasm,NA,Juicer;3D-DNA,Juicer;3D-DNA,pan-genome,https://ngdc.cncb.ac.cn/search/all?&q=PRJCA024628 & https://www.ncbi.nlm.nih.gov/bioproject/?term=PRJNA1200805,https://ngdc.cncb.ac.cn/gwh/Assembly/86206/show,/mnt/rice/data/Poaceae_Fan_longjiang/genome/GCA_051175495.1_ASM5117549v1_genomic.fna.gz,/mnt/rice/data/Poaceae_Fan_longjiang/annotation/Plant_gtf/Avena_nuda/Avena_nuda_GCA_051175495.1_ASM5117549v1_genomic.gtf
原始数据可用,68,50,??????,Avena occidentalis,hexaploid,GCA_051171225.1_ASM5117122v1_genomic.fna.gz,Avena_occidentalis_GCA_051171225.1_ASM5117122v1_genomic.gtf,W0039,Poales,Poaceae,Commelinids,Monocots,yes,2025/8/20,Nature Genetics,10.1038/s41588-025-02294-z,NA,10940,132046,NA,12000,PacBio;Illumina,HiFi,China,yes,Hifiasm,NA,Juicer;3D-DNA,Juicer;3D-DNA,pan-genome,https://ngdc.cncb.ac.cn/search/all?&q=PRJCA024628 & https://www.ncbi.nlm.nih.gov/bioproject/?term=PRJNA1200805,https://ngdc.cncb.ac.cn/gwh/Assembly/86206/show,/mnt/rice/data/Poaceae_Fan_longjiang/genome/GCA_051171225.1_ASM5117122v1_genomic.fna.gz,/mnt/rice/data/Poaceae_Fan_longjiang/annotation/Plant_gtf/Avena_occidentalis/Avena_occidentalis_GCA_051171225.1_ASM5117122v1_genomic.gtf
Huada_FTP_update,70,51,??????,Avena sativa,hexaploid,GCA_951802345.1_Asativa_cv_Williams_v1.0_genomic.fna.gz,Avena_sativa_GCA_951802345.1_Asativa_cv_Williams_v1.0_genomic.gtf,C0191,Poales,Poaceae,Commelinids,Monocots,yes,2025/8/20,Nature Genetics,10.1038/s41588-025-02294-z,NA,10940,131823,NA,429520,PacBio;Illumina,HiFi,China,yes,Hifiasm,NA,Juicer;3D-DNA,Juicer;3D-DNA,pan-genome,/mnt/rice/data/Poaceae_Fan_longjiang/huada_update/Avena_sativa/GCA_951802345.1_Asativa_cv_Williams_v1.0_genomic.fna.gz,/mnt/rice/data/Poaceae_Fan_longjiang/huada_update/Avena_sativa/Avena_sativa_GCA_951802345.1_Asativa_cv_Williams_v1.0_genomic.gtf,/mnt/rice/data/Poaceae_Fan_longjiang/huada_update/Avena_sativa/GCA_951802345.1_Asativa_cv_Williams_v1.0_genomic.fna.gz,/mnt/rice/data/Poaceae_Fan_longjiang/huada_update/Avena_sativa/Avena_sativa_GCA_951802345.1_Asativa_cv_Williams_v1.0_genomic.gtf
Huada_FTP_update,83,52,??????,Avena sterilis,hexaploid,GCA_947313225.1_Asterilis_TN1_v1.0_genomic.fna.gz,Avena_sterilis_GCA_947313225.1_Asterilis_TN1_v1.0_genomic.gtf,W038,Poales,Poaceae,Commelinids,Monocots,yes,2024/12/3,Nature Plants,10.1038/s41477-024-01866-x,NA,10990,133364,440980,NA,PacBio;Illumina;ONT,HiFi;NGS;ONT ultra long,China,yes,Hifiasm,Racon,NA,3D-DNA;Juicer,T2T,/mnt/rice/data/Poaceae_Fan_longjiang/huada_update/Avena_sterilis/GCA_947313225.1_Asterilis_TN1_v1.0_genomic.fna.gz,/mnt/rice/data/Poaceae_Fan_longjiang/huada_update/Avena_sterilis/Avena_sterilis_GCA_947313225.1_Asterilis_TN1_v1.0_genomic.gtf,/mnt/rice/data/Poaceae_Fan_longjiang/huada_update/Avena_sterilis/GCA_947313225.1_Asterilis_TN1_v1.0_genomic.fna.gz,/mnt/rice/data/Poaceae_Fan_longjiang/huada_update/Avena_sterilis/Avena_sterilis_GCA_947313225.1_Asterilis_TN1_v1.0_genomic.gtf
原始数据可用,84,53,???????,Avena vaviloviana,NA,GCA_051171275.1_ASM5117127v1_genomic.fna.gz,Avena_vaviloviana_GCA_051171275.1_ASM5117127v1_genomic.gtf,ASM5117127v1,Poales,Poaceae,Commelinids,Monocots,yes,2025/7/2,NA,GCA_051171275.1,NA,6848.497583,NA,NA,NA,NA,NA,NA,NA,NA,NA,NA,NA,NA,https://download.cncb.ac.cn/assembly/ncbi/Plants/GCA/051/171/Avena_vaviloviana_monocots_ASM5117127v1_GCA_051171275.1/GCA_051171275.1_ASM5117127v1_genomic.fna.gz,NA,/mnt/rice/data/Poaceae_Fan_longjiang/genome/GCA_051171275.1_ASM5117127v1_genomic.fna.gz,/mnt/rice/data/Poaceae_Fan_longjiang/annotation/Plant_gtf/Avena_vaviloviana/Avena_vaviloviana_GCA_051171275.1_ASM5117127v1_genomic.gtf
非UTR-缺注释,86,54,统计条目,Bambusa odashimae,NA,phased.genome.fasta,PRODUCTION_49_result.gtf,NA,Poales,Poaceae,Commelinids,Monocots,yes,2024/9/4,Horticulture Research,10.1093/hr/uhae250,3640,3360,141732,14810,NA,ONT;Illumina,ONT,China,yes,NextDenovo,Nextpolish,NA,LACHESIS,no,/mnt/rice/data/Poaceae_Fan_longjiang/genome/phased.genome.fasta,NA,/mnt/rice/data/Poaceae_Fan_longjiang/genome/phased.genome.fasta,/mnt/rice/data/Poaceae_Fan_longjiang/annotation/PRODUCTION_49_result.gtf
原始数据可用,87,55,??????,Bambusa oldhamii,hexaploid,GCA_052818405.1_ZAAS_BaOldh_V1_genomic.fna.gz,Bambusa_oldhamii_GCA_052818405.1_ZAAS_BaOldh_V1_genomic.gtf,NA,Poales,Poaceae,Commelinids,Monocots,yes,2025/11/3,BMC Plant Biology,10.1186/s12870-025-07529-z,NA,1446,88140 ,38936,NA,PacBio,HiFi,China,yes,NA,NA,Juicer;3D-DNA,Juicer;3D-DNA,no,https://www.ncbi.nlm.nih.gov/datasets/genome/GCA_052818405.1/,https://ngdc.cncb.ac.cn/gwh/Assembly/86206/show,/mnt/rice/data/Poaceae_Fan_longjiang/genome/GCA_052818405.1_ZAAS_BaOldh_V1_genomic.fna.gz,/mnt/rice/data/Poaceae_Fan_longjiang/annotation/Plant_gtf/Bambusa_oldhamii/Bambusa_oldhamii_GCA_052818405.1_ZAAS_BaOldh_V1_genomic.gtf
Huada_FTP_update,88,56,??????,Bambusa tulda,hexaploid,GCA_965643865.2_Bambusa_tulda_genome_annotation_genomic.fna.gz,Bambusa_tulda_GCA_965643865.2_Bambusa_tulda_genome_annotation_genomic.gtf,haplotype,Poales,Poaceae,Commelinids,Monocots,no,2026/2/4,Scientific Data,10.1038/s41597-026-06679-5,1170,1370,56890,NA,35690,PacBio;Illumina,HiFi,India,no,PacBio;Illumian,HiFi,NA,Hifiasm,no,/mnt/rice/data/Poaceae_Fan_longjiang/huada_update/Bambusa_tulda/GCA_965643865.2_Bambusa_tulda_genome_annotation_genomic.fna.gz,/mnt/rice/data/Poaceae_Fan_longjiang/huada_update/Bambusa_tulda/Bambusa_tulda_GCA_965643865.2_Bambusa_tulda_genome_annotation_genomic.gtf,/mnt/rice/data/Poaceae_Fan_longjiang/huada_update/Bambusa_tulda/GCA_965643865.2_Bambusa_tulda_genome_annotation_genomic.fna.gz,/mnt/rice/data/Poaceae_Fan_longjiang/huada_update/Bambusa_tulda/Bambusa_tulda_GCA_965643865.2_Bambusa_tulda_genome_annotation_genomic.gtf
Huada_FTP_update,89,57,???????,Beckmannia syzigachne,NA,GCA_040954875.1_ASM4095487v1_genomic.fna.gz,Beckmannia_syzigachne_GCA_040954875.1_ASM4095487v1_genomic.gtf,NA,Poales,Poaceae,Commelinids,Monocots,yes,2024/3/20,NA,GWHERLE00000000,NA,2786.5776,NA,NA,NA,NA,NA,NA,NA,NA,NA,NA,NA,NA,/mnt/rice/data/Poaceae_Fan_longjiang/huada_update/Beckmannia_syzigachne/GCA_040954875.1_ASM4095487v1_genomic.fna.gz,/mnt/rice/data/Poaceae_Fan_longjiang/huada_update/Beckmannia_syzigachne/Beckmannia_syzigachne_GCA_040954875.1_ASM4095487v1_genomic.gtf,/mnt/rice/data/Poaceae_Fan_longjiang/huada_update/Beckmannia_syzigachne/GCA_040954875.1_ASM4095487v1_genomic.fna.gz,/mnt/rice/data/Poaceae_Fan_longjiang/huada_update/Beckmannia_syzigachne/Beckmannia_syzigachne_GCA_040954875.1_ASM4095487v1_genomic.gtf
Huada_FTP_update,92,58,??????,Bonia amplexicaulis,hexaploid,GCA_036346245.1_KIB_Bamp_2_genomic.fna.gz,Bonia_amplexicaulis_GCA_036346245.1_KIB_Bamp_2_genomic.gtf,NA,Poales,Poaceae,Commelinids,Monocots,yes,2024/3/15,"Ma et al., Genome assemblies of 11 bamboo species highlight diversification induced by dynamic subgenome dominance. Nature Genetics. 2024",10.1038/s41588-024-01683-0,870,850.46,47213,22770.75 ,2704.26 ,ONT,ONT,China,yes,CANU;SMARTdenovo;NextDenovo,Racon;Nextpolish;Pilon,LACHESIS,BWA;HiC-Pro;LACHESIS,pan-genome,/mnt/rice/data/Poaceae_Fan_longjiang/huada_update/Bonia_amplexicaulis/GCA_036346245.1_KIB_Bamp_2_genomic.fna.gz,/mnt/rice/data/Poaceae_Fan_longjiang/huada_update/Bonia_amplexicaulis/Bonia_amplexicaulis_GCA_036346245.1_KIB_Bamp_2_genomic.gtf,/mnt/rice/data/Poaceae_Fan_longjiang/huada_update/Bonia_amplexicaulis/GCA_036346245.1_KIB_Bamp_2_genomic.fna.gz,/mnt/rice/data/Poaceae_Fan_longjiang/huada_update/Bonia_amplexicaulis/Bonia_amplexicaulis_GCA_036346245.1_KIB_Bamp_2_genomic.gtf
原始数据可用,94,59,??????,Bothriochloa decipiens,NA,GCA_023333625.1_ASM2333362v1_genomic.fna.gz,Bothriochloa_decipiens_GCA_023333625.1_ASM2333362v1_genomic.gtf,COB1-7,Poales,Poaceae,Commelinids,Monocots,yes,2023/5/12,GigaScience,10.1093/gigascience/giad034,1250,1218.22,60652,53950,80.2,Illumina,NGS,Australia,yes,Supernova,NA,HiRise,HiRise,no,https://www.ncbi.nlm.nih.gov/datasets/genome/GCA_023333625.1/,https://genomevolution.org/coge/NotebookView.pl?nid=3091,/mnt/rice/data/Poaceae_Fan_longjiang/genome/GCA_023333625.1_ASM2333362v1_genomic.fna.gz,/mnt/rice/data/Poaceae_Fan_longjiang/annotation/Plant_gtf/Bothriochloa_decipiens/Bothriochloa_decipiens_GCA_023333625.1_ASM2333362v1_genomic.gtf
Huada_FTP_update,154,60,??????,Brachypodium distachyon,diploid,GCA_000005505.4_Brachypodium_distachyon_v3.0_genomic.fna.gz,Brachypodium_distachyon_GCA_000005505.4_Brachypodium_distachyon_v3.0_genomic.gtf,Bd21,Poales,Poaceae,Commelinids,Monocots,yes,2024/3/4,Genome biology,10.1186/s13059-024-03206-w,NA,19700,34305,60349.883,60300,PacBio;BGI;Illumina,HiFi;NGS;other TGS,China,yes,Hifiasm,NA,3D-DNA,3D-DNA;Juicer,T2T,/mnt/rice/data/Poaceae_Fan_longjiang/huada_update/Brachypodium_distachyon/GCA_000005505.4_Brachypodium_distachyon_v3.0_genomic.fna.gz,/mnt/rice/data/Poaceae_Fan_longjiang/huada_update/Brachypodium_distachyon/Brachypodium_distachyon_GCA_000005505.4_Brachypodium_distachyon_v3.0_genomic.gtf,/mnt/rice/data/Poaceae_Fan_longjiang/huada_update/Brachypodium_distachyon/GCA_000005505.4_Brachypodium_distachyon_v3.0_genomic.fna.gz,/mnt/rice/data/Poaceae_Fan_longjiang/huada_update/Brachypodium_distachyon/Brachypodium_distachyon_GCA_000005505.4_Brachypodium_distachyon_v3.0_genomic.gtf
Huada_FTP_update,156,61,??????,Brachypodium hybridum,allotetraploid,GCA_036872515.1_ASM3687251v1_genomic.fna.gz,Brachypodium_hybridum_GCA_036872515.1_ASM3687251v1_genomic.gtf,IBd483,Poales,Poaceae,Commelinids,Monocots,yes,2024/3/4,Genome biology,10.1186/s13059-024-03206-w,NA,39600,69991,32250.776,29700,PacBio;BGI;Illumina,HiFi;NGS;other TGS,China,yes,Hifiasm,NA,3D-DNA,3D-DNA;Juicer,T2T,/mnt/rice/data/Poaceae_Fan_longjiang/huada_update/Brachypodium_hybridum/GCA_036872515.1_ASM3687251v1_genomic.fna.gz,/mnt/rice/data/Poaceae_Fan_longjiang/huada_update/Brachypodium_hybridum/Brachypodium_hybridum_GCA_036872515.1_ASM3687251v1_genomic.gtf,/mnt/rice/data/Poaceae_Fan_longjiang/huada_update/Brachypodium_hybridum/GCA_036872515.1_ASM3687251v1_genomic.fna.gz,/mnt/rice/data/Poaceae_Fan_longjiang/huada_update/Brachypodium_hybridum/Brachypodium_hybridum_GCA_036872515.1_ASM3687251v1_genomic.gtf
非UTR-缺注释,159,62,统计条目,Brachypodium stacei,diploid,Bstacei_316_v1.0.fa.gz,Bstacei_316_v1.1.gene_exons.gff3.gz,Bst99,Poales,Poaceae,Commelinids,Monocots,yes,2024/3/4,Genome biology,10.1186/s13059-024-03206-w,NA,19400,29801,26108.307,22900,PacBio;BGI;Illumina,HiFi;NGS;other TGS,China,yes,Hifiasm,NA,3D-DNA,3D-DNA;Juicer,T2T,/mnt/rice/data/Poaceae_Fan_longjiang/genome/GWHDUCX00000000.genome.fasta.gz,NA,/mnt/rice/data/Poaceae_Fan_longjiang/genome/Bstacei_316_v1.0.fa.gz,/mnt/rice/data/Poaceae_Fan_longjiang/annotation/Bstacei_316_v1.1.gene_exons.gff3.gz
Huada_FTP_update,160,63,??????,Brachypodium sylvaticum,diploid,GCA_040967415.1_ASM4096741v1_genomic.fna.gz,Brachypodium_sylvaticum_GCA_040967415.1_ASM4096741v1_genomic.gtf,Ain1,Poales,Poaceae,Commelinids,Monocots,yes,2023/10/26,G3-Genes Genomes Genetics,10.1093/g3journal/jkad245,360,358.28,36927,5000,844,PacBio;Illumina,Other TGS,USA,no,Falcon,Quiver,NA,NA,no,/mnt/rice/data/Poaceae_Fan_longjiang/huada_update/Brachypodium_sylvaticum/GCA_040967415.1_ASM4096741v1_genomic.fna.gz,/mnt/rice/data/Poaceae_Fan_longjiang/huada_update/Brachypodium_sylvaticum/Brachypodium_sylvaticum_GCA_040967415.1_ASM4096741v1_genomic.gtf,/mnt/rice/data/Poaceae_Fan_longjiang/huada_update/Brachypodium_sylvaticum/GCA_040967415.1_ASM4096741v1_genomic.fna.gz,/mnt/rice/data/Poaceae_Fan_longjiang/huada_update/Brachypodium_sylvaticum/Brachypodium_sylvaticum_GCA_040967415.1_ASM4096741v1_genomic.gtf
原始数据可用,161,64,??????,Bromus sterilis,diploid,GCA_950022295.1_lpBroSter1.1_genomic.fna.gz,Bromus_sterilis_GCA_950022295.1_lpBroSter1.1_genomic.gtf,KDTOL10166,Poales,Poaceae,Commelinids,Monocots,yes,2024/9/18,Wellcome Open Research,10.12688/wellcomeopenres.22994.2,3120,2677.9,29147 ,379500,338400,PacBio,HiFi,UK,yes,Hifiasm,NA,NA,BWA;YAHS,no,https://identifiers.org/ena.embl/PRJEB60321,https:// ngdc. cncb. ac. cn/ gwh/ Assembly/ 68115/ show,/mnt/rice/data/Poaceae_Fan_longjiang/genome/GCA_950022295.1_lpBroSter1.1_genomic.fna.gz,/mnt/rice/data/Poaceae_Fan_longjiang/annotation/Plant_gtf/Bromus_sterilis/Bromus_sterilis_GCA_950022295.1_lpBroSter1.1_genomic.gtf
原始数据可用,162,65,???????,Bromus tectorum,NA,GCA_042919945.1_lpBroTect1.o.p_genomic.fna.gz,Bromus_tectorum_GCA_042919945.1_lpBroTect1.o.p_genomic.gtf,lpBroTect1.o.p,Poales,Poaceae,Commelinids,Monocots,no,2024/10/15,NA,GCA_042919945.1,NA,2188.57379,NA,NA,NA,NA,NA,NA,NA,NA,NA,NA,NA,NA,https://download.cncb.ac.cn/assembly/ncbi/Plants/GCA/042/919/Bromus_tectorum_monocots_lpBroTect1.o.p_GCA_042919945.1/GCA_042919945.1_lpBroTect1.o.p_genomic.fna.gz,NA,/mnt/rice/data/Poaceae_Fan_longjiang/genome/GCA_042919945.1_lpBroTect1.o.p_genomic.fna.gz,/mnt/rice/data/Poaceae_Fan_longjiang/annotation/Plant_gtf3/Bromus_tectorum/Bromus_tectorum_GCA_042919945.1_lpBroTect1.o.p_genomic.gtf
原始数据可用,164,66,???????,Campeiostachys kamoji,NA,GWHFLAD00000000.1.genome.fasta.gz,GWHFLAD00000000.1.gff.gz,NA,Poales,Poaceae,Commelinids,Monocots,yes,2025/2/13,NA,GWHFLAD00000000.1,NA,11136.9405,NA,NA,NA,NA,NA,NA,NA,NA,NA,NA,NA,NA,https://download.cncb.ac.cn/gwh/Plants/Campeiostachys_kamoji_Roegneria_kamoji_GWHFLAD00000000.1/GWHFLAD00000000.1.genome.fasta.gz,https://download.cncb.ac.cn/gwh/Plants/Campeiostachys_kamoji_Roegneria_kamoji_GWHFLAD00000000.1/GWHFLAD00000000.1.gff.gz,/mnt/rice/data/Poaceae_Fan_longjiang/genome/GWHFLAD00000000.1.genome.fasta.gz,/mnt/rice/data/Poaceae_Fan_longjiang/annotation/GWHFLAD00000000.1.gff.gz
Huada_FTP_update,166,67,??????,Cenchrus americanus,diploid,GCA_963924085.1_AwK_v01_genomic.fna.gz,Cenchrus_americanus_GCA_963924085.1_AwK_v01_genomic.gtf,NA,Poales,Poaceae,Commelinids,Monocots,yes,2017/9/18,Nature Biotechnology,28922347,2350,1790,38579,884.95,18.18,Illumina,NGS,India,no,SOAPdenovo,NA,ALLMAPS,NA,no,/mnt/rice/data/Poaceae_Fan_longjiang/huada_update/Cenchrus_americanus/GCA_963924085.1_AwK_v01_genomic.fna.gz,/mnt/rice/data/Poaceae_Fan_longjiang/huada_update/Cenchrus_americanus/Cenchrus_americanus_GCA_963924085.1_AwK_v01_genomic.gtf,/mnt/rice/data/Poaceae_Fan_longjiang/huada_update/Cenchrus_americanus/GCA_963924085.1_AwK_v01_genomic.fna.gz,/mnt/rice/data/Poaceae_Fan_longjiang/huada_update/Cenchrus_americanus/Cenchrus_americanus_GCA_963924085.1_AwK_v01_genomic.gtf
原始数据可用,167,68,???????,Cenchrus clandestinus,NA,GCA_051254175.1_ASM5125417v1_genomic.fna.gz,Cenchrus_clandestinus_GCA_051254175.1_ASM5125417v1_genomic.gtf,ASM5125417v1,Poales,Poaceae,Commelinids,Monocots,no,2025/7/8,NA,GCA_051254175.1,NA,1849.735317,NA,NA,NA,NA,NA,NA,NA,NA,NA,NA,NA,NA,https://download.cncb.ac.cn/assembly/ncbi/Plants/GCA/051/254/Cenchrus_clandestinus_monocots_ASM5125417v1_GCA_051254175.1/GCA_051254175.1_ASM5125417v1_genomic.fna.gz,NA,/mnt/rice/data/Poaceae_Fan_longjiang/genome/GCA_051254175.1_ASM5125417v1_genomic.fna.gz,/mnt/rice/data/Poaceae_Fan_longjiang/annotation/Plant_gtf3/Cenchrus_clandestinus/Cenchrus_clandestinus_GCA_051254175.1_ASM5125417v1_genomic.gtf
原始数据可用,168,69,??????,Cenchrus fungigraminus,tetraploid,GWHBWDX00000000.1.genome.fasta.gz,GWHBWDX00000000.1.gff.gz,NA,Poales,Poaceae,Commelinids,Monocots,yes,2023/6/3,Plant Communications,10.1016/j.xplc.2023.100633,2070,1990,68526,NA,134075,PacBio;Illumina,HiFi,China,yes,Hifiasm,NextPolish,ALLHIC,ALLHIC,T2T,https://ngdc.cncb.ac.cn/search/?dbId=gwh&q=GWHBWDX00000000.1,https:// ngdc. cncb. ac. cn/ gwh/ Assembly/ 68115/ show,/mnt/rice/data/Poaceae_Fan_longjiang/genome/GWHBWDX00000000.1.genome.fasta.gz,/mnt/rice/data/Poaceae_Fan_longjiang/annotation/GWHBWDX00000000.1.gff.gz
Huada_FTP_update,169,70,??????,Cenchrus purpureus,NA,GCA_022644695.1_ASM2264469v1_genomic.fna.gz,Cenchrus_purpureus_GCA_022644695.1_ASM2264469v1_genomic.gtf,NA,Poales,Poaceae,Commelinids,Monocots,yes,2020/10/11,Molecular Ecology Resources,33040437,1970,1901,65927,150000,1820,Illumina;ONT,Other TGS,China,yes,SMARTdenovo,Pilon,LACHESIS,LACHESIS,no,/mnt/rice/data/Poaceae_Fan_longjiang/huada_update/Cenchrus_purpureus/GCA_022644695.1_ASM2264469v1_genomic.fna.gz,/mnt/rice/data/Poaceae_Fan_longjiang/huada_update/Cenchrus_purpureus/Cenchrus_purpureus_GCA_022644695.1_ASM2264469v1_genomic.gtf,/mnt/rice/data/Poaceae_Fan_longjiang/huada_update/Cenchrus_purpureus/GCA_022644695.1_ASM2264469v1_genomic.fna.gz,/mnt/rice/data/Poaceae_Fan_longjiang/huada_update/Cenchrus_purpureus/Cenchrus_purpureus_GCA_022644695.1_ASM2264469v1_genomic.gtf
UTR-HUADA问题,170,71,补充条目,Chasmanthium latifolium,NA,GWHFGPT00000000.1.genome.fasta.gz,PRODUCTION_84_result.gtf,NA,Poales,Poaceae,Commelinids,Monocots,yes,2024/11/2,NA,GWHFGPT00000000.1,NA,1391.3792,NA,NA,NA,NA,NA,NA,NA,NA,NA,NA,NA,NA,NA,NA,/mnt/rice/data/Poaceae_Fan_longjiang/genome/GWHFGPT00000000.1.genome.fasta.gz,/mnt/rice/data/Poaceae_Fan_longjiang/annotation/PRODUCTION_84_result.gtf
原始数据可用,171,72,??????,Chloris gayana,diploid,GCA_031894775.1_ASM3189477v1_genomic.fna.gz,Chloris_gayana_GCA_031894775.1_ASM3189477v1_genomic.gtf,NA,Poales,Poaceae,Commelinids,Monocots,no,2023/9/4,Frontiers in Plant Science,10.3389/fpls.2023.1239290,586,603.261687,46087,310.1,310.098,ONT;Illumina,Other TGS,Australia,no,Flye,NA,NA,NA,no,https://www.ncbi.nlm.nih.gov/datasets/genome/GCA_031894775.1/,https:// ngdc. cncb. ac. cn/ gwh/ Assembly/ 68115/ show,/mnt/rice/data/Poaceae_Fan_longjiang/genome/GCA_031894775.1_ASM3189477v1_genomic.fna.gz,/mnt/rice/data/Poaceae_Fan_longjiang/annotation/Plant_gtf3/Chloris_gayana/Chloris_gayana_GCA_031894775.1_ASM3189477v1_genomic.gtf
原始数据可用,172,73,???????,Chrysopogon serrulatus,NA,GCA_015844335.1_Cs-A1013-Draft-PanAnd-1.0_genomic.fna.gz,Chrysopogon_serrulatus_GCA_015844335.1_Cs-A1013-Draft-PanAnd-1.0_genomic.gtf,NA,Poales,Poaceae,Commelinids,Monocots,no,2020/12/8,NA,GCA_015844335.1,NA,930.5092,NA,NA,NA,NA,NA,NA,NA,NA,NA,NA,NA,NA,https://download.cncb.ac.cn/assembly/ncbi/Plants/GCA/015/844/Chrysopogon_serrulatus_monocots_Cs-A1013-Draft-PanAnd-1.0_GCA_015844335.1/GCA_015844335.1_Cs-A1013-Draft-PanAnd-1.0_genomic.fna.gz,NA,/mnt/rice/data/Poaceae_Fan_longjiang/genome/GCA_015844335.1_Cs-A1013-Draft-PanAnd-1.0_genomic.fna.gz,/mnt/rice/data/Poaceae_Fan_longjiang/annotation/Plant_gtf3/Chrysopogon_serrulatus/Chrysopogon_serrulatus_GCA_015844335.1_Cs-A1013-Draft-PanAnd-1.0_genomic.gtf
UTR-HUADA问题,173,74,补充条目,Cleistogenes songorica,NA,GWHANUQ00000000.genome.fasta.gz,PRODUCTION_78_result.gtf,NA,Poales,Poaceae,Commelinids,Monocots,yes,2020/11/26,NA,GWHANUQ00000000,NA,540.1157,NA,NA,NA,NA,NA,NA,NA,NA,NA,NA,NA,NA,NA,NA,/mnt/rice/data/Poaceae_Fan_longjiang/genome/GWHANUQ00000000.genome.fasta.gz,/mnt/rice/data/Poaceae_Fan_longjiang/annotation/PRODUCTION_78_result.gtf
原始数据可用,174,75,??????,Coix aquatica,diploid,GCA_009725075.1_ASM972507v1_genomic.fna.gz,Coix_aquatica_GCA_009725075.1_ASM972507v1_genomic.gtf,NA,Poales,Poaceae,Commelinids,Monocots,yes,2019/11/25,Molecular Plant,31778843,1660,1619,39629,148000,2240,Illumina;PacBio,Other TGS,China,yes,Canu,Pilon,LACHESIS,LACHESIS,no,https://www.ncbi.nlm.nih.gov/datasets/genome/GCA_009725075.1/,https:// ngdc. cncb. ac. cn/ gwh/ Assembly/ 68115/ show,/mnt/rice/data/Poaceae_Fan_longjiang/genome/GCA_009725075.1_ASM972507v1_genomic.fna.gz,/mnt/rice/data/Poaceae_Fan_longjiang/annotation/Plant_gtf/Coix_aquatica/Coix_aquatica_GCA_009725075.1_ASM972507v1_genomic.gtf
非UTR-缺注释,175,76,统计条目,Coix lacryma-jobi,tetraploid,GCA_009758035.1_Adlay_draft_genome_1.0_genomic.fna.gz,PRODUCTION_50_result.gtf,NA,Poales,Poaceae,Commelinids,Monocots,no,2020/5/18,Plant Science,32528499,1560,1280,39574,594,NA,Illumina;PacBio,Other TGS,South Korea,no,Falcon,Quiver,SSPACE,NA,no,/mnt/rice/data/Poaceae_Fan_longjiang/genome/GCA_009758035.1_Adlay_draft_genome_1.0_genomic.fna.gz,NA,/mnt/rice/data/Poaceae_Fan_longjiang/genome/GCA_009758035.1_Adlay_draft_genome_1.0_genomic.fna.gz,/mnt/rice/data/Poaceae_Fan_longjiang/annotation/PRODUCTION_50_result.gtf
原始数据可用,176,77,???????,Cymbopogon citratus,NA,GCA_031170775.1_Ccit.v1.0_genomic.fna.gz,Cymbopogon_citratus_GCA_031170775.1_Ccit.v1.0_genomic.gtf,NA,Poales,Poaceae,Commelinids,Monocots,no,2023/9/6,NA,GCA_031170775.1,NA,364.442,NA,NA,NA,NA,NA,NA,NA,NA,NA,NA,NA,NA,https://download.cncb.ac.cn/assembly/ncbi/Plants/GCA/031/170/Cymbopogon_citratus_lemon_grass_Ccit.v1.0_GCA_031170775.1/GCA_031170775.1_Ccit.v1.0_genomic.fna.gz,NA,/mnt/rice/data/Poaceae_Fan_longjiang/genome/GCA_031170775.1_Ccit.v1.0_genomic.fna.gz,/mnt/rice/data/Poaceae_Fan_longjiang/annotation/Plant_gtf3/Cymbopogon_citratus/Cymbopogon_citratus_GCA_031170775.1_Ccit.v1.0_genomic.gtf
Huada_FTP_update,178,78,???????,Cymbopogon flexuosus,NA,GCA_027790015.1_ASM2779001v1_genomic.fna.gz,Cymbopogon_flexuosus_GCA_027790015.1_ASM2779001v1_genomic.gtf,NA,Poales,Poaceae,Commelinids,Monocots,no,2023/1/9,NA,GCA_027790015.1,NA,545.4689,NA,NA,NA,NA,NA,NA,NA,NA,NA,NA,NA,NA,/mnt/rice/data/Poaceae_Fan_longjiang/huada_update/Cymbopogon_flexuosus/GCA_027790015.1_ASM2779001v1_genomic.fna.gz,/mnt/rice/data/Poaceae_Fan_longjiang/huada_update/Cymbopogon_flexuosus/Cymbopogon_flexuosus_GCA_027790015.1_ASM2779001v1_genomic.gtf,/mnt/rice/data/Poaceae_Fan_longjiang/huada_update/Cymbopogon_flexuosus/GCA_027790015.1_ASM2779001v1_genomic.fna.gz,/mnt/rice/data/Poaceae_Fan_longjiang/huada_update/Cymbopogon_flexuosus/Cymbopogon_flexuosus_GCA_027790015.1_ASM2779001v1_genomic.gtf
原始数据可用,179,79,???????,Cynodon dactylon,NA,GWHDUCR00000000.genome.fasta.gz,GWHDUCR00000000.gff.gz,NA,Poales,Poaceae,Commelinids,Monocots,yes,2025/1/6,NA,GWHDUCR00000000,NA,604.0343,NA,NA,NA,NA,NA,NA,NA,NA,NA,NA,NA,NA,https://download.cncb.ac.cn/gwh/Plants/Cynodon_dactylon_bermudagrass_A12359_GWHDUCR00000000/GWHDUCR00000000.genome.fasta.gz,https://download.cncb.ac.cn/gwh/Plants/Cynodon_dactylon_bermudagrass_A12359_GWHDUCR00000000/GWHDUCR00000000.gff.gz,/mnt/rice/data/Poaceae_Fan_longjiang/genome/GWHDUCR00000000.genome.fasta.gz,/mnt/rice/data/Poaceae_Fan_longjiang/annotation/GWHDUCR00000000.gff.gz
原始数据可用,181,80,??????,Dactylis glomerata,diploid,GCA_007115705.1_ASM711570v1_genomic.fna.gz,Dactylis_glomerata_GCA_007115705.1_ASM711570v1_genomic.gtf,NA,Poales,Poaceae,Commelinids,Monocots,yes,2019/7/5,Plant Biotechnology Journal,31276273,1940,1840,40088,252520,930,Illumina;PacBio,Other TGS,China,yes,Falcon,Quiver,FragScaff;HiRise,HiRise,no,https://www.ncbi.nlm.nih.gov/datasets/genome/GCA_007115705.1/,https:// ngdc. cncb. ac. cn/ gwh/ Assembly/ 68115/ show,/mnt/rice/data/Poaceae_Fan_longjiang/genome/GCA_007115705.1_ASM711570v1_genomic.fna.gz,/mnt/rice/data/Poaceae_Fan_longjiang/annotation/Plant_gtf3/Dactylis_glomerata/Dactylis_glomerata_GCA_007115705.1_ASM711570v1_genomic.gtf
原始数据可用,182,81,??????,Dasypyrum villosum,diploid,GWHBJXA00000000.genome.fasta.gz,GWHBJXA00000000.gff.gz,91C43,Poales,Poaceae,Commelinids,Monocots,yes,2022/12/30,Molecular Plant,10.1016/j.molp.2022.12.021,4120,4050,39727,6560,4270,PacBio;BGI,Other TGS,China,yes,SMARTdenovo,Arrow;Pilon,BioNano Access;3D-DNA,3D-DNA,no,https://ngdc.cncb.ac.cn/search/?dbId=&q=GWHBJXA00000000,https:// ngdc. cncb. ac. cn/ gwh/ Assembly/ 68115/ show,/mnt/rice/data/Poaceae_Fan_longjiang/genome/GWHBJXA00000000.genome.fasta.gz,/mnt/rice/data/Poaceae_Fan_longjiang/annotation/GWHBJXA00000000.gff.gz
原始数据可用,183,82,??????,Dendrocalamus latiflorus,hexaploid,GCA_017311315.1_mabamboo_1.0_genomic.fna.gz,Dendrocalamus_latiflorus_GCA_017311315.1_mabamboo_1.0_genomic.gtf,NA,Poales,Poaceae,Commelinids,Monocots,yes,2022/1/6,Journal of Integrative Plant Biology,10.1111/jipb.13217,1324,1550,135231,4500,2570,PacBio;Illumina,Other TGS,China,yes,Falcon,Quiver;Pilon,FragScaff;ALLHIC,ALLHIC,no,https://www.ncbi.nlm.nih.gov/datasets/genome/GCA_017311315.1/,https:// ngdc. cncb. ac. cn/ gwh/ Assembly/ 68115/ show,/mnt/rice/data/Poaceae_Fan_longjiang/genome/GCA_017311315.1_mabamboo_1.0_genomic.fna.gz,/mnt/rice/data/Poaceae_Fan_longjiang/annotation/Plant_gtf/Dendrocalamus_latiflorus/Dendrocalamus_latiflorus_GCA_017311315.1_mabamboo_1.0_genomic.gtf
Huada_FTP_update,184,83,??????,Dendrocalamus sinicus,hexaploid,GCA_036346575.1_KIB_Dsin_1_genomic.fna.gz,Dendrocalamus_sinicus_GCA_036346575.1_KIB_Dsin_1_genomic.gtf,NA,Poales,Poaceae,Commelinids,Monocots,yes,2024/3/15,Nature Genetics,10.1038/s41588-024-01683-0,1400,1439.80 ,56847,36311.66 ,4293.77 ,ONT,ONT,China,yes,CANU;SMARTdenovo;NextDenovo,Racon;Nextpolish;Pilon,LACHESIS,BWA;HiC-Pro;LACHESIS,pan-genome,/mnt/rice/data/Poaceae_Fan_longjiang/huada_update/Dendrocalamus_sinicus/GCA_036346575.1_KIB_Dsin_1_genomic.fna.gz,/mnt/rice/data/Poaceae_Fan_longjiang/huada_update/Dendrocalamus_sinicus/Dendrocalamus_sinicus_GCA_036346575.1_KIB_Dsin_1_genomic.gtf,/mnt/rice/data/Poaceae_Fan_longjiang/huada_update/Dendrocalamus_sinicus/GCA_036346575.1_KIB_Dsin_1_genomic.fna.gz,/mnt/rice/data/Poaceae_Fan_longjiang/huada_update/Dendrocalamus_sinicus/Dendrocalamus_sinicus_GCA_036346575.1_KIB_Dsin_1_genomic.gtf
UTR-HUADA问题,186,84,??????,Dichanthelium oligosanthes,diploid,GCA_001633215.2_ASM163321v2_genomic.fna.gz,PRODUCTION_115_result.gtf,NA,Poales,Poaceae,Commelinids,Monocots,no,2016/10/28,Genome Biology,27793170,750,589,30153,NA,NA,Illumina,NGS,USA,no,ALLPATHS,NA,SSPACE,NA,no,NA,NA,/mnt/rice/data/Poaceae_Fan_longjiang/genome/GCA_001633215.2_ASM163321v2_genomic.fna.gz,/mnt/rice/data/Poaceae_Fan_longjiang/annotation/PRODUCTION_115_result.gtf
Huada_FTP_update,187,85,??????,Digitaria exilis,tetraploid,GCA_015342445.1_DiExil_genomic.fna.gz,Digitaria_exilis_GCA_015342445.1_DiExil_genomic.gtf,NA,Poales,Poaceae,Commelinids,Monocots,yes,2020/9/8,Nature Communications,32901040,893,716.471,57021,10741,83.702,Illumina,NGS,Saudi Arabia,yes,DeNovoMAGIC;Minia,NA,HiRise;Bionano Access;ARKS;LINKS,HiRise,no,/mnt/rice/data/Poaceae_Fan_longjiang/huada_update/Digitaria_exilis/GCA_015342445.1_DiExil_genomic.fna.gz,/mnt/rice/data/Poaceae_Fan_longjiang/huada_update/Digitaria_exilis/Digitaria_exilis_GCA_015342445.1_DiExil_genomic.gtf,/mnt/rice/data/Poaceae_Fan_longjiang/huada_update/Digitaria_exilis/GCA_015342445.1_DiExil_genomic.fna.gz,/mnt/rice/data/Poaceae_Fan_longjiang/huada_update/Digitaria_exilis/Digitaria_exilis_GCA_015342445.1_DiExil_genomic.gtf
UTR-HUADA问题,189,86,统计条目,Digitaria milanjiana,tetraploid,GWHGGEZ00000000.1.genome.fasta.gz,PRODUCTION_87_result.gtf,#DZ2,Poales,Poaceae,Commelinids,Monocots,yes,2026/2/12,Nature Communications,10.1038/s41467-026-69076-x,NA,908.85,NA,NA,NA,PacBio;Illumina,HiFi,China,no,Hifiasm,NextPolish,RagTag,NA,no,NA,NA,/mnt/rice/data/Poaceae_Fan_longjiang/genome/GWHGGEZ00000000.1.genome.fasta.gz,/mnt/rice/data/Poaceae_Fan_longjiang/annotation/PRODUCTION_87_result.gtf
Huada_FTP_update,190,87,??????,Digitaria radicosa,diploid,GCA_041430275.1_ASM4143027v1_genomic.fna.gz,Digitaria_radicosa_GCA_041430275.1_ASM4143027v1_genomic.gtf,NA,Poales,Poaceae,Commelinids,Monocots,yes,2024/10/10,G3-Genes Genomes Genetics,10.1093/g3journal/jkae242,420.3,441.6,26577,NA,41500,PacBio;BGI;Illumina,HiFi,Japan,no,Hifiasm,Nextpolish;Merfin,RagTag,NA,no,/mnt/rice/data/Poaceae_Fan_longjiang/huada_update/Digitaria_radicosa/GCA_041430275.1_ASM4143027v1_genomic.fna.gz,/mnt/rice/data/Poaceae_Fan_longjiang/huada_update/Digitaria_radicosa/Digitaria_radicosa_GCA_041430275.1_ASM4143027v1_genomic.gtf,/mnt/rice/data/Poaceae_Fan_longjiang/huada_update/Digitaria_radicosa/GCA_041430275.1_ASM4143027v1_genomic.fna.gz,/mnt/rice/data/Poaceae_Fan_longjiang/huada_update/Digitaria_radicosa/Digitaria_radicosa_GCA_041430275.1_ASM4143027v1_genomic.gtf
Huada_FTP_update,192,88,??????,Digitaria sanguinalis,allohexaploid,GCA_964212565.1_lpDigSang1.hap1.1_genomic.fna.gz,Digitaria_sanguinalis_GCA_964212565.1_lpDigSang1.hap1.1_genomic.gtf,#YJ2023,Poales,Poaceae,Commelinids,Monocots,yes,2026/2/12,Nature Communications,10.1038/s41467-026-69076-x,1240,1250,114996,NA,NA,PacBio;ONT;Illumina,HiFi;ONT ultra long,China,yes,Hifiasm;NextDenovo,NextPolish,YaHS,YaHS,T2T,/mnt/rice/data/Poaceae_Fan_longjiang/huada_update/Digitaria_sanguinalis/GCA_964212565.1_lpDigSang1.hap1.1_genomic.fna.gz,/mnt/rice/data/Poaceae_Fan_longjiang/huada_update/Digitaria_sanguinalis/Digitaria_sanguinalis_GCA_964212565.1_lpDigSang1.hap1.1_genomic.gtf,/mnt/rice/data/Poaceae_Fan_longjiang/huada_update/Digitaria_sanguinalis/GCA_964212565.1_lpDigSang1.hap1.1_genomic.fna.gz,/mnt/rice/data/Poaceae_Fan_longjiang/huada_update/Digitaria_sanguinalis/Digitaria_sanguinalis_GCA_964212565.1_lpDigSang1.hap1.1_genomic.gtf
UTR-HUADA问题,193,89,??????,Echinochloa colona,hexaploid,GWHBDNQ00000000.genome.fasta.gz,PRODUCTION_116_result.gtf,PI463783,Poales,Poaceae,Commelinids,Monocots,yes,2022/2/3,Nature Communications,10.1038/s41467-022-28359-9,1180,1130,93697,NA,24800,PacBio;Illumina,HiFi,China,yes,Hifiasm,Racon,ALLHIC,ALLHIC,no,NA,NA,/mnt/rice/data/Poaceae_Fan_longjiang/genome/GWHBDNQ00000000.genome.fasta.gz,/mnt/rice/data/Poaceae_Fan_longjiang/annotation/PRODUCTION_116_result.gtf
Huada_FTP_update,195,90,??????,Echinochloa crus-galli,hexaploid,GCA_020466025.1_ec_v3_genomic.fna.gz,Echinochloa_crus-galli_GCA_020466025.1_ec_v3_genomic.gtf,STB08,Poales,Poaceae,Commelinids,Monocots,yes,2022/2/3,Nature Communications,10.1038/s41467-022-28359-9,1400,1339.8,104780,NA,NA,PacBio;Illumina,Other TGS,China,yes,Canu,Racon;Pilon,ALLHIC,ALLHIC,no,/mnt/rice/data/Poaceae_Fan_longjiang/huada_update/Echinochloa_crus-galli/GCA_020466025.1_ec_v3_genomic.fna.gz,/mnt/rice/data/Poaceae_Fan_longjiang/huada_update/Echinochloa_crus-galli/Echinochloa_crus-galli_GCA_900205405.1_ASM90020540v1_genomic.gtf,/mnt/rice/data/Poaceae_Fan_longjiang/huada_update/Echinochloa_crus-galli/GCA_020466025.1_ec_v3_genomic.fna.gz,/mnt/rice/data/Poaceae_Fan_longjiang/huada_update/Echinochloa_crus-galli/Echinochloa_crus-galli_GCA_020466025.1_ec_v3_genomic.gtf
UTR-HUADA问题,196,91,统计条目,Echinochloa haploclada,NA,EH.fasta.gz,PRODUCTION_106_result.gtf,NA,Poales,Poaceae,Commelinids,Monocots,yes,2020/7/2,Molecular Plant,32622997,420,440,36946,48750,930,Illumina;PacBio,Other TGS,China,yes,Canu,Arrow;Pilon,3D-DNA;ALLHIC,3D-DNA;ALLHIC,no,NA,NA,/mnt/rice/data/Poaceae_Fan_longjiang/genome/EH.fasta.gz,/mnt/rice/data/Poaceae_Fan_longjiang/annotation/PRODUCTION_106_result.gtf
UTR-HUADA问题,198,92,??????,Echinochloa oryzicola,tetraploid,GWHBDNS00000000.genome.fasta.gz,PRODUCTION_114_result.gtf,ZJU2,Poales,Poaceae,Commelinids,Monocots,yes,2022/2/3,Nature Communications,10.1038/s41467-022-28359-9,1000,945.6,68544,NA,NA,PacBio;Illumina,Other TGS,China,yes,Canu,Racon;Pilon,ALLHIC,ALLHIC,no,NA,NA,/mnt/rice/data/Poaceae_Fan_longjiang/genome/GWHBDNS00000000.genome.fasta.gz,/mnt/rice/data/Poaceae_Fan_longjiang/annotation/PRODUCTION_114_result.gtf
原始数据可用,199,93,???????,Echinochloa phyllopogon,NA,GCA_033239725.1_ASM3323972v1_genomic.fna.gz,Echinochloa_phyllopogon_GCA_033239725.1_ASM3323972v1_genomic.gtf,ASM3323972v1,Poales,Poaceae,Commelinids,Monocots,no,2023/6/15,NA,GCA_033239725.1,NA,1002.677761,NA,NA,NA,NA,NA,NA,NA,NA,NA,NA,NA,NA,https://download.cncb.ac.cn/assembly/ncbi/Plants/GCA/033/239/Echinochloa_phyllopogon_monocots_ASM3323972v1_GCA_033239725.1/GCA_033239725.1_ASM3323972v1_genomic.fna.gz,NA,/mnt/rice/data/Poaceae_Fan_longjiang/genome/GCA_033239725.1_ASM3323972v1_genomic.fna.gz,/mnt/rice/data/Poaceae_Fan_longjiang/annotation/Plant_gtf3/Echinochloa_phyllopogon/Echinochloa_phyllopogon_GCA_033239725.1_ASM3323972v1_genomic.gtf
UTR-HUADA问题,200,94,统计条目,Eleusine coracana,tetraploid,GCA_032690845.1_Eleusine_coracana_v1.0_genomic.fna.gz,PRODUCTION_100_result.gtf,subsp. coracana KNE 796,Poales,Poaceae,Commelinids,Monocots,yes,2023/6/21,Nature Communications,10.1038/s41467-023-38915-6,1500,1110,48836,61300,15300,PacBio;Illumina,Other TGS,USA,yes,Mecat,Quiver,Juicer,Juicer,no,NA,NA,/mnt/rice/data/Poaceae_Fan_longjiang/genome/GCA_032690845.1_Eleusine_coracana_v1.0_genomic.fna.gz,/mnt/rice/data/Poaceae_Fan_longjiang/annotation/PRODUCTION_100_result.gtf
Huada_FTP_update,202,95,??????,Eleusine indica,diploid,GCA_030378355.1_ASM3037835v1_genomic.fna.gz,Eleusine_indica_GCA_030378355.1_ASM3037835v1_genomic.gtf,NA,Poales,Poaceae,Commelinids,Monocots,no,2019/4/10,Pest management science,30851005,584,492,25467,233,32.4,Illumina,NGS,USA,no,Velvet,NA,SSPACE,NA,no,/mnt/rice/data/Poaceae_Fan_longjiang/huada_update/Eleusine_indica/GCA_030378355.1_ASM3037835v1_genomic.fna.gz,/mnt/rice/data/Poaceae_Fan_longjiang/huada_update/Eleusine_indica/Eleusine_indica_GCA_040549725.1_ASM4054972v1_genomic.gtf,/mnt/rice/data/Poaceae_Fan_longjiang/huada_update/Eleusine_indica/GCA_030378355.1_ASM3037835v1_genomic.fna.gz,/mnt/rice/data/Poaceae_Fan_longjiang/huada_update/Eleusine_indica/Eleusine_indica_GCA_030378355.1_ASM3037835v1_genomic.gtf
非UTR-缺注释,203,96,统计条目,Elymus nutans,hexaploid,GWHFAJN00000000.1.genome.fasta.gz,PRODUCTION_51_result.gtf,??Aba??,Poales,Poaceae,Commelinids,Monocots,yes,2025/6/18,Plant Biotechnology Journal,10.1111/pbi.70117,NA,9458.615163,NA,424536.636,NA,ONT;Illumina,Other TGS,China,yes,Canu;WTDBG,Racon;Pilon;BWA,LACHESIS,LACHESIS;HiC-Pro;BWA,no,/mnt/rice/data/Poaceae_Fan_longjiang/genome/GWHFAJN00000000.1.genome.fasta.gz,NA,/mnt/rice/data/Poaceae_Fan_longjiang/genome/GWHFAJN00000000.1.genome.fasta.gz,/mnt/rice/data/Poaceae_Fan_longjiang/annotation/PRODUCTION_51_result.gtf
Huada_FTP_update,204,97,??????,Elymus sibiricus,allotetraploid,GCA_039707655.1_ASM3970765v1_genomic.fna.gz,Elymus_sibiricus_GCA_039707655.1_ASM3970765v1_genomic.gtf,NA,Poales,Poaceae,Commelinids,Monocots,yes,2024/11/1,Scientific Data,10.1038/s41597-024-03622-4,NA,6929.46,89800,37600,49518,PacBio;BGI,HIFI;NGS,China,yes,Hifiasm,NA,ALLHiC,Juicer,no,/mnt/rice/data/Poaceae_Fan_longjiang/huada_update/Elymus_sibiricus/GCA_039707655.1_ASM3970765v1_genomic.fna.gz,/mnt/rice/data/Poaceae_Fan_longjiang/huada_update/Elymus_sibiricus/Elymus_sibiricus_GCA_039707655.1_ASM3970765v1_genomic.gtf,/mnt/rice/data/Poaceae_Fan_longjiang/huada_update/Elymus_sibiricus/GCA_039707655.1_ASM3970765v1_genomic.fna.gz,/mnt/rice/data/Poaceae_Fan_longjiang/huada_update/Elymus_sibiricus/Elymus_sibiricus_GCA_039707655.1_ASM3970765v1_genomic.gtf
Huada_FTP_update,205,98,??????,Eragrostis curvula,diploid,GCA_007726485.1_CERZOS_EC1.0_genomic.fna.gz,Eragrostis_curvula_GCA_007726485.1_CERZOS_EC1.0_genomic.gtf,NA,Poales,Poaceae,Commelinids,Monocots,yes,2019/7/15,Scientific Reports,31308395,660,602,56469,43410,791,Illumina;PacBio,Other TGS,Argentina,yes,Canu;Falcon,Arrow,HiRise,HiRise,no,/mnt/rice/data/Poaceae_Fan_longjiang/huada_update/Eragrostis_curvula/GCA_007726485.1_CERZOS_EC1.0_genomic.fna.gz,/mnt/rice/data/Poaceae_Fan_longjiang/huada_update/Eragrostis_curvula/Eragrostis_curvula_GCA_007726485.1_CERZOS_EC1.0_genomic.gtf,/mnt/rice/data/Poaceae_Fan_longjiang/huada_update/Eragrostis_curvula/GCA_007726485.1_CERZOS_EC1.0_genomic.fna.gz,/mnt/rice/data/Poaceae_Fan_longjiang/huada_update/Eragrostis_curvula/Eragrostis_curvula_GCA_007726485.1_CERZOS_EC1.0_genomic.gtf
Huada_FTP_update,206,99,??????,Eragrostis nindensis,NA,GCA_012490785.1_MSU_Enin_2.1_genomic.fna.gz,Eragrostis_nindensis_GCA_012490785.1_MSU_Enin_2.1_genomic.gtf,NA,Poales,Poaceae,Commelinids,Monocots,no,2020/4/23,PNAS,32327609,1035,986,107683,NA,520,Illumina;PacBio,Other TGS,USA,no,Canu,Pilon,NA,NA,no,/mnt/rice/data/Poaceae_Fan_longjiang/huada_update/Eragrostis_nindensis/GCA_012490785.1_MSU_Enin_2.1_genomic.fna.gz,/mnt/rice/data/Poaceae_Fan_longjiang/huada_update/Eragrostis_nindensis/Eragrostis_nindensis_GCA_012490785.1_MSU_Enin_2.1_genomic.gtf,/mnt/rice/data/Poaceae_Fan_longjiang/huada_update/Eragrostis_nindensis/GCA_012490785.1_MSU_Enin_2.1_genomic.fna.gz,/mnt/rice/data/Poaceae_Fan_longjiang/huada_update/Eragrostis_nindensis/Eragrostis_nindensis_GCA_012490785.1_MSU_Enin_2.1_genomic.gtf
Huada_FTP_update,207,100,??????,Eragrostis tef,tetraploid,GCA_000970635.1_ASM97063v1_genomic.fna.gz,Eragrostis_tef_GCA_000970635.1_ASM97063v1_genomic.gtf,Dabbi,Poales,Poaceae,Commelinids,Monocots,yes,2020/2/14,Nature Communications,32060277,622,578,68255,NA,1550,Illumina;PacBio,Other TGS,USA,yes,Canu,Pilon,3D-DNA,3D-DNA,no,/mnt/rice/data/Poaceae_Fan_longjiang/huada_update/Eragrostis_tef/GCA_000970635.1_ASM97063v1_genomic.fna.gz,/mnt/rice/data/Poaceae_Fan_longjiang/huada_update/Eragrostis_tef/Eragrostis_tef_GCA_000970635.1_ASM97063v1_genomic.gtf,/mnt/rice/data/Poaceae_Fan_longjiang/huada_update/Eragrostis_tef/GCA_000970635.1_ASM97063v1_genomic.fna.gz,/mnt/rice/data/Poaceae_Fan_longjiang/huada_update/Eragrostis_tef/Eragrostis_tef_GCA_000970635.1_ASM97063v1_genomic.gtf
原始数据可用,208,101,???????,Eremochloa ophiuroides,NA,GCA_038502445.1_ASM3850244v1_genomic.fna.gz,Eremochloa_ophiuroides_GCA_038502445.1_ASM3850244v1_genomic.gtf,NA,Poales,Poaceae,Commelinids,Monocots,no,2024/4/26,NA,GCA_038502445.1,NA,853.4718,NA,NA,NA,NA,NA,NA,NA,NA,NA,NA,NA,NA,https://download.cncb.ac.cn/assembly/ncbi/Plants/GCA/038/502/Eremochloa_ophiuroides_monocots_ASM3850244v1_GCA_038502445.1/GCA_038502445.1_ASM3850244v1_genomic.fna.gz,NA,/mnt/rice/data/Poaceae_Fan_longjiang/genome/GCA_038502445.1_ASM3850244v1_genomic.fna.gz,/mnt/rice/data/Poaceae_Fan_longjiang/annotation/Plant_gtf3/Eremochloa_ophiuroides/Eremochloa_ophiuroides_GCA_038502445.1_ASM3850244v1_genomic.gtf
非UTR-缺注释,209,102,统计条目,Erianthus rufipilus,NA,GWHBRAN00000000.genome.fasta.gz,PRODUCTION_63_result.gtf,Yunnan2009-3,Poales,Poaceae,Commelinids,Monocots,yes,2023/3/30,Nature Plants,10.1038/s41477-023-01378-0,756.6,858.7,32770,NA,76900,PacBio;Illumina,HiFi,China,yes,Hifiasm;Canu;HiCanu,NA,NA,NA,T2T,/mnt/rice/data/Poaceae_Fan_longjiang/genome/GWHBRAN00000000.genome.fasta.gz,NA,/mnt/rice/data/Poaceae_Fan_longjiang/genome/GWHBRAN00000000.genome.fasta.gz,/mnt/rice/data/Poaceae_Fan_longjiang/annotation/PRODUCTION_63_result.gtf
UTR-HUADA问题,210,103,补充条目,Eriochloa villosa,NA,GWHITIV00000000.1.genome.fasta.gz,PRODUCTION_88_result.gtf,NA,Poales,Poaceae,Commelinids,Monocots,yes,2026/5/11,NA,GWHITIV00000000.1,NA,916.8193,NA,NA,NA,NA,NA,NA,NA,NA,NA,NA,NA,NA,NA,NA,/mnt/rice/data/Poaceae_Fan_longjiang/genome/GWHITIV00000000.1.genome.fasta.gz,/mnt/rice/data/Poaceae_Fan_longjiang/annotation/PRODUCTION_88_result.gtf
非UTR-缺注释,211,104,补充条目,Festuca francoi,NA,GCA_051253515.1_ASM5125351v1_genomic.fna.gz,PRODUCTION_64_result.gtf,ASM5125351v1,Poales,Poaceae,Commelinids,Monocots,no,2025/7/8,NA,GCA_051253515.1,NA,780.447117,NA,NA,NA,NA,NA,NA,NA,NA,NA,NA,NA,NA,/mnt/rice/data/Poaceae_Fan_longjiang/genome/GCA_051253515.1_ASM5125351v1_genomic.fna.gz,NA,/mnt/rice/data/Poaceae_Fan_longjiang/genome/GCA_051253515.1_ASM5125351v1_genomic.fna.gz,/mnt/rice/data/Poaceae_Fan_longjiang/annotation/PRODUCTION_64_result.gtf
UTR-HUADA问题,212,105,统计条目,Festuca glaucescens,tetraploid,GCA_052817425.1_IPG_FesGla_1_genomic.fna.gz,GCA_052817425.1_IPG_FesGla_1_genomic.fna.gz.gtf,NA,Poales,Poaceae,Commelinids,Monocots,no,2025/11/18,BMC Plant Biology,10.1186/s12870-025-07558-8,NA,5520,72385,NA,870,Illumina;PacBio,HiFi,Poland,no,Hifiasm,NA,NA,NA,no,NA,/mnt/rice/data/Poaceae_Fan_longjiang/huada_update/Festuca_glaucescens/Festuca_glaucescens_GCA_052817425.1_IPG_FesGla_1_genomic.gtf,/mnt/rice/data/Poaceae_Fan_longjiang/genome/GCA_052817425.1_IPG_FesGla_1_genomic.fna.gz,/mnt/rice/data/Poaceae_Fan_longjiang/annotation/GCA_052817425.1_IPG_FesGla_1_genomic.fna.gz.gtf
非UTR-缺注释,213,106,补充条目,Festuca petraea,NA,GCA_051419415.1_ASM5141941v1_genomic.fna.gz,GCA_051419415.1_ASM5141941v1_genomic.fna.gz.gtf,ASM5141941v1,Poales,Poaceae,Commelinids,Monocots,no,2025/7/20,NA,GCA_051419415.1,NA,1188.724153,NA,NA,NA,NA,NA,NA,NA,NA,NA,NA,NA,NA,/mnt/rice/data/Poaceae_Fan_longjiang/genome/GCA_051419415.1_ASM5141941v1_genomic.fna.gz,NA,/mnt/rice/data/Poaceae_Fan_longjiang/genome/GCA_051419415.1_ASM5141941v1_genomic.fna.gz,/mnt/rice/data/Poaceae_Fan_longjiang/annotation/GCA_051419415.1_ASM5141941v1_genomic.fna.gz.gtf
Huada_FTP_update,216,107,??????,Guadua angustifolia,tetraploid,GCA_036346375.1_KIB_Gang_2_genomic.fna.gz,Guadua_angustifolia_GCA_036346375.1_KIB_Gang_2_genomic.gtf,NA,Poales,Poaceae,Commelinids,Monocots,yes,2024/3/15,Nature Genetics,10.1038/s41588-024-01683-0,1580,1545.93,47971,54949.77 ,1256.31 ,ONT,ONT,China,yes,CANU;SMARTdenovo;NextDenovo,Racon;Nextpolish;Pilon,LACHESIS,BWA;HiC-Pro;LACHESIS,pan-genome,/mnt/rice/data/Poaceae_Fan_longjiang/huada_update/Guadua_angustifolia/GCA_036346375.1_KIB_Gang_2_genomic.fna.gz,/mnt/rice/data/Poaceae_Fan_longjiang/huada_update/Guadua_angustifolia/Guadua_angustifolia_GCA_036346375.1_KIB_Gang_2_genomic.gtf,/mnt/rice/data/Poaceae_Fan_longjiang/huada_update/Guadua_angustifolia/GCA_036346375.1_KIB_Gang_2_genomic.fna.gz,/mnt/rice/data/Poaceae_Fan_longjiang/huada_update/Guadua_angustifolia/Guadua_angustifolia_GCA_036346375.1_KIB_Gang_2_genomic.gtf
原始数据可用,218,108,???????,Hierochloe odorata,NA,GCA_965212095.1_lpHieOdor1.hap1.1_genomic.fna.gz,Hierochloe_odorata_GCA_965212095.1_lpHieOdor1.hap1.1_genomic.gtf,NA,Poales,Poaceae,Commelinids,Monocots,yes,2025/3/17,NA,GCA_965212095.1,NA,3602.437,NA,NA,NA,NA,NA,NA,NA,NA,NA,NA,NA,NA,https://download.cncb.ac.cn/assembly/ncbi/Plants/GCA/965/212/Hierochloe_odorata_monocots_lpHieOdor1.hap1.1_GCA_965212095.1/GCA_965212095.1_lpHieOdor1.hap1.1_genomic.fna.gz,NA,/mnt/rice/data/Poaceae_Fan_longjiang/genome/GCA_965212095.1_lpHieOdor1.hap1.1_genomic.fna.gz,/mnt/rice/data/Poaceae_Fan_longjiang/annotation/Plant_gtf/Hierochloe_odorata/Hierochloe_odorata_GCA_965212095.1_lpHieOdor1.hap1.1_genomic.gtf
Huada_FTP_update,219,109,???????,Holcus mollis,NA,GCA_965644105.1_lpHolMoll1.hap1.1_genomic.fna.gz,Holcus_mollis_GCA_965644105.1_lpHolMoll1.hap1.1_genomic.gtf,NA,Poales,Poaceae,Commelinids,Monocots,yes,2025/7/27,NA,GCA_965644205.1,NA,2440.4448,NA,NA,NA,NA,NA,NA,NA,NA,NA,NA,NA,NA,/mnt/rice/data/Poaceae_Fan_longjiang/huada_update/Holcus_mollis/GCA_965644105.1_lpHolMoll1.hap1.1_genomic.fna.gz,/mnt/rice/data/Poaceae_Fan_longjiang/huada_update/Holcus_mollis/Holcus_mollis_GCA_965644105.1_lpHolMoll1.hap1.1_genomic.gtf,/mnt/rice/data/Poaceae_Fan_longjiang/huada_update/Holcus_mollis/GCA_965644105.1_lpHolMoll1.hap1.1_genomic.fna.gz,/mnt/rice/data/Poaceae_Fan_longjiang/huada_update/Holcus_mollis/Holcus_mollis_GCA_965644105.1_lpHolMoll1.hap1.1_genomic.gtf
非UTR-缺注释,221,110,补充条目,Holcus rigidus,NA,GCA_051253295.1_ASM5125329v1_genomic.fna.gz,PRODUCTION_53_result.gtf,NA,Poales,Poaceae,Commelinids,Monocots,no,2025/7/8,NA,GCA_051253295.1,NA,891.6085,NA,NA,NA,NA,NA,NA,NA,NA,NA,NA,NA,NA,/mnt/rice/data/Poaceae_Fan_longjiang/genome/GCA_051253295.1_ASM5125329v1_genomic.fna.gz,NA,/mnt/rice/data/Poaceae_Fan_longjiang/genome/GCA_051253295.1_ASM5125329v1_genomic.fna.gz,/mnt/rice/data/Poaceae_Fan_longjiang/annotation/PRODUCTION_53_result.gtf
非UTR-缺注释,222,111,统计条目,Hordeum brevisubulatum,diploid,GWHFQVE00000000.1.genome.fasta.gz,PRODUCTION_54_result.gtf,PI531775,Poales,Poaceae,Commelinids,Monocots,yes,2025/3/14,Nature Plants,10.1038/s41477-025-01942-w,3590,3470,73672,476190,82350,PacBio,HiFi,China,yes,Hifiasm,Falcon-like,3D-DNA,3D-DNA,no,/mnt/rice/data/Poaceae_Fan_longjiang/genome/GWHFQVE00000000.1.genome.fasta.gz,NA,/mnt/rice/data/Poaceae_Fan_longjiang/genome/GWHFQVE00000000.1.genome.fasta.gz,/mnt/rice/data/Poaceae_Fan_longjiang/annotation/PRODUCTION_54_result.gtf
Huada_FTP_update,227,112,??????,Hordeum bulbosum,diploid,GCA_963513915.1_Hbulbosum_Hbulbosum_PI365428_genomic.fna.gz,Hordeum_bulbosum_GCA_963513915.1_Hbulbosum_Hbulbosum_PI365428_genomic.gtf,FB19-011-3,Poales,Poaceae,Commelinids,Monocots,yes,2025/7/9,Nature,10.1038/s41586-025-09270-x,NA,7300 ,NA,522800,9700,PacBio,HiFi,Germany,yes,Hifiasm,NA,SOAPdenovo,EMBOSS,pan-genome,/mnt/rice/data/Poaceae_Fan_longjiang/huada_update/Hordeum_bulbosum/GCA_963555535.1_Hbulbosum_FB20_029_7_genomic.fna.gz,/mnt/rice/data/Poaceae_Fan_longjiang/huada_update/Hordeum_bulbosum/Hordeum_bulbosum_GCA_963513915.1_Hbulbosum_Hbulbosum_PI365428_genomic.gtf,/mnt/rice/data/Poaceae_Fan_longjiang/huada_update/Hordeum_bulbosum/GCA_963513915.1_Hbulbosum_Hbulbosum_PI365428_genomic.fna.gz,/mnt/rice/data/Poaceae_Fan_longjiang/huada_update/Hordeum_bulbosum/Hordeum_bulbosum_GCA_963513915.1_Hbulbosum_Hbulbosum_PI365428_genomic.gtf
原始数据可用,233,113,??????,Hordeum erectifolium,diploid,GCA_978496365.1_lpHorErec1.1_genomic.fna.gz,GCA_978496365.1_lpHorErec1.1_genomic.gff.gz,NGB6816,Poales,Poaceae,Commelinids,Monocots,yes,2026/3/24,New Phytologist,10.1111/nph.71091,4400,3850,71475,NA,NA,ONT;Illumina;10x Genomics Linked-Reads,ONT;Illumina,Germany,yes,Flye,Racon;Medaka;BWA;Hapo-G,Tigmint;Bionano;TRITEX,TRITEX,no,https://download.cncb.ac.cn/assembly/ncbi/Plants/GCA/978/496/Hordeum_erectifolium_monocots_lpHorErec1.1_GCA_978496365.1/GCA_978496365.1_lpHorErec1.1_genomic.fna.gz,https://download.cncb.ac.cn/assembly/ncbi/Plants/GCA/978/496/Hordeum_erectifolium_monocots_lpHorErec1.1_GCA_978496365.1/GCA_978496365.1_lpHorErec1.1_genomic.gff.gz,/mnt/rice/data/Poaceae_Fan_longjiang/genome/GCA_978496365.1_lpHorErec1.1_genomic.fna.gz,/mnt/rice/data/Poaceae_Fan_longjiang/annotation/GCA_978496365.1_lpHorErec1.1_genomic.gff.gz
原始数据可用,234,114,??????,Hordeum marinum,diploid,GWHBJBH00000000.genome.fasta.gz,GWHBJBH00000000.gff.gz,H559,Poales,Poaceae,Commelinids,Monocots,yes,2022/5/5,Plant Communications,10.1016/j.xplc.2022.100333,3996,3816,41045,524470,6830,PacBio;Illumina,Other TGS,China,yes,Falcon,Quiver;Pilon,FragScaff,NA,no,https://ngdc.cncb.ac.cn/search/?dbId=gwh&q=PRJCA009391,https://genomevolution.org/coge/NotebookView.pl?nid=3091,/mnt/rice/data/Poaceae_Fan_longjiang/genome/GWHBJBH00000000.genome.fasta.gz,/mnt/rice/data/Poaceae_Fan_longjiang/annotation/GWHBJBH00000000.gff.gz
Huada_FTP_update,235,115,???????,Hordeum pubiflorum,NA,GCA_000582825.1_Hordeum_pubiflorum_assembly1_genomic.fna.gz,Hordeum_pubiflorum_GCA_000582825.1_Hordeum_pubiflorum_assembly1_genomic.gtf,Hordeum_pubiflorum_assembly1,Poales,Poaceae,Commelinids,Monocots,no,2013/8/30,NA,GCA_000582825.1,NA,1425.274558,NA,NA,NA,NA,NA,NA,NA,NA,NA,NA,NA,NA,/mnt/rice/data/Poaceae_Fan_longjiang/huada_update/Hordeum_pubiflorum/GCA_000582825.1_Hordeum_pubiflorum_assembly1_genomic.fna.gz,/mnt/rice/data/Poaceae_Fan_longjiang/huada_update/Hordeum_pubiflorum/Hordeum_pubiflorum_GCA_000582825.1_Hordeum_pubiflorum_assembly1_genomic.gtf,/mnt/rice/data/Poaceae_Fan_longjiang/huada_update/Hordeum_pubiflorum/GCA_000582825.1_Hordeum_pubiflorum_assembly1_genomic.fna.gz,/mnt/rice/data/Poaceae_Fan_longjiang/huada_update/Hordeum_pubiflorum/Hordeum_pubiflorum_GCA_000582825.1_Hordeum_pubiflorum_assembly1_genomic.gtf
UTR-HUADA问题,237,116,统计条目,Hordeum spontaneum,diploid,Chromosome_EC_S1.fasta.gz,PRODUCTION_107_result.gtf,EC-S1,Poales,Poaceae,Commelinids,Monocots,yes,2022/8/29,Plant Biotechnology Journal,10.1111/pbi.13917,5000,5025,39179,NA,3525,ONT;Illumina,Other TGS,China,yes,NextDenovo,Racon;Pilon,BioNano Access;LACHESIS,LACHESIS,no,NA,NA,/mnt/rice/data/Poaceae_Fan_longjiang/genome/Chromosome_EC_S1.fasta.gz,/mnt/rice/data/Poaceae_Fan_longjiang/annotation/PRODUCTION_107_result.gtf
Huada_FTP_update,239,117,??????,Hordeum vulgare,diploid,Chromosome_EC_S1.fasta.gz,Chromosome_EC_S1.gtf,EC_S1,Poales,Poaceae,Commelinids,Monocots,yes,2023/8/10,Scientific Data,10.1038/s41597-023-02434-2,4560,5052.015165,39179,90435.441,3525.661,ONT;Illumina,Other TGS,China,yes,NextDenovo,Nextpolish;Racon,BioNano Access,NA,no,/mnt/rice/data/Poaceae_Fan_longjiang/huada_update/Hordeum_vulgare/Chromosome_EC_S1.fasta.gz,/mnt/rice/data/Poaceae_Fan_longjiang/huada_update/Hordeum_vulgare/Chromosome_EC_S1.gtf,/mnt/rice/data/Poaceae_Fan_longjiang/huada_update/Hordeum_vulgare/Chromosome_EC_S1.fasta.gz,/mnt/rice/data/Poaceae_Fan_longjiang/huada_update/Hordeum_vulgare/Chromosome_EC_S1.gtf
Huada_FTP_update,312,118,??????,Hsuehochloa calcarea,tetraploid,GCA_036346395.1_KIB_Hcal_1_genomic.fna.gz,Hsuehochloa_calcarea_GCA_036346395.1_KIB_Hcal_1_genomic.gtf,NA,Poales,Poaceae,Commelinids,Monocots,yes,2024/3/15,Nature Genetics,10.1038/s41588-024-01683-0,NA,NA,41907,NA,30.7,Illumina;ONT,ONT,China,yes,Canu;SMARTdenovo;NextDenovo,Racon;Nextpolish;Pilon,NA,LACHESIS,no,/mnt/rice/data/Poaceae_Fan_longjiang/huada_update/Hsuehochloa_calcarea/GCA_036346395.1_KIB_Hcal_1_genomic.fna.gz,/mnt/rice/data/Poaceae_Fan_longjiang/huada_update/Hsuehochloa_calcarea/Hsuehochloa_calcarea_GCA_036346395.1_KIB_Hcal_1_genomic.gtf,/mnt/rice/data/Poaceae_Fan_longjiang/huada_update/Hsuehochloa_calcarea/GCA_036346395.1_KIB_Hcal_1_genomic.fna.gz,/mnt/rice/data/Poaceae_Fan_longjiang/huada_update/Hsuehochloa_calcarea/Hsuehochloa_calcarea_GCA_036346395.1_KIB_Hcal_1_genomic.gtf
UTR-HUADA问题,313,119,统计条目,Hygroryza aristata,diploid,GWHFGLW00000000.1.genome.fasta.gz,PRODUCTION_83_result.gtf,hap1,Poales,Poaceae,Commelinids,Monocots,yes,2025/3/28,BMC Genomic Data,10.1186/s12863-025-01314-5,700,349.74,39139,NA,NA,PacBio;ONT,HiFi;ONT ultra long,China,yes,Hifiasm,NA,NA,Juicer,T2T,NA,NA,/mnt/rice/data/Poaceae_Fan_longjiang/genome/GWHFGLW00000000.1.genome.fasta.gz,/mnt/rice/data/Poaceae_Fan_longjiang/annotation/PRODUCTION_83_result.gtf
非UTR-缺注释,315,120,补充条目,Hyparrhenia diplandra,NA,GCA_015847255.1_Hd-A1025-Draft-PanAnd-1.0_genomic.fna.gz,PRODUCTION_55_result.gtf,NA,Poales,Poaceae,Commelinids,Monocots,no,2020/12/8,NA,GCA_015847255.1,NA,2072.0151,NA,NA,NA,NA,NA,NA,NA,NA,NA,NA,NA,NA,/mnt/rice/data/Poaceae_Fan_longjiang/genome/GCA_015847255.1_Hd-A1025-Draft-PanAnd-1.0_genomic.fna.gz,NA,/mnt/rice/data/Poaceae_Fan_longjiang/genome/GCA_015847255.1_Hd-A1025-Draft-PanAnd-1.0_genomic.fna.gz,/mnt/rice/data/Poaceae_Fan_longjiang/annotation/PRODUCTION_55_result.gtf
Huada_FTP_update,316,121,??????,Indocalamus tessellatus,tetraploid,GCA_048537245.1_ASM4853724v1_genomic.fna.gz,Indocalamus_tessellatus_GCA_048537245.1_ASM4853724v1_genomic.gtf,NA,Poales,Poaceae,Commelinids,Monocots,yes,2025/10/28,Scientific Data,10.1038/s41597-025-05988-5,2300,2890,41765,117660,40510,BGI;PacBio,HiFi,China,yes,Hifiasm,NA,HapHiC,HapHiC,no,/mnt/rice/data/Poaceae_Fan_longjiang/huada_update/Indocalamus_tessellatus/GCA_048537245.1_ASM4853724v1_genomic.fna.gz,/mnt/rice/data/Poaceae_Fan_longjiang/huada_update/Indocalamus_tessellatus/Indocalamus_tessellatus_GCA_048537245.1_ASM4853724v1_genomic.gtf,/mnt/rice/data/Poaceae_Fan_longjiang/huada_update/Indocalamus_tessellatus/GCA_048537245.1_ASM4853724v1_genomic.fna.gz,/mnt/rice/data/Poaceae_Fan_longjiang/huada_update/Indocalamus_tessellatus/Indocalamus_tessellatus_GCA_048537245.1_ASM4853724v1_genomic.gtf
原始数据可用,317,122,???????,Leersia oryzoides,NA,GCA_965153235.2_lpLeeOryz1.hap1.2_genomic.fna.gz,Leersia_oryzoides_GCA_965153235.2_lpLeeOryz1.hap1.2_genomic.gtf,lpLeeOryz1.hap1.2,Poales,Poaceae,Commelinids,Monocots,yes,2025/10/26,NA,GCA_965153235.2,NA,766.351316,NA,NA,NA,NA,NA,NA,NA,NA,NA,NA,NA,NA,https://download.cncb.ac.cn/assembly/ncbi/Plants/GCA/965/153/Leersia_oryzoides_rice_cutgrass_lpLeeOryz1.hap1.2_GCA_965153235.2/GCA_965153235.2_lpLeeOryz1.hap1.2_genomic.fna.gz,NA,/mnt/rice/data/Poaceae_Fan_longjiang/genome/GCA_965153235.2_lpLeeOryz1.hap1.2_genomic.fna.gz,/mnt/rice/data/Poaceae_Fan_longjiang/annotation/Plant_gtf/Leersia_oryzoides/Leersia_oryzoides_GCA_965153235.2_lpLeeOryz1.hap1.2_genomic.gtf
Huada_FTP_update,319,123,??????,Leersia perrieri,NA,GCA_000325765.3_Lperr_V1.4_genomic.fna.gz,Leersia_perrieri_GCA_000325765.3_Lperr_V1.4_genomic.gtf,NA,Poales,Poaceae,Commelinids,Monocots,yes,2018/1/22,Nature Genetics,30291357,323,267,29078,8681.563,50.248,Illumina,NGS,USA,no,ALLPATHS,NA,SSPACE;Genome Puzzle Master,NA,no,/mnt/rice/data/Poaceae_Fan_longjiang/huada_update/Leersia_perrieri/GCA_000325765.3_Lperr_V1.4_genomic.fna.gz,/mnt/rice/data/Poaceae_Fan_longjiang/huada_update/Leersia_perrieri/Leersia_perrieri_GCA_000325765.3_Lperr_V1.4_genomic.gtf,/mnt/rice/data/Poaceae_Fan_longjiang/huada_update/Leersia_perrieri/GCA_000325765.3_Lperr_V1.4_genomic.fna.gz,/mnt/rice/data/Poaceae_Fan_longjiang/huada_update/Leersia_perrieri/Leersia_perrieri_GCA_000325765.3_Lperr_V1.4_genomic.gtf
UTR-HUADA问题,320,124,统计条目,Leymus chinensis,allotetraploid,Lc6_hap_resolved_genome.fa.gz,Lc6_hap_resolved_genome.fa.gz.gtf,Lc6_hap_resolved_improved,Poales,Poaceae,Commelinids,Monocots,yes,2026/1/29,Plant Biotechnology Journal,10.1111/pbi.70565,8210,7960,NA,NA,NA,PacBio;Illumina,PacBio;Illumina,China,yes,Hifiasm,NA,RagTag,HiC?Pro,no,NA,NA,/mnt/rice/data/Poaceae_Fan_longjiang/genome/Lc6_hap_resolved_genome.fa.gz,/mnt/rice/data/Poaceae_Fan_longjiang/annotation/Lc6_hap_resolved_genome.fa.gz.gtf
原始数据可用,322,125,???????,Lithachne pauciflora,NA,GCA_052447275.1_KIB_Lpa_1.0_genomic.fna.gz,Lithachne_pauciflora_GCA_052447275.1_KIB_Lpa_1.0_genomic.gtf,NA,Poales,Poaceae,Commelinids,Monocots,yes,2025/9/4,NA,GCA_052447275.1,NA,1697.057,NA,NA,NA,NA,NA,NA,NA,NA,NA,NA,NA,NA,https://download.cncb.ac.cn/assembly/ncbi/Plants/GCA/052/447/Lithachne_pauciflora_monocots_KIB_Lpa_1.0_GCA_052447275.1/GCA_052447275.1_KIB_Lpa_1.0_genomic.fna.gz,NA,/mnt/rice/data/Poaceae_Fan_longjiang/genome/GCA_052447275.1_KIB_Lpa_1.0_genomic.fna.gz,/mnt/rice/data/Poaceae_Fan_longjiang/annotation/Plant_gtf/Lithachne_pauciflora/Lithachne_pauciflora_GCA_052447275.1_KIB_Lpa_1.0_genomic.gtf
非UTR-缺注释,323,126,统计条目,Lolium multiflorum,diploid,Adret2v2.fasta,PRODUCTION_56_result.gtf,Adret_v2,Poales,Poaceae,Commelinids,Monocots,yes,2024/2/27,The Plant Journal,10.1111/tpj.16693,2500,NA,NA,NA,NA,Illumina,NGS,Switzerland,no,NA,NA,RagTag,NA,no,/mnt/rice/data/Poaceae_Fan_longjiang/genome/Adret2v2.fasta,NA,/mnt/rice/data/Poaceae_Fan_longjiang/genome/Adret2v2.fasta,/mnt/rice/data/Poaceae_Fan_longjiang/annotation/PRODUCTION_56_result.gtf
UTR-HUADA问题,325,127,统计条目,Lolium multiflorum cv. 'Rabiosa',diploid,GCA_030979885.1_Rabiosa_unphased_assembly_genomic.fna.gz,PRODUCTION_101_result.gtf,cv. ??Rabiosa??,Poales,Poaceae,Commelinids,Monocots,yes,2025/9/18,Plant Genome,10.1002/tpg2.70079,NA,2750,72069,338750,1332.6,ONT;Illumina,Other TGS,Switzerland,yes,Flye; Canu,Polca,3D-DNA;Juicer,3D-DNA;Juicer,no,NA,NA,/mnt/rice/data/Poaceae_Fan_longjiang/genome/GCA_030979885.1_Rabiosa_unphased_assembly_genomic.fna.gz,/mnt/rice/data/Poaceae_Fan_longjiang/annotation/PRODUCTION_101_result.gtf
UTR-HUADA问题,327,128,统计条目,Lolium perenne,diploid,GCF_019359855.2_Kyuss_2.0_genomic.fna.gz,PRODUCTION_74_result.gtf,Kyuss,Poales,Poaceae,Commelinids,Monocots,yes,2021/7/10,Genome Biology and Evolution,10.1093/gbe/evab159,2720,2281,38868,11276,11740,ONT;Illumina,Other TGS,Switzerland,no,Flye,Medaka;Pilon,ALLMAPS,NA,no,/mnt/rice/data/Poaceae_Fan_longjiang/huada_update/Lolium_perenne/GCA_019359855.2_Kyuss_2.0_genomic.fna.gz,NA,/mnt/rice/data/Poaceae_Fan_longjiang/genome/GCF_019359855.2_Kyuss_2.0_genomic.fna.gz,/mnt/rice/data/Poaceae_Fan_longjiang/annotation/PRODUCTION_74_result.gtf
UTR-HUADA问题,330,129,补充条目,Lolium rigidum,NA,GCA_022539505.1_APGP_CSIRO_Lrig_0.1_genomic.fna.gz,PRODUCTION_102_result.gtf,APGP_CSIRO_Lrig_0.1,Poales,Poaceae,Commelinids,Monocots,yes,2022/3/14,NA,GCF_022539505.1,NA,2438.467165,NA,NA,NA,NA,NA,NA,NA,NA,NA,NA,NA,NA,/mnt/rice/data/Poaceae_Fan_longjiang/huada_update/Lolium_rigidum/GCA_022539505.1_APGP_CSIRO_Lrig_0.1_genomic.fna.gz,NA,/mnt/rice/data/Poaceae_Fan_longjiang/genome/GCA_022539505.1_APGP_CSIRO_Lrig_0.1_genomic.fna.gz,/mnt/rice/data/Poaceae_Fan_longjiang/annotation/PRODUCTION_102_result.gtf
原始数据可用,331,130,???????,Melocanna baccifera,NA,GCA_036346265.1_KIB_Mbac_1_genomic.fna.gz,Melocanna_baccifera_GCA_036346265.1_KIB_Mbac_1_genomic.gtf,NA,Poales,Poaceae,Commelinids,Monocots,yes,2024/2/2,NA,GCA_036346265.1,NA,1077.0663,NA,NA,NA,NA,NA,NA,NA,NA,NA,NA,NA,NA,https://download.cncb.ac.cn/assembly/ncbi/Plants/GCA/036/346/Melocanna_baccifera_monocots_KIB_Mbac_1_GCA_036346265.1/GCA_036346265.1_KIB_Mbac_1_genomic.fna.gz,NA,/mnt/rice/data/Poaceae_Fan_longjiang/genome/GCA_036346265.1_KIB_Mbac_1_genomic.fna.gz,/mnt/rice/data/Poaceae_Fan_longjiang/annotation/Plant_gtf/Melocanna_baccifera/Melocanna_baccifera_GCA_036346265.1_KIB_Mbac_1_genomic.gtf
原始数据可用,332,131,??????,Microstegium vimineum,NA,GCA_022036555.1_ASM2203655v1_genomic.fna.gz,Microstegium_vimineum_GCA_022036555.1_ASM2203655v1_genomic.gtf,NA,Poales,Poaceae,Commelinids,Monocots,yes,2021/10/28,Genome Biology and Evolution,10.1093/gbe/evab238,1200,1120,39604,53440,605,PacBio,Other TGS,USA,yes,wtdbg,NA,HiRise,HiRise,no,https://www.ncbi.nlm.nih.gov/datasets/genome/GCA_022036555.1/,https://figshare.10.6084/m9.figshare.28869197,/mnt/rice/data/Poaceae_Fan_longjiang/genome/GCA_022036555.1_ASM2203655v1_genomic.fna.gz,/mnt/rice/data/Poaceae_Fan_longjiang/annotation/Plant_gtf/Microstegium_vimineum/Microstegium_vimineum_GCA_022036555.1_ASM2203655v1_genomic.gtf
UTR-HUADA问题,333,132,统计条目,Miscanthus floridulus,diploid,GCF_019320115.1_ASM1932011v1_genomic.fna.gz,PRODUCTION_75_result.gtf,MF70,Poales,Poaceae,Commelinids,Monocots,yes,2021/5/5,Nature Plants,10.1038/s41477-021-00908-y,2462.35,2684.39,76913,1644.938,820.435,PacBio;Illumina,Other TGS,China,yes,Falcon,Quiver;Pilon,FragScaff;LACHESIS,LACHESIS,no,/mnt/rice/data/Poaceae_Fan_longjiang/huada_update/Miscanthus_floridulus/GCA_019320115.1_ASM1932011v1_genomic.fna.gz,NA,/mnt/rice/data/Poaceae_Fan_longjiang/genome/GCF_019320115.1_ASM1932011v1_genomic.fna.gz,/mnt/rice/data/Poaceae_Fan_longjiang/annotation/PRODUCTION_75_result.gtf
UTR-HUADA问题,334,133,统计条目,Miscanthus lutarioriparius,diploid,GCA_904845875.1_Mlu_assembly_genomic.fna.gz,PRODUCTION_93_result.gtf,NA,Poales,Poaceae,Commelinids,Monocots,yes,2021/4/28,Nature Communications,10.1038/s41467-021-22738-4,2190,2070,68328,113460,1710,ONT;Illumina,Other TGS,China,yes,SMARTdenovo,Racon;Pilon,3D-DNA;LACHESIS,3D-DNA;LACHESIS,no,/mnt/rice/data/Poaceae_Fan_longjiang/huada_update/Miscanthus_lutarioriparius/GCA_904845875.1_Mlu_assembly_genomic.fna.gz,NA,/mnt/rice/data/Poaceae_Fan_longjiang/genome/GCA_904845875.1_Mlu_assembly_genomic.fna.gz,/mnt/rice/data/Poaceae_Fan_longjiang/annotation/PRODUCTION_93_result.gtf
原始数据可用,335,134,???????,Miscanthus sacchariflorus,NA,GCA_002993905.1_Msac_v3_genomic.fna.gz,Miscanthus_sacchariflorus_GCA_002993905.1_Msac_v3_genomic.gtf,Msac_v3,Poales,Poaceae,Commelinids,Monocots,yes,2018/3/14,NA,GCA_002993905.1,NA,2074.921001,NA,NA,NA,NA,NA,NA,NA,NA,NA,NA,NA,NA,https://download.cncb.ac.cn/assembly/ncbi/Plants/GCA/002/993/Miscanthus_sacchariflorus_Amur_silver_grass_Msac_v3_GCA_002993905.1/GCA_002993905.1_Msac_v3_genomic.fna.gz,NA,/mnt/rice/data/Poaceae_Fan_longjiang/genome/GCA_002993905.1_Msac_v3_genomic.fna.gz,/mnt/rice/data/Poaceae_Fan_longjiang/annotation/Plant_gtf/Miscanthus_sacchariflorus/Miscanthus_sacchariflorus_GCA_002993905.1_Msac_v3_genomic.gtf
原始数据可用,337,135,??????,Miscanthus sinensis,NA,Msinensis_497_v7.0.fa.gz,Msinensis_497_v7.1.gene.gff3.gz,NA,Poales,Poaceae,Commelinids,Monocots,yes,2020/10/28,Nature Communications,33116128,2500,1680,67967,190,33.1,Illumina,NGS,USA,yes,Meraculous,NA,HiRise,HiRise,no,https://phytozome-next.jgi.doe.gov/info/Msinensis_v7_1,https://figshare.10.6084/m9.figshare.28869197,/mnt/rice/data/Poaceae_Fan_longjiang/genome/Msinensis_497_v7.0.fa.gz,/mnt/rice/data/Poaceae_Fan_longjiang/annotation/Msinensis_497_v7.1.gene.gff3.gz
原始数据可用,339,136,??????,Neostapfia colusana,diploid,GCA_030760725.1_lpNeoColu1.0.hap1_genomic.fna.gz,Neostapfia_colusana_GCA_030760725.1_lpNeoColu1.0.hap1_genomic.gtf,haplotype 1,Poales,Poaceae,Commelinids,Monocots,yes,2025/10/7,Journal of  Heredity,10.1093/jhered/esaf075,2210 (diploid),2136,30836 (diploid),112313,10112,PacBio,HiFi,USA,yes,Hifiasm,NA,SALSA,Arima-HiC,no,https://www.ncbi.nlm.nih.gov/nuccore/GCA_030760725.1,https://figshare.10.6084/m9.figshare.28869197,/mnt/rice/data/Poaceae_Fan_longjiang/genome/GCA_030760725.1_lpNeoColu1.0.hap1_genomic.fna.gz,/mnt/rice/data/Poaceae_Fan_longjiang/annotation/Plant_gtf3/Neostapfia_colusana/Neostapfia_colusana_GCA_030760725.1_lpNeoColu1.0.hap1_genomic.gtf
Huada_FTP_update,341,137,??????,Olyra latifolia,diploid,GCA_036346145.1_KIB_Olat_2_genomic.fna.gz,Olyra_latifolia_GCA_036346145.1_KIB_Olat_2_genomic.gtf,NA,Poales,Poaceae,Commelinids,Monocots,yes,2024/3/15,Nature Genetics,10.1038/s41588-024-01683-0,680,639.19,31189,57043.75 ,13669.50 ,ONT,ONT,China,yes,CANU;SMARTdenovo;NextDenovo,Racon;Nextpolish;Pilon,LACHESIS,BWA;HiC-Pro;LACHESIS,pan-genome,/mnt/rice/data/Poaceae_Fan_longjiang/huada_update/Olyra_latifolia/GCA_036346145.1_KIB_Olat_2_genomic.fna.gz,/mnt/rice/data/Poaceae_Fan_longjiang/huada_update/Olyra_latifolia/Olyra_latifolia_GCA_036346145.1_KIB_Olat_2_genomic.gtf,/mnt/rice/data/Poaceae_Fan_longjiang/huada_update/Olyra_latifolia/GCA_036346145.1_KIB_Olat_2_genomic.fna.gz,/mnt/rice/data/Poaceae_Fan_longjiang/huada_update/Olyra_latifolia/Olyra_latifolia_GCA_036346145.1_KIB_Olat_2_genomic.gtf
原始数据可用,343,138,???????,Orcuttia inaequalis,NA,GCA_052094925.1_lpOrcInae1.0.p_genomic.fna.gz,Orcuttia_inaequalis_GCA_052094925.1_lpOrcInae1.0.p_genomic.gtf,lpOrcInae1.0.p,Poales,Poaceae,Commelinids,Monocots,no,2025/8/18,NA,GCA_052094925.1,NA,1547.940159,NA,NA,NA,NA,NA,NA,NA,NA,NA,NA,NA,NA,https://download.cncb.ac.cn/assembly/ncbi/Plants/GCA/052/094/Orcuttia_inaequalis_monocots_lpOrcInae1.0.p_GCA_052094925.1/GCA_052094925.1_lpOrcInae1.0.p_genomic.fna.gz,NA,/mnt/rice/data/Poaceae_Fan_longjiang/genome/GCA_052094925.1_lpOrcInae1.0.p_genomic.fna.gz,/mnt/rice/data/Poaceae_Fan_longjiang/annotation/Plant_gtf3/Orcuttia_inaequalis/Orcuttia_inaequalis_GCA_052094925.1_lpOrcInae1.0.p_genomic.gtf
UTR-HUADA问题,345,139,补充条目,Orinus kokonorica,NA,GWHFAJP00000000.1.genome.fasta.gz,PRODUCTION_82_result.gtf,NA,Poales,Poaceae,Commelinids,Monocots,yes,2024/8/17,NA,GWHFAJP00000000.1,NA,555.9462,NA,NA,NA,NA,NA,NA,NA,NA,NA,NA,NA,NA,NA,NA,/mnt/rice/data/Poaceae_Fan_longjiang/genome/GWHFAJP00000000.1.genome.fasta.gz,/mnt/rice/data/Poaceae_Fan_longjiang/annotation/PRODUCTION_82_result.gtf
原始数据可用,346,140,???????,Oropetium thomaeum,NA,GCA_001182835.1_Oropetium_genomic_20141112_genomic.fna.gz,Oropetium_thomaeum_GCA_001182835.1_Oropetium_genomic_20141112_genomic.gtf,NA,Poales,Poaceae,Commelinids,Monocots,no,2015/7/20,NA,GCA_001182835.1,NA,243.1746,NA,NA,NA,NA,NA,NA,NA,NA,NA,NA,NA,NA,https://download.cncb.ac.cn/assembly/ncbi/Plants/GCA/001/182/Oropetium_thomaeum_monocots_Oropetium_genomic_20141112_GCA_001182835.1/GCA_001182835.1_Oropetium_genomic_20141112_genomic.fna.gz,NA,/mnt/rice/data/Poaceae_Fan_longjiang/genome/GCA_001182835.1_Oropetium_genomic_20141112_genomic.fna.gz,/mnt/rice/data/Poaceae_Fan_longjiang/annotation/Plant_gtf3/Oropetium_thomaeum/Oropetium_thomaeum_GCA_001182835.1_Oropetium_genomic_20141112_genomic.gtf
原始数据可用,348,141,??????,Oryza alta,tetraploid,GCA_047899615.1_ASM4789961v1_genomic.fna.gz,Oryza_alta_GCA_047899615.1_ASM4789961v1_genomic.gtf,(CCDD)_PRJNA1039467,Poales,Poaceae,Commelinids,Monocots,yes,2025/4/28,Nature Genetics,10.1038/s41588-025-02183-5,NA,909.02,66387,38390,18170,PacBio,Other TGS,Saudi Arabia,no,Mecat2;Canu;Flye,Pilon,Bionano Access;GCPP;Mashmap;HAKMER;RagTag,NA,pan-genome,https://ngdc.cncb.ac.cn/bioproject/browse/insdc/PRJNA1039467,https://figshare.10.6084/m9.figshare.28869197,/mnt/rice/data/Poaceae_Fan_longjiang/genome/GCA_047899615.1_ASM4789961v1_genomic.fna.gz,/mnt/rice/data/Poaceae_Fan_longjiang/annotation/Plant_gtf/Oryza_alta/Oryza_alta_GCA_047899615.1_ASM4789961v1_genomic.gtf
Huada_FTP_update,350,142,??????,Oryza australiensis,diploid,GCA_051403855.1_Oaustraliensis_hap1_genomic.fna.gz,Oryza_australiensis_GCA_051403855.1_Oaustraliensis_hap1_genomic.gtf,IRGCACC105278_EE,Poales,Poaceae,Commelinids,Monocots,yes,2026/5/27,Nature Communications,10.1038/s41467-026-73769-8,965,901,36742,76600,76600,ONT;Illumina,ONT ultra long,China,no,NextDenovo,NextPolish,LR_Gapcloser,NA,T2T,/mnt/rice/data/Poaceae_Fan_longjiang/huada_update/Oryza_australiensis/GCA_051403855.1_Oaustraliensis_hap1_genomic.fna.gz,/mnt/rice/data/Poaceae_Fan_longjiang/huada_update/Oryza_australiensis/Oryza_australiensis_GCA_051403855.1_Oaustraliensis_hap1_genomic.gtf,/mnt/rice/data/Poaceae_Fan_longjiang/huada_update/Oryza_australiensis/GCA_051403855.1_Oaustraliensis_hap1_genomic.fna.gz,/mnt/rice/data/Poaceae_Fan_longjiang/huada_update/Oryza_australiensis/Oryza_australiensis_GCA_051403855.1_Oaustraliensis_hap1_genomic.gtf
Huada_FTP_update,365,143,??????,Oryza barthii,diploid,GCA_055775245.1_ASM5577524v1_genomic.fna.gz,Oryza_barthii_GCA_055775245.1_ASM5577524v1_genomic.gtf,NH286,Poales,Poaceae,Commelinids,Monocots,yes,2022/7/12,Cell Research,10.1038/s41422-022-00685-z,376,340.58 ,35003,NA,15533.27,ONT;Illumina,Other TGS,China,yes,wtdbg,wtpoa;Pilon,3D-DNA,3D-DNA,pan-genome,/mnt/rice/data/Poaceae_Fan_longjiang/huada_update/Oryza_barthii/GCA_055775245.1_ASM5577524v1_genomic.fna.gz,/mnt/rice/data/Poaceae_Fan_longjiang/huada_update/Oryza_barthii/Oryza_barthii_GCA_051998315.1_ASM5199831v1_genomic.gtf,/mnt/rice/data/Poaceae_Fan_longjiang/huada_update/Oryza_barthii/GCA_055775245.1_ASM5577524v1_genomic.fna.gz,/mnt/rice/data/Poaceae_Fan_longjiang/huada_update/Oryza_barthii/Oryza_barthii_GCA_055775245.1_ASM5577524v1_genomic.gtf
原始数据可用,366,144,??????,Oryza brachyantha,diploid,GCA_000231095.3_ObraRS2_genomic.fna.gz,Oryza_brachyantha_GCA_000231095.3_ObraRS2_genomic.gtf,NA,Poales,Poaceae,Commelinids,Monocots,yes,2013/3/12,Nature Communications,23481403,300,261,32038,1600,NA,Illumina;Sanger;,NGS,China,no,SOAPdenovo,NA,NA,NA,no,https://www.ncbi.nlm.nih.gov/datasets/genome/GCA_000231095.3/,https://figshare.10.6084/m9.figshare.28869197,/mnt/rice/data/Poaceae_Fan_longjiang/genome/GCA_000231095.3_ObraRS2_genomic.fna.gz,/mnt/rice/data/Poaceae_Fan_longjiang/annotation/Plant_gtf3/Oryza_brachyantha/Oryza_brachyantha_GCA_000231095.3_ObraRS2_genomic.gtf
原始数据可用,370,145,??????,Oryza coarctata,tetraploid,GCA_036417745.2_OcoaRS2_genomic.fna.gz,Oryza_coarctata_GCA_036417745.2_OcoaRS2_genomic.gtf,(KKLL)_PRJNA439330,Poales,Poaceae,Commelinids,Monocots,yes,2025/4/28,Nature Genetics,10.1038/s41588-025-02183-5,NA,555.71,55709,22970,22970,PacBio,HiFi,Saudi Arabia,no,Hifiasm;HiCanu,Pilon,Bionano Access;GCPP;Mashmap;HAKMER;RagTag,NA,no,https://www.ncbi.nlm.nih.gov/bioproject/?term=PRJNA439330,https://figshare.10.6084/m9.figshare.28869197,/mnt/rice/data/Poaceae_Fan_longjiang/genome/GCA_036417745.2_OcoaRS2_genomic.fna.gz,/mnt/rice/data/Poaceae_Fan_longjiang/annotation/Plant_gtf/Oryza_coarctata/Oryza_coarctata_GCA_036417745.2_OcoaRS2_genomic.gtf
原始数据可用,372,146,??????,Oryza eichingeri,diploid,W-71_genome.fasta,W-71_genome.fasta.gff3,NA,Poales,Poaceae,Commelinids,Monocots,yes,2024/11/18,Nature Communications,10.1038/s41467-024-54427-3,NA,547,44719,NA,49780,PacBio;Illumina,HiFi,China,yes,Hifiasm,NA,NA,3D-DNA;Juicer,no,https://figshare.com/s/32d0ac68cee7f647e1e3,https://figshare.10.6084/m9.figshare.28869197,/mnt/rice/data/Poaceae_Fan_longjiang/genome/W-71_genome.fasta,/mnt/rice/data/Poaceae_Fan_longjiang/annotation/W-71_genome.fasta.gff3
Huada_FTP_update,373,147,??????,Oryza glaberrima,diploid,GCA_000147395.3_OglaRS2_genomic.fna.gz,Oryza_glaberrima_GCA_000147395.3_OglaRS2_genomic.gtf,NH265,Poales,Poaceae,Commelinids,Monocots,yes,2022/7/12,Cell Research,10.1038/s41422-022-00685-z,411,347.16 ,35260,NA,14365.345,ONT;Illumina,Other TGS,China,yes,wtdbg,wtpoa;Pilon,3D-DNA,3D-DNA,pan-genome,/mnt/rice/data/Poaceae_Fan_longjiang/huada_update/Oryza_glaberrima/GCA_000147395.3_OglaRS2_genomic.fna.gz,/mnt/rice/data/Poaceae_Fan_longjiang/huada_update/Oryza_glaberrima/Oryza_glaberrima_GCA_000147395.3_OglaRS2_genomic.gtf,/mnt/rice/data/Poaceae_Fan_longjiang/huada_update/Oryza_glaberrima/GCA_000147395.3_OglaRS2_genomic.fna.gz,/mnt/rice/data/Poaceae_Fan_longjiang/huada_update/Oryza_glaberrima/Oryza_glaberrima_GCA_000147395.3_OglaRS2_genomic.gtf
原始数据可用,384,148,???????,Oryza glaberrima x Oryza sativa,NA,GCA_965117955.1_NericaL19_genomic.fna.gz,Oryza_glaberrima_x_Oryza_sativa_GCA_965117955.1_NericaL19_genomic.gtf,NericaL19,Poales,Poaceae,Commelinids,Monocots,no,2025/1/25,NA,GCA_965117955.1,NA,393.943085,NA,NA,NA,NA,NA,NA,NA,NA,NA,NA,NA,NA,https://download.cncb.ac.cn/assembly/ncbi/Plants/GCA/965/117/Oryza_glaberrima_x_Oryza_sativa_monocots_NericaL19_GCA_965117955.1/GCA_965117955.1_NericaL19_genomic.fna.gz,NA,/mnt/rice/data/Poaceae_Fan_longjiang/genome/GCA_965117955.1_NericaL19_genomic.fna.gz,/mnt/rice/data/Poaceae_Fan_longjiang/annotation/Plant_gtf3/Oryza_glaberrima_x_Oryza_sativa/Oryza_glaberrima_x_Oryza_sativa_GCA_965117955.1_NericaL19_genomic.gtf
原始数据可用,386,149,??????,Oryza glumaepatula,diploid,W-97_genome.fasta,W-97_genome.fasta.gff3,NA,Poales,Poaceae,Commelinids,Monocots,yes,2024/11/18,Nature Communications,10.1038/s41467-024-54427-3,NA,393.8,44527,NA,14180,PacBio;Illumina,HiFi,China,yes,Hifiasm,NA,NA,3D-DNA;Juicer,no,https://figshare.com/s/32d0ac68cee7f647e1e3,https://figshare.10.6084/m9.figshare.28869197,/mnt/rice/data/Poaceae_Fan_longjiang/genome/W-97_genome.fasta,/mnt/rice/data/Poaceae_Fan_longjiang/annotation/W-97_genome.fasta.gff3
原始数据可用,387,150,???????,Oryza glumipatula,NA,GCA_000576495.2_OgluRS3_genomic.fna.gz,Oryza_glumipatula_GCA_000576495.2_OgluRS3_genomic.gtf,OgluRS3,Poales,Poaceae,Commelinids,Monocots,yes,2021/3/10,NA,GCA_000576495.2,NA,388.593428,NA,NA,NA,NA,NA,NA,NA,NA,NA,NA,NA,NA,https://download.cncb.ac.cn/assembly/ncbi/Plants/GCA/000/576/Oryza_glumipatula_monocots_OgluRS3_GCA_000576495.2/GCA_000576495.2_OgluRS3_genomic.fna.gz,NA,/mnt/rice/data/Poaceae_Fan_longjiang/genome/GCA_000576495.2_OgluRS3_genomic.fna.gz,/mnt/rice/data/Poaceae_Fan_longjiang/annotation/Plant_gtf/Oryza_glumipatula/Oryza_glumipatula_GCA_000576495.2_OgluRS3_genomic.gtf
原始数据可用,388,151,??????,Oryza grandiglumis,tetraploid,GCA_048188845.1_Oryza_grandiglumis_Doell_1.0_genome_genomic.fna,Oryza_grandiglumis_GCA_048188845.1_Oryza_grandiglumis_Doell_1.0_genome_genomic.gtf,(CCDD)_PRJNA737282,Poales,Poaceae,Commelinids,Monocots,yes,2025/4/28,Nature Genetics,10.1038/s41588-025-02183-5,NA,871.18,66356,37530,19300,PacBio,Other TGS,Saudi Arabia,no,Mecat2;Canu;Flye,Pilon,Bionano Access;GCPP;Mashmap;HAKMER;RagTag,NA,pan-genome,https://www.ncbi.nlm.nih.gov/bioproject/?term=PRJNA737282,https://figshare.10.6084/m9.figshare.28869197,/mnt/rice/data/Poaceae_Fan_longjiang/genome/GCA_048188845.1_Oryza_grandiglumis_Doell_1.0_genome_genomic.fna,/mnt/rice/data/Poaceae_Fan_longjiang/annotation/Plant_gtf/Oryza_grandiglumis/Oryza_grandiglumis_GCA_048188845.1_Oryza_grandiglumis_Doell_1.0_genome_genomic.gtf
原始数据可用,389,152,??????,Oryza grandigumis,tetraploid,W-100_genome.fasta,W-100_genome.fasta.gff3,NA,Poales,Poaceae,Commelinids,Monocots,yes,2024/11/18,Nature Communications,10.1038/s41467-024-54427-3,NA,906.1,81960,NA,21730,PacBio;Illumina,HiFi,China,yes,Hifiasm,NA,NA,3D-DNA;Juicer,no,https://figshare.com/s/32d0ac68cee7f647e1e3,https://figshare.10.6084/m9.figshare.28869197,/mnt/rice/data/Poaceae_Fan_longjiang/genome/W-100_genome.fasta,/mnt/rice/data/Poaceae_Fan_longjiang/annotation/W-100_genome.fasta.gff3
UTR-HUADA问题,390,153,统计条目,Oryza granulata,diploid,GWHAAKB00000000.genome.fasta.gz,PRODUCTION_111_result.gtf,Ecotype: Menghai,Poales,Poaceae,Commelinids,Monocots,yes,2020/4/29,Scientific Data,32350267,785,736.66,40131,916.3,43.9,Illumina,NGS,China,yes,ALLPATHS,NA,SSPACE;LACHESIS,LACHESIS,no,NA,NA,/mnt/rice/data/Poaceae_Fan_longjiang/genome/GWHAAKB00000000.genome.fasta.gz,/mnt/rice/data/Poaceae_Fan_longjiang/annotation/PRODUCTION_111_result.gtf
Huada_FTP_update,392,154,??????,Oryza latifolia,tetraploid,GCA_048174585.1_Oryza_latifolia_Desv_1.0_genome_genomic.fna.gz,Oryza_latifolia_GCA_048174585.1_Oryza_latifolia_Desv_1.0_genome_genomic.gtf,(CCDD)_PRJNA737486,Poales,Poaceae,Commelinids,Monocots,yes,2025/4/28,Nature Genetics,10.1038/s41588-025-02183-5,NA,1058.40 ,73734,45310,35130,PacBio,Other TGS,Saudi Arabia,no,Mecat2;Canu;Flye,Pilon,Bionano Access;GCPP;Mashmap;HAKMER;RagTag,NA,pan-genome,/mnt/rice/data/Poaceae_Fan_longjiang/huada_update/Oryza_latifolia/GCA_048174585.1_Oryza_latifolia_Desv_1.0_genome_genomic.fna.gz,/mnt/rice/data/Poaceae_Fan_longjiang/huada_update/Oryza_latifolia/Oryza_latifolia_GCA_048174585.1_Oryza_latifolia_Desv_1.0_genome_genomic.gtf,/mnt/rice/data/Poaceae_Fan_longjiang/huada_update/Oryza_latifolia/GCA_048174585.1_Oryza_latifolia_Desv_1.0_genome_genomic.fna.gz,/mnt/rice/data/Poaceae_Fan_longjiang/huada_update/Oryza_latifolia/Oryza_latifolia_GCA_048174585.1_Oryza_latifolia_Desv_1.0_genome_genomic.gtf
Huada_FTP_update,394,155,??????,Oryza longiglumis,tetraploid,GCA_048014755.1_ASM4801475v1_genomic.fna.gz,Oryza_longiglumis_GCA_048014755.1_ASM4801475v1_genomic.gtf,(HHJJ)_PRJNA1016142,Poales,Poaceae,Commelinids,Monocots,yes,2025/4/28,Nature Genetics,10.1038/s41588-025-02183-5,NA,1146.78,73324,51170,51170,PacBio,HiFi,Saudi Arabia,no,Hifiasm;HiCanu,Pilon,Bionano Access;GCPP;Mashmap;HAKMER;RagTag,NA,no,/mnt/rice/data/Poaceae_Fan_longjiang/huada_update/Oryza_longiglumis/GCA_048014755.1_ASM4801475v1_genomic.fna.gz,/mnt/rice/data/Poaceae_Fan_longjiang/huada_update/Oryza_longiglumis/Oryza_longiglumis_GCA_048014755.1_ASM4801475v1_genomic.gtf,/mnt/rice/data/Poaceae_Fan_longjiang/huada_update/Oryza_longiglumis/GCA_048014755.1_ASM4801475v1_genomic.fna.gz,/mnt/rice/data/Poaceae_Fan_longjiang/huada_update/Oryza_longiglumis/Oryza_longiglumis_GCA_048014755.1_ASM4801475v1_genomic.gtf
Huada_FTP_update,395,156,??????,Oryza longistaminata,diploid,GCA_009805545.1_ASM980554v1_genomic.fna.gz,Oryza_longistaminata_GCA_009805545.1_ASM980554v1_genomic.gtf,IRGC 81967,Poales,Poaceae,Commelinids,Monocots,yes,2020/3/20,The Plant Genome,33016624,347,363.5,35440,6830,46.49,Illumina;PacBio,Other TGS,China,yes,ALLPATHS,NA,LACHESIS,LACHESIS,no,/mnt/rice/data/Poaceae_Fan_longjiang/huada_update/Oryza_longistaminata/GCA_009805545.1_ASM980554v1_genomic.fna.gz,/mnt/rice/data/Poaceae_Fan_longjiang/huada_update/Oryza_longistaminata/Oryza_longistaminata_GCA_009805545.1_ASM980554v1_genomic.gtf,/mnt/rice/data/Poaceae_Fan_longjiang/huada_update/Oryza_longistaminata/GCA_009805545.1_ASM980554v1_genomic.fna.gz,/mnt/rice/data/Poaceae_Fan_longjiang/huada_update/Oryza_longistaminata/Oryza_longistaminata_GCA_009805545.1_ASM980554v1_genomic.gtf
Huada_FTP_update,399,157,??????,Oryza malampuzhaensis,tetraploid,GCA_048564985.1_O_malampuzhaensis_1.0_genomic.fna.gz,Oryza_malampuzhaensis_GCA_048564985.1_O_malampuzhaensis_1.0_genomic.gtf,(BBCC)_PRJNA757598,Poales,Poaceae,Commelinids,Monocots,yes,2025/4/28,Nature Genetics,10.1038/s41588-025-02183-5,NA,934.73,77869,39290,19090,PacBio,Other TGS,Saudi Arabia,no,Mecat2;Canu;Flye,Pilon,Bionano Access;GCPP;Mashmap;HAKMER;RagTag,NA,pan-genome,/mnt/rice/data/Poaceae_Fan_longjiang/huada_update/Oryza_malampuzhaensis/GCA_048564985.1_O_malampuzhaensis_1.0_genomic.fna.gz,/mnt/rice/data/Poaceae_Fan_longjiang/huada_update/Oryza_malampuzhaensis/Oryza_malampuzhaensis_GCA_048564985.1_O_malampuzhaensis_1.0_genomic.gtf,/mnt/rice/data/Poaceae_Fan_longjiang/huada_update/Oryza_malampuzhaensis/GCA_048564985.1_O_malampuzhaensis_1.0_genomic.fna.gz,/mnt/rice/data/Poaceae_Fan_longjiang/huada_update/Oryza_malampuzhaensis/Oryza_malampuzhaensis_GCA_048564985.1_O_malampuzhaensis_1.0_genomic.gtf
Huada_FTP_update,403,158,??????,Oryza meridionalis,diploid,GCA_047496205.1_ASM4749620v1_genomic.fna.gz,Oryza_meridionalis_GCA_047496205.1_ASM4749620v1_genomic.gtf,OM1952,Poales,Poaceae,Commelinids,Monocots,yes,2025/4/16,Nature,10.1038/s41586-025-08883-6,NA,NA,38135,NA,NA,PacBio;Illumina;ONT,HiFi;Other TGS,China,no,NextDenovo,Racon,NA,NA,pan-genome,/mnt/rice/data/Poaceae_Fan_longjiang/huada_update/Oryza_meridionalis/GCA_047496205.1_ASM4749620v1_genomic.fna.gz,/mnt/rice/data/Poaceae_Fan_longjiang/huada_update/Oryza_meridionalis/Oryza_meridionalis_GCA_047496205.1_ASM4749620v1_genomic.gtf,/mnt/rice/data/Poaceae_Fan_longjiang/huada_update/Oryza_meridionalis/GCA_047496205.1_ASM4749620v1_genomic.fna.gz,/mnt/rice/data/Poaceae_Fan_longjiang/huada_update/Oryza_meridionalis/Oryza_meridionalis_GCA_047496205.1_ASM4749620v1_genomic.gtf
UTR-HUADA问题,404,159,统计条目,Oryza meyeriana,diploid,GCA_047899645.1_ASM4789964v1_genomic.fna.gz,PRODUCTION_99_result.gtf,(GG)_PRJNA1039468,Poales,Poaceae,Commelinids,Monocots,yes,2025/4/28,Nature Genetics,10.1038/s41588-025-02183-5,NA,789.12,45092,66880,66880,PacBio,HiFi,Saudi Arabia,no,Hifiasm;HiCanu,Pilon,Bionano Access;GCPP;Mashmap;HAKMER;RagTag,NA,no,NA,NA,/mnt/rice/data/Poaceae_Fan_longjiang/genome/GCA_047899645.1_ASM4789964v1_genomic.fna.gz,/mnt/rice/data/Poaceae_Fan_longjiang/annotation/PRODUCTION_99_result.gtf
Huada_FTP_update,406,160,??????,Oryza minuta,tetraploid,GCA_048166525.1_O_minuta_1.0_genomic.fna.gz,Oryza_minuta_GCA_048166525.1_O_minuta_1.0_genomic.gtf,(BBCC)_PRJNA757599,Poales,Poaceae,Commelinids,Monocots,yes,2025/4/28,Nature Genetics,10.1038/s41588-025-02183-5,NA,980.38,74266,41470,20600,PacBio,Other TGS,Saudi Arabia,no,Mecat2;Canu;Flye,Pilon,Bionano Access;GCPP;Mashmap;HAKMER;RagTag,NA,pan-genome,/mnt/rice/data/Poaceae_Fan_longjiang/huada_update/Oryza_minuta/GCA_048166525.1_O_minuta_1.0_genomic.fna.gz,/mnt/rice/data/Poaceae_Fan_longjiang/huada_update/Oryza_minuta/Oryza_minuta_GCA_048166525.1_O_minuta_1.0_genomic.gtf,/mnt/rice/data/Poaceae_Fan_longjiang/huada_update/Oryza_minuta/GCA_048166525.1_O_minuta_1.0_genomic.fna.gz,/mnt/rice/data/Poaceae_Fan_longjiang/huada_update/Oryza_minuta/Oryza_minuta_GCA_048166525.1_O_minuta_1.0_genomic.gtf
原始数据可用,408,161,???????,Oryza nivara,NA,GCA_000576065.2_OnivRS2_genomic.fna.gz,Oryza_nivara_GCA_000576065.2_OnivRS2_genomic.gtf,OnivRS2,Poales,Poaceae,Commelinids,Monocots,yes,2021/3/10,NA,GCA_000576065.2,NA,395.534265,NA,NA,NA,NA,NA,NA,NA,NA,NA,NA,NA,NA,https://download.cncb.ac.cn/assembly/ncbi/Plants/GCA/000/576/Oryza_nivara_monocots_OnivRS2_GCA_000576065.2/GCA_000576065.2_OnivRS2_genomic.fna.gz,NA,/mnt/rice/data/Poaceae_Fan_longjiang/genome/GCA_000576065.2_OnivRS2_genomic.fna.gz,/mnt/rice/data/Poaceae_Fan_longjiang/annotation/Plant_gtf/Oryza_nivara/Oryza_nivara_GCA_000576065.2_OnivRS2_genomic.gtf
原始数据可用,409,162,??????,Oryza officinalis,diploid,OSF.genome.fasta,Oo_V1.new.gff3,MT10,Poales,Poaceae,Commelinids,Monocots,yes,2025/5/13,Rice (New York),10.1186/s12284-025-00769-5,587.25,552.58,33813,44480,44040,Illumina;PacBio,HiFi,China,yes,SOAPdenovo2;Hifiasm,NA,ALLHiC,ALLHiC,no,https://osf.io/y4gb5,https://figshare.10.6084/m9.figshare.28869197,/mnt/rice/data/Poaceae_Fan_longjiang/genome/OSF.genome.fasta,/mnt/rice/data/Poaceae_Fan_longjiang/annotation/Oo_V1.new.gff3
Huada_FTP_update,412,163,??????,Oryza punctata,diploid,GCA_000573905.2_OpunRS2_genomic.fna.gz,Oryza_punctata_GCA_000573905.2_OpunRS2_genomic.gtf,IRGC 105690,Poales,Poaceae,Commelinids,Monocots,yes,2023/3/21,Nature Communications,10.1038/s41467-023-37004-y,423,422.39 ,NA,18595,18590,PacBio;Illumina,Other TGS,Saudi Arabia,no,Canu;Falcon;Mecat;Genome Puzzle Master,SMRT-Link,NA,NA,no,/mnt/rice/data/Poaceae_Fan_longjiang/huada_update/Oryza_punctata/GCA_000573905.2_OpunRS2_genomic.fna.gz,/mnt/rice/data/Poaceae_Fan_longjiang/huada_update/Oryza_punctata/Oryza_punctata_GCA_000573905.2_OpunRS2_genomic.gtf,/mnt/rice/data/Poaceae_Fan_longjiang/huada_update/Oryza_punctata/GCA_000573905.2_OpunRS2_genomic.fna.gz,/mnt/rice/data/Poaceae_Fan_longjiang/huada_update/Oryza_punctata/Oryza_punctata_GCA_000573905.2_OpunRS2_genomic.gtf
原始数据可用,415,164,??????,Oryza rhizomatis,diploid,W-375_genome.fasta,W-375_genome.fasta.gff3,NA,Poales,Poaceae,Commelinids,Monocots,yes,2024/11/18,Nature Communications,10.1038/s41467-024-54427-3,NA,602,44596,NA,45970,PacBio;Illumina,HiFi,China,yes,Hifiasm,NA,NA,3D-DNA;Juicer,no,https://figshare.com/s/32d0ac68cee7f647e1e3,https://figshare.10.6084/m9.figshare.28869197,/mnt/rice/data/Poaceae_Fan_longjiang/genome/W-375_genome.fasta,/mnt/rice/data/Poaceae_Fan_longjiang/annotation/W-375_genome.fasta.gff3
Huada_FTP_update,416,165,??????,Oryza ridleyi,tetraploid,GCA_047772315.1_O_ridleyi_genomic.fna.gz,Oryza_ridleyi_GCA_047772315.1_O_ridleyi_genomic.gtf,(HHJJ)_PRJNA687623,Poales,Poaceae,Commelinids,Monocots,yes,2025/4/28,Nature Genetics,10.1038/s41588-025-02183-5,NA,1202.81,82808,53840,53840,PacBio,Other TGS,Saudi Arabia,no,Mecat2;Canu;Flye,Pilon,Bionano Access;GCPP;Mashmap;HAKMER;RagTag,NA,no,/mnt/rice/data/Poaceae_Fan_longjiang/huada_update/Oryza_ridleyi/GCA_047772315.1_O_ridleyi_genomic.fna.gz,/mnt/rice/data/Poaceae_Fan_longjiang/huada_update/Oryza_ridleyi/Oryza_ridleyi_GCA_047772315.1_O_ridleyi_genomic.gtf,/mnt/rice/data/Poaceae_Fan_longjiang/huada_update/Oryza_ridleyi/GCA_047772315.1_O_ridleyi_genomic.fna.gz,/mnt/rice/data/Poaceae_Fan_longjiang/huada_update/Oryza_ridleyi/Oryza_ridleyi_GCA_047772315.1_O_ridleyi_genomic.gtf
Huada_FTP_update,450,166,??????,Oryza rufipogon,diploid,GCA_037997075.1_ASM3799707v1_genomic.fna.gz,Oryza_rufipogon_GCA_037997075.1_ASM3799707v1_genomic.gtf,wild12,Poales,Poaceae,Commelinids,Monocots,yes,2022/4/8,Genome Research,10.1101/gr.276015.121,499.29 ,632.55 ,NA,39320.746,1005.708,ONT;Illumina,Other TGS,China,no,NA,NA,RaGOO,NA,pan-genome,/mnt/rice/data/Poaceae_Fan_longjiang/huada_update/Oryza_rufipogon/GCA_037997075.1_ASM3799707v1_genomic.fna.gz,/mnt/rice/data/Poaceae_Fan_longjiang/huada_update/Oryza_rufipogon/Oryza_rufipogon_GCA_037997075.1_ASM3799707v1_genomic.gtf,/mnt/rice/data/Poaceae_Fan_longjiang/huada_update/Oryza_rufipogon/GCA_037997075.1_ASM3799707v1_genomic.fna.gz,/mnt/rice/data/Poaceae_Fan_longjiang/huada_update/Oryza_rufipogon/Oryza_rufipogon_GCA_037997075.1_ASM3799707v1_genomic.gtf
Huada_FTP_update,606,167,??????,Oryza sativa,diploid,JS_YC_W7_genome_v1.fasta.gz,JS_YC_W7_genome_v1.gtf,Nipponbare;improve,Poales,Poaceae,Commelinids,Monocots,yes,2023/8/7,Molecular Plant,10.1016/j.molp.2023.08.003,430,385.710679,57359,NA,31111,PacBio;ONT;Illumina,HiFi,China,yes,Hifiasm,NA,3D-DNA,3D-DNA,T2T,/mnt/rice/data/Poaceae_Fan_longjiang/huada_update/Oryza_sativa/JS_YC_W7_genome_v1.fasta.gz,/mnt/rice/data/Poaceae_Fan_longjiang/huada_update/Oryza_sativa/JS_YC_W7_genome_v1.gtf,/mnt/rice/data/Poaceae_Fan_longjiang/huada_update/Oryza_sativa/JS_YC_W7_genome_v1.fasta.gz,/mnt/rice/data/Poaceae_Fan_longjiang/huada_update/Oryza_sativa/JS_YC_W7_genome_v1.gtf
原始数据可用,955,168,??????,Oryza sativa ssp. japonica var. Zhonghua 11,diploid,GWHGENG00000000.1.genome.fasta.gz,GWHGENG00000000.1.gff.gz,var. Zhonghua 11,Poales,Poaceae,Commelinids,Monocots,yes,2025/10/13,Plant Communications,10.1016/j.xplc.2025.101463,376.8,377.05,56948,NA,31070,Illumina;PacBio;ONT,HiFi;ONT ultra long,China,yes,Hifiasm,NA,Lachesis,Lachesis,T2T,https://ngdc.cncb.ac.cn/gwh/Assembly/98233/show,https://figshare.10.6084/m9.figshare.28869197,/mnt/rice/data/Poaceae_Fan_longjiang/genome/GWHGENG00000000.1.genome.fasta.gz,/mnt/rice/data/Poaceae_Fan_longjiang/annotation/GWHGENG00000000.1.gff.gz
原始数据可用,956,169,??????,Oryza schlechteri,tetraploid,GCA_048320915.1_ASM4832091v1_genomic.fna.gz,Oryza_schlechteri_GCA_048320915.1_ASM4832091v1_genomic.gtf,(KKLL[HHKK])_PRJNA1115974,Poales,Poaceae,Commelinids,Monocots,yes,2025/4/28,Nature Genetics,10.1038/s41588-025-02183-5,NA,674.35,70857,28200,22260,PacBio,Other TGS,Saudi Arabia,no,Mecat2;Canu;Flye,Pilon,Bionano Access;GCPP;Mashmap;HAKMER;RagTag,NA,no,https://www.ncbi.nlm.nih.gov/bioproject/?term=PRJNA1115974,https://figshare.10.6084/m9.figshare.28869197,/mnt/rice/data/Poaceae_Fan_longjiang/genome/GCA_048320915.1_ASM4832091v1_genomic.fna.gz,/mnt/rice/data/Poaceae_Fan_longjiang/annotation/Plant_gtf/Oryza_schlechteri/Oryza_schlechteri_GCA_048320915.1_ASM4832091v1_genomic.gtf
Huada_FTP_update,958,170,??????,Otatea glauca,tetraploid,GCA_036346275.1_KIB_Ogla_1_genomic.fna.gz,Otatea_glauca_GCA_036346275.1_KIB_Ogla_1_genomic.gtf,NA,Poales,Poaceae,Commelinids,Monocots,yes,2024/3/15,Nature Genetics,10.1038/s41588-024-01683-0,1510,1448.63,43141,56749.76 ,1800.23 ,ONT,ONT,China,yes,CANU;SMARTdenovo;NextDenovo,Racon;Nextpolish;Pilon,LACHESIS,BWA;HiC-Pro;LACHESIS,pan-genome,/mnt/rice/data/Poaceae_Fan_longjiang/huada_update/Otatea_glauca/GCA_036346275.1_KIB_Ogla_1_genomic.fna.gz,/mnt/rice/data/Poaceae_Fan_longjiang/huada_update/Otatea_glauca/Otatea_glauca_GCA_036346275.1_KIB_Ogla_1_genomic.gtf,/mnt/rice/data/Poaceae_Fan_longjiang/huada_update/Otatea_glauca/GCA_036346275.1_KIB_Ogla_1_genomic.fna.gz,/mnt/rice/data/Poaceae_Fan_longjiang/huada_update/Otatea_glauca/Otatea_glauca_GCA_036346275.1_KIB_Ogla_1_genomic.gtf
Huada_FTP_update,959,171,??????,Panicum hallii,NA,GCA_002211085.2_PHallii_v3.1_genomic.fna.gz,Panicum_hallii_GCA_002211085.2_PHallii_v3.1_genomic.gtf,HAL2,Poales,Poaceae,Commelinids,Monocots,yes,2018/12/6,Nature Communications,30523281,528,484.6,34396,58200,8300,Illumina;PacBio,Other TGS,USA,no,Mecat,Quiver,NA,NA,no,/mnt/rice/data/Poaceae_Fan_longjiang/huada_update/Panicum_hallii/GCA_002211085.2_PHallii_v3.1_genomic.fna.gz,/mnt/rice/data/Poaceae_Fan_longjiang/huada_update/Panicum_hallii/Panicum_hallii_GCA_002211085.2_PHallii_v3.1_genomic.gtf,/mnt/rice/data/Poaceae_Fan_longjiang/huada_update/Panicum_hallii/GCA_002211085.2_PHallii_v3.1_genomic.fna.gz,/mnt/rice/data/Poaceae_Fan_longjiang/huada_update/Panicum_hallii/Panicum_hallii_GCA_002211085.2_PHallii_v3.1_genomic.gtf
Huada_FTP_update,961,172,??????,Panicum miliaceum,allotetraploid,GCA_038442765.1_ASM3844276v1_genomic.fna.gz,Panicum_miliaceum_GCA_038442765.1_ASM3844276v1_genomic.gtf,AJ8,Poales,Poaceae,Commelinids,Monocots,yes,2024/6/21,Scientific Data,10.1038/s41597-024-03489-5,NA,834.7,63678,NA,48300,PacBio;ONT,HiFi;ONT ultra long,China,yes,Hifiasm;Falcon,Racon,3D-DNA;Juicer,3D-DNA;Juicer,T2T,/mnt/rice/data/Poaceae_Fan_longjiang/huada_update/Panicum_miliaceum/GCA_038442765.1_ASM3844276v1_genomic.fna.gz,/mnt/rice/data/Poaceae_Fan_longjiang/huada_update/Panicum_miliaceum/Panicum_miliaceum_GCA_038442765.1_ASM3844276v1_genomic.gtf,/mnt/rice/data/Poaceae_Fan_longjiang/huada_update/Panicum_miliaceum/GCA_038442765.1_ASM3844276v1_genomic.fna.gz,/mnt/rice/data/Poaceae_Fan_longjiang/huada_update/Panicum_miliaceum/Panicum_miliaceum_GCA_038442765.1_ASM3844276v1_genomic.gtf
原始数据可用,998,173,??????,Panicum sumatrense,tetraploid,Psum.JK8.genome_20250509.fasta,Psum.JK8.genes_20250509.gff3,cv.JK-8,Poales,Poaceae,Commelinids,Monocots,yes,2025/11/29,Nature Communications,10.1038/s41467-025-66716-6,832,850,59045 ,NA,47000,PacBio;ONT,Other TGS,Canada,yes,Hifiasm,NA,EndHiC,HiC-Pro,no,http://www.ncbi.nlm.nih.gov/bioproject/1204366,https://figshare.10.6084/m9.figshare.28869197,/mnt/rice/data/Poaceae_Fan_longjiang/genome/Psum.JK8.genome_20250509.fasta,/mnt/rice/data/Poaceae_Fan_longjiang/annotation/Psum.JK8.genes_20250509.gff3
Huada_FTP_update,1000,174,??????,Panicum virgatum,allotetraploid,GCA_016808335.1_P.virgatum_v5_genomic.fna.gz,Panicum_virgatum_GCA_016808335.1_P.virgatum_v5_genomic.gtf,Jingji31_hap1_PRJCA023812?,Poales,Poaceae,Commelinids,Monocots,yes,2025/5/14,Genome Biology,10.1186/s13059-025-03604-8,1190,1143.31,79672,67960,27050,PacBio;Illumina,HiFi,China,yes,HiFiasm,NA,Juicer;3D-DNA,Juicer;3D-DNA,no,/mnt/rice/data/Poaceae_Fan_longjiang/huada_update/Panicum_virgatum/GCA_016808335.1_P.virgatum_v5_genomic.fna.gz,/mnt/rice/data/Poaceae_Fan_longjiang/huada_update/Panicum_virgatum/Panicum_virgatum_GCA_016808335.1_P.virgatum_v5_genomic.gtf,/mnt/rice/data/Poaceae_Fan_longjiang/huada_update/Panicum_virgatum/GCA_016808335.1_P.virgatum_v5_genomic.fna.gz,/mnt/rice/data/Poaceae_Fan_longjiang/huada_update/Panicum_virgatum/Panicum_virgatum_GCA_016808335.1_P.virgatum_v5_genomic.gtf
Huada_FTP_update,1003,175,???????,Paspalum notatum,NA,GCA_022530915.1_ASM2253091v1_genomic.fna.gz,Paspalum_notatum_GCA_022530915.1_ASM2253091v1_genomic.gtf,IICAR_Pnotatum_1.0,Poales,Poaceae,Commelinids,Monocots,yes,2024/2/18,NA,GCA_036689595.1,NA,557.812088,NA,NA,NA,NA,NA,NA,NA,NA,NA,NA,NA,NA,/mnt/rice/data/Poaceae_Fan_longjiang/huada_update/Paspalum_notatum/GCA_022530915.1_ASM2253091v1_genomic.fna.gz,/mnt/rice/data/Poaceae_Fan_longjiang/huada_update/Paspalum_notatum/Paspalum_notatum_GCA_022530915.1_ASM2253091v1_genomic.gtf,/mnt/rice/data/Poaceae_Fan_longjiang/huada_update/Paspalum_notatum/GCA_022530915.1_ASM2253091v1_genomic.fna.gz,/mnt/rice/data/Poaceae_Fan_longjiang/huada_update/Paspalum_notatum/Paspalum_notatum_GCA_022530915.1_ASM2253091v1_genomic.gtf
Huada_FTP_update,1004,176,??????,Paspalum vaginatum,diploid,GCA_030272315.1_ASM3027231v1_genomic.fna.gz,Paspalum_vaginatum_GCA_030272315.1_ASM3027231v1_genomic.gtf,clone PI 509022,Poales,Poaceae,Commelinids,Monocots,yes,2022/12/13,Nature Communications,10.1038/s41467-022-35507-8,590,646.9,45843,44500,1500,PacBio;Illumina,Other TGS,USA,no,Mecat,Quiver,NA,NA,no,/mnt/rice/data/Poaceae_Fan_longjiang/huada_update/Paspalum_vaginatum/GCA_030272315.1_ASM3027231v1_genomic.fna.gz,/mnt/rice/data/Poaceae_Fan_longjiang/huada_update/Paspalum_vaginatum/Paspalum_vaginatum_GCA_030272315.1_ASM3027231v1_genomic.gtf,/mnt/rice/data/Poaceae_Fan_longjiang/huada_update/Paspalum_vaginatum/GCA_030272315.1_ASM3027231v1_genomic.fna.gz,/mnt/rice/data/Poaceae_Fan_longjiang/huada_update/Paspalum_vaginatum/Paspalum_vaginatum_GCA_030272315.1_ASM3027231v1_genomic.gtf
UTR-HUADA问题,1005,177,统计条目,Pennisetum giganteum,tetraploid,Pgi_genome.fasta.gz,PRODUCTION_90_result.gtf,NA,Poales,Poaceae,Commelinids,Monocots,yes,2023/7/21,BMC Biology,10.1186/s12915-023-01643-w,1900,2030,85313,NA,88470,PacBio;Illumina,HiFi,China,yes,Hifiasm,NA,3D-DNA,3D-DNA,no,NA,NA,/mnt/rice/data/Poaceae_Fan_longjiang/genome/Pgi_genome.fasta.gz,/mnt/rice/data/Poaceae_Fan_longjiang/annotation/PRODUCTION_90_result.gtf
非UTR-缺注释,1009,178,统计条目,Pennisetum glaucum,diploid,GCA_020739535.1_ASM2073953v1_genomic.fna.gz,PRODUCTION_57_result.gtf,PI526529,Poales,Poaceae,Commelinids,Monocots,yes,2023/3/2,Nature Genetics,10.1038/s41588-023-01302-4,1843.66,1974.39,36451,286980,79180,PacBio;Illumina,HiFi,China,yes,Hifiasm,NA,ALLHIC;BioNano Access,ALLHIC,pan-genome,/mnt/rice/data/Poaceae_Fan_longjiang/genome/GCA_020739535.1_ASM2073953v1_genomic.fna.gz,NA,/mnt/rice/data/Poaceae_Fan_longjiang/genome/GCA_020739535.1_ASM2073953v1_genomic.fna.gz,/mnt/rice/data/Poaceae_Fan_longjiang/annotation/PRODUCTION_57_result.gtf
UTR-HUADA问题,1020,179,统计条目,Pennisetum purpureum,tetraploid,elepant_grass_genome.fasta,PRODUCTION_105_result.gtf,CIAT6263,Poales,Poaceae,Commelinids,Monocots,yes,2022/3/29,Molecular Ecology Resources,10.1111/1755-0998.13612,2130,2070,77139,8470,2900,ONT;Illumina,Other TGS,China,yes,SMARTdenovo,Pilon,BioNano Access;LACHESIS,LACHESIS,no,NA,NA,/mnt/rice/data/Poaceae_Fan_longjiang/genome/elepant_grass_genome.fasta,/mnt/rice/data/Poaceae_Fan_longjiang/annotation/PRODUCTION_105_result.gtf
Huada_FTP_update,1022,180,??????,Pharus latifolius,diploid,GCA_019359835.1_ASM1935983v1_genomic.fna.gz,Pharus_latifolius_GCA_019359835.1_ASM1935983v1_genomic.gtf,CRB03-4-1,Poales,Poaceae,Commelinids,Monocots,yes,2021/1/25,The Plant Cell,10.1093/plcell/koab015,1034,1002.88,32007,NA,5090,PacBio;Illumina,Other TGS,China,yes,Falcon,Arrow;Pilon,LACHESIS,LACHESIS,no,/mnt/rice/data/Poaceae_Fan_longjiang/huada_update/Pharus_latifolius/GCA_019359835.1_ASM1935983v1_genomic.fna.gz,/mnt/rice/data/Poaceae_Fan_longjiang/huada_update/Pharus_latifolius/Pharus_latifolius_GCA_019359835.1_ASM1935983v1_genomic.gtf,/mnt/rice/data/Poaceae_Fan_longjiang/huada_update/Pharus_latifolius/GCA_019359835.1_ASM1935983v1_genomic.fna.gz,/mnt/rice/data/Poaceae_Fan_longjiang/huada_update/Pharus_latifolius/Pharus_latifolius_GCA_019359835.1_ASM1935983v1_genomic.gtf
原始数据可用,1024,181,???????,Phleum pratense,NA,GCA_965605815.1_lpPhlPrat1.hap1.1_genomic.fna.gz,Phleum_pratense_GCA_965605815.1_lpPhlPrat1.hap1.1_genomic.gtf,timothy,Poales,Poaceae,Commelinids,Monocots,yes,2025/7/7,NA,GCA_965605815.1,NA,1462.0122,NA,NA,NA,NA,NA,NA,NA,NA,NA,NA,NA,NA,https://download.cncb.ac.cn/assembly/ncbi/Plants/GCA/965/605/Phleum_pratense_timothy_grass_lpPhlPrat1.hap1.1_GCA_965605815.1/GCA_965605815.1_lpPhlPrat1.hap1.1_genomic.fna.gz,NA,/mnt/rice/data/Poaceae_Fan_longjiang/genome/GCA_965605815.1_lpPhlPrat1.hap1.1_genomic.fna.gz,/mnt/rice/data/Poaceae_Fan_longjiang/annotation/Plant_gtf/Phleum_pratense/Phleum_pratense_GCA_965605815.1_lpPhlPrat1.hap1.1_genomic.gtf
Huada_FTP_update,1025,182,??????,Phragmites australis,NA,GCA_958298935.1_lpPhrAust1.1_genomic.fna.gz,Phragmites_australis_GCA_958298935.1_lpPhrAust1.1_genomic.gtf,NA,Poales,Poaceae,Commelinids,Monocots,no,2021/12/11,Molecular Ecology Resources,10.1111/mec.16293,1200,1140,64857,NA,194,PacBio;Illumina,Other TGS,USA,no,Canu,NA,NA,NA,no,/mnt/rice/data/Poaceae_Fan_longjiang/huada_update/Phragmites_australis/GCA_958298935.1_lpPhrAust1.1_genomic.fna.gz,/mnt/rice/data/Poaceae_Fan_longjiang/huada_update/Phragmites_australis/Phragmites_australis_GCA_958298935.1_lpPhrAust1.1_genomic.gtf,/mnt/rice/data/Poaceae_Fan_longjiang/huada_update/Phragmites_australis/GCA_958298935.1_lpPhrAust1.1_genomic.fna.gz,/mnt/rice/data/Poaceae_Fan_longjiang/huada_update/Phragmites_australis/Phragmites_australis_GCA_958298935.1_lpPhrAust1.1_genomic.gtf
Huada_FTP_update,1026,183,??????,Phyllostachys edulis,diploid,GCA_036346405.1_KIB_Pedu_3_genomic.fna.gz,Phyllostachys_edulis_GCA_036346405.1_KIB_Pedu_3_genomic.gtf,update,Poales,Poaceae,Commelinids,Monocots,yes,2018/10/1,GigaScience,30202850,2075,1907.6,51074,79900,53.29,Illumina;PacBio,Other TGS,China,yes,ALLPATHS,NA,SSPACE;3D-DNA,3D-DNA,no,/mnt/rice/data/Poaceae_Fan_longjiang/huada_update/Phyllostachys_edulis/GCA_036346405.1_KIB_Pedu_3_genomic.fna.gz,/mnt/rice/data/Poaceae_Fan_longjiang/huada_update/Phyllostachys_edulis/Phyllostachys_edulis_GCA_036346405.1_KIB_Pedu_3_genomic.gtf,/mnt/rice/data/Poaceae_Fan_longjiang/huada_update/Phyllostachys_edulis/GCA_036346405.1_KIB_Pedu_3_genomic.fna.gz,/mnt/rice/data/Poaceae_Fan_longjiang/huada_update/Phyllostachys_edulis/Phyllostachys_edulis_GCA_036346405.1_KIB_Pedu_3_genomic.gtf
Huada_FTP_update,1029,184,??????,Phyllostachys violascens,tetraploid,GCA_044048585.1_ASM4404858v1_genomic.fna.gz,Phyllostachys_violascens_GCA_044048585.1_ASM4404858v1_genomic.gtf,JBINAA000000000,Poales,Poaceae,Commelinids,Monocots,yes,2025/5/30,Scientific Data,10.1038/s41597-025-04556-1,NA,2156.14,53558,56476.697,44244.632,PacBio,HiFi,China,yes,Hifiasm,NA,3D-DNA,HiCUP;3D-DNA,no,/mnt/rice/data/Poaceae_Fan_longjiang/huada_update/Phyllostachys_violascens/GCA_044048585.1_ASM4404858v1_genomic.fna.gz,/mnt/rice/data/Poaceae_Fan_longjiang/huada_update/Phyllostachys_violascens/Phyllostachys_violascens_GCA_044048585.1_ASM4404858v1_genomic.gtf,/mnt/rice/data/Poaceae_Fan_longjiang/huada_update/Phyllostachys_violascens/GCA_044048585.1_ASM4404858v1_genomic.fna.gz,/mnt/rice/data/Poaceae_Fan_longjiang/huada_update/Phyllostachys_violascens/Phyllostachys_violascens_GCA_044048585.1_ASM4404858v1_genomic.gtf
Huada_FTP_update,1030,185,??????,Poa annua,tetraploid,GCA_026929855.1_FRR_PoAnn_1.0_genomic.fna.gz,Poa_annua_GCA_026929855.1_FRR_PoAnn_1.0_genomic.gtf,PI 595837,Poales,Poaceae,Commelinids,Monocots,yes,2022/12/28,Genome Biology and Evolution,10.1093/gbe/evac180,1780,1780,76420,112000,65000,PacBio,HiFi,USA,yes,Hifiasm,NA,HiRise,HiRise,no,/mnt/rice/data/Poaceae_Fan_longjiang/huada_update/Poa_annua/GCA_026929855.1_FRR_PoAnn_1.0_genomic.fna.gz,/mnt/rice/data/Poaceae_Fan_longjiang/huada_update/Poa_annua/Poa_annua_GCA_026929855.1_FRR_PoAnn_1.0_genomic.gtf,/mnt/rice/data/Poaceae_Fan_longjiang/huada_update/Poa_annua/GCA_026929855.1_FRR_PoAnn_1.0_genomic.fna.gz,/mnt/rice/data/Poaceae_Fan_longjiang/huada_update/Poa_annua/Poa_annua_GCA_026929855.1_FRR_PoAnn_1.0_genomic.gtf
原始数据可用,1031,186,???????,Poa arachnifera,NA,GCA_047665955.1_ARS_Parac_0.1_genomic.fna.gz,Poa_arachnifera_GCA_047665955.1_ARS_Parac_0.1_genomic.gtf,ARS_Parac_0.1,Poales,Poaceae,Commelinids,Monocots,no,2025/2/11,NA,GCA_047665955.1,NA,6632.030032,NA,NA,NA,NA,NA,NA,NA,NA,NA,NA,NA,NA,https://download.cncb.ac.cn/assembly/ncbi/Plants/GCA/047/665/Poa_arachnifera_Texas_bluegrass_ARS_Parac_0.1_GCA_047665955.1/GCA_047665955.1_ARS_Parac_0.1_genomic.fna.gz,NA,/mnt/rice/data/Poaceae_Fan_longjiang/genome/GCA_047665955.1_ARS_Parac_0.1_genomic.fna.gz,/mnt/rice/data/Poaceae_Fan_longjiang/annotation/Plant_gtf3/Poa_arachnifera/Poa_arachnifera_GCA_047665955.1_ARS_Parac_0.1_genomic.gtf
原始数据可用,1032,187,???????,Poa chaixii,NA,GCA_964215705.1_lpPoaChai1.hap1.1_genomic.fna.gz,Poa_chaixii_GCA_964215705.1_lpPoaChai1.hap1.1_genomic.gtf,lpPoaChai1.hap1.1,Poales,Poaceae,Commelinids,Monocots,yes,2024/8/27,NA,GCA_964215705.1,NA,1422.738331,NA,NA,NA,NA,NA,NA,NA,NA,NA,NA,NA,NA,https://download.cncb.ac.cn/assembly/ncbi/Plants/GCA/964/215/Poa_chaixii_monocots_lpPoaChai1.hap1.1_GCA_964215705.1/GCA_964215705.1_lpPoaChai1.hap1.1_genomic.fna.gz,NA,/mnt/rice/data/Poaceae_Fan_longjiang/genome/GCA_964215705.1_lpPoaChai1.hap1.1_genomic.fna.gz,/mnt/rice/data/Poaceae_Fan_longjiang/annotation/Plant_gtf/Poa_chaixii/Poa_chaixii_GCA_964215705.1_lpPoaChai1.hap1.1_genomic.gtf
原始数据可用,1034,188,??????,Poa infirma,diploid,GCA_040144145.1_PSU_Pinf_1_genomic.fna.gz,Poa_infirma_GCA_040144145.1_PSU_Pinf_1_genomic.gtf,NA,Poales,Poaceae,Commelinids,Monocots,yes,2023/6/26,BMC Genomics,10.1186/s12864-023-09456-5,1130,1125,39420,NA,NA,PacBio,HiFi,USA,yes,Hifiasm,NA,HiRise,HiRise,no,https://www.ncbi.nlm.nih.gov/bioproject/?term=PRJNA938153,https://figshare.10.6084/m9.figshare.28869197,/mnt/rice/data/Poaceae_Fan_longjiang/genome/GCA_040144145.1_PSU_Pinf_1_genomic.fna.gz,/mnt/rice/data/Poaceae_Fan_longjiang/annotation/Plant_gtf/Poa_infirma/Poa_infirma_GCA_040144145.1_PSU_Pinf_1_genomic.gtf
原始数据可用,1035,189,??????,Poa pratensis,octoploid,GCA_947311845.1_Poa_pratensis_v1_genomic.fna.gz,Poa_pratensis_GCA_947311845.1_Poa_pratensis_v1_genomic.gtf,NA,Poales,Poaceae,Commelinids,Monocots,no,2023/4/1,G3-Genes Genomes Genetics,10.1093/g3journal/jkad073,3521,6090,256281,65127.037,1095,PacBio;Illumina,Other TGS,USA,no,Canu,NA,BioNano Access,NA,no,https://www.ncbi.nlm.nih.gov/datasets/genome/GCA_947311845.1/,https://figshare.10.6084/m9.figshare.28869197,/mnt/rice/data/Poaceae_Fan_longjiang/genome/GCA_947311845.1_Poa_pratensis_v1_genomic.fna.gz,/mnt/rice/data/Poaceae_Fan_longjiang/annotation/Plant_gtf3/Poa_pratensis/Poa_pratensis_GCA_947311845.1_Poa_pratensis_v1_genomic.gtf
原始数据可用,1036,190,??????,Poa supina,diploid,GCA_040143895.1_PSU_Psup_1_genomic.fna.gz,Poa_supina_GCA_040143895.1_PSU_Psup_1_genomic.gtf,cultivar ??Supranova,Poales,Poaceae,Commelinids,Monocots,yes,2023/6/26,BMC Genomics,10.1186/s12864-023-09456-5,640,636,37935,NA,NA,PacBio,HiFi,USA,yes,HiCanu,NA,HiRise,HiRise,no,https://www.ncbi.nlm.nih.gov/bioproject/?term=PRJNA938153,https://figshare.10.6084/m9.figshare.28869197,/mnt/rice/data/Poaceae_Fan_longjiang/genome/GCA_040143895.1_PSU_Psup_1_genomic.fna.gz,/mnt/rice/data/Poaceae_Fan_longjiang/annotation/Plant_gtf/Poa_supina/Poa_supina_GCA_040143895.1_PSU_Psup_1_genomic.gtf
非UTR-缺注释,1037,191,补充条目,Poaceae sp.,NA,GCA_029299655.1_ASM2929965v1_genomic.fna.gz,PRODUCTION_58_result.gtf,ASM2929965v1,Poales,Poaceae,Commelinids,Monocots,no,2023/3/20,NA,GCA_029299655.1,NA,5.805711,NA,NA,NA,NA,NA,NA,NA,NA,NA,NA,NA,NA,/mnt/rice/data/Poaceae_Fan_longjiang/genome/GCA_029299655.1_ASM2929965v1_genomic.fna.gz,NA,/mnt/rice/data/Poaceae_Fan_longjiang/genome/GCA_029299655.1_ASM2929965v1_genomic.fna.gz,/mnt/rice/data/Poaceae_Fan_longjiang/annotation/PRODUCTION_58_result.gtf
原始数据可用,1040,192,???????,Polypogon viridis,NA,GCA_964234905.1_lpPolViri1.hap1.1_genomic.fna.gz,Polypogon_viridis_GCA_964234905.1_lpPolViri1.hap1.1_genomic.gtf,water bent grass,Poales,Poaceae,Commelinids,Monocots,yes,2024/8/31,NA,GCA_964234905.1,NA,2854.047,NA,NA,NA,NA,NA,NA,NA,NA,NA,NA,NA,NA,https://download.cncb.ac.cn/assembly/ncbi/Plants/GCA/964/234/Polypogon_viridis_water_bent_grass_lpPolViri1.hap1.1_GCA_964234905.1/GCA_964234905.1_lpPolViri1.hap1.1_genomic.fna.gz,NA,/mnt/rice/data/Poaceae_Fan_longjiang/genome/GCA_964234905.1_lpPolViri1.hap1.1_genomic.fna.gz,/mnt/rice/data/Poaceae_Fan_longjiang/annotation/Plant_gtf/Polypogon_viridis/Polypogon_viridis_GCA_964234905.1_lpPolViri1.hap1.1_genomic.gtf
原始数据可用,1041,193,???????,Puccinellia chinampoensis,NA,GCA_052935025.1_ASM5293502v1_genomic.fna.gz,PRODUCTION_59_result.gtf,ASM5293502v1,Poales,Poaceae,Commelinids,Monocots,no,2025/10/1,NA,GCA_052935025.1,NA,1444.064726,NA,NA,NA,NA,NA,NA,NA,NA,NA,NA,NA,NA,https://download.cncb.ac.cn/assembly/ncbi/Plants/GCA/052/935/Puccinellia_chinampoensis_monocots_ASM5293502v1_GCA_052935025.1/GCA_052935025.1_ASM5293502v1_genomic.fna.gz,https://download.cncb.ac.cn/assembly/ncbi/Plants/GCA/052/935/Puccinellia_chinampoensis_monocots_ASM5293502v1_GCA_052935025.1/GCA_052935025.1_ASM5293502v1_genomic.gff.gz,/mnt/rice/data/Poaceae_Fan_longjiang/genome/GCA_052935025.1_ASM5293502v1_genomic.fna.gz,/mnt/rice/data/Poaceae_Fan_longjiang/annotation/PRODUCTION_59_result.gtf
UTR-HUADA问题,1043,194,统计条目,Puccinellia tenuiflora,NA,GWHABKT00000000.genome.fasta.gz,PRODUCTION_76_result.gtf,NA,Poales,Poaceae,Commelinids,Monocots,yes,2020/3/12,Science China Life Sciences,32180108,1500,1500,38387,1460,NA,Illumina;PacBio,Other TGS,China,yes,wtdbg,Arrow;Pilon,ARKS;LINKS;ALLMAPS;LACHESIS,LACHESIS,no,NA,NA,/mnt/rice/data/Poaceae_Fan_longjiang/genome/GWHABKT00000000.genome.fasta.gz,/mnt/rice/data/Poaceae_Fan_longjiang/annotation/PRODUCTION_76_result.gtf
Huada_FTP_update,1044,195,??????,Raddia distichophylla,diploid,GCA_005191435.1_ASM519143v1_genomic.fna.gz,Raddia_distichophylla_GCA_005191435.1_ASM519143v1_genomic.gtf,NA,Poales,Poaceae,Commelinids,Monocots,no,2021/1/6,G3-Genes Genomes Genetics,10.1093/g3journal/jkaa049,589,589,30763,1810,86.36,Illumina,NGS,China,no,Platanus,NA,SSPACE,NA,no,/mnt/rice/data/Poaceae_Fan_longjiang/huada_update/Raddia_distichophylla/GCA_005191435.1_ASM519143v1_genomic.fna.gz,/mnt/rice/data/Poaceae_Fan_longjiang/huada_update/Raddia_distichophylla/Raddia_distichophylla_GCA_005191435.1_ASM519143v1_genomic.gtf,/mnt/rice/data/Poaceae_Fan_longjiang/huada_update/Raddia_distichophylla/GCA_005191435.1_ASM519143v1_genomic.fna.gz,/mnt/rice/data/Poaceae_Fan_longjiang/huada_update/Raddia_distichophylla/Raddia_distichophylla_GCA_005191435.1_ASM519143v1_genomic.gtf
Huada_FTP_update,1046,196,??????,Raddia guianensis,diploid,GCA_036346415.1_KIB_Rgui_2_genomic.fna.gz,Raddia_guianensis_GCA_036346415.1_KIB_Rgui_2_genomic.gtf,NA,Poales,Poaceae,Commelinids,Monocots,yes,2024/3/15,"Ma et al., Genome assemblies of 11 bamboo species highlight diversification induced by dynamic subgenome dominance. Nature Genetics. 2024",10.1038/s41588-024-01683-0,630,612.60 ,27496,56583.07 ,3353.32 ,ONT,ONT,China,yes,CANU;SMARTdenovo;NextDenovo,Racon;Nextpolish;Pilon,LACHESIS,BWA;HiC-Pro;LACHESIS,pan-genome,/mnt/rice/data/Poaceae_Fan_longjiang/huada_update/Raddia_guianensis/GCA_036346415.1_KIB_Rgui_2_genomic.fna.gz,/mnt/rice/data/Poaceae_Fan_longjiang/huada_update/Raddia_guianensis/Raddia_guianensis_GCA_036346415.1_KIB_Rgui_2_genomic.gtf,/mnt/rice/data/Poaceae_Fan_longjiang/huada_update/Raddia_guianensis/GCA_036346415.1_KIB_Rgui_2_genomic.fna.gz,/mnt/rice/data/Poaceae_Fan_longjiang/huada_update/Raddia_guianensis/Raddia_guianensis_GCA_036346415.1_KIB_Rgui_2_genomic.gtf
原始数据可用,1047,197,???????,Rhipidocladum racemiflorum,NA,GCA_036346355.1_KIB_Rrac_1_genomic.fna.gz,Rhipidocladum_racemiflorum_GCA_036346355.1_KIB_Rrac_1_genomic.gtf,Arthrostylidium racemiflorum,Poales,Poaceae,Commelinids,Monocots,yes,2024/2/2,NA,GCA_036346355.1,NA,1711.7883,NA,NA,NA,NA,NA,NA,NA,NA,NA,NA,NA,NA,https://download.cncb.ac.cn/assembly/ncbi/Plants/GCA/036/346/Rhipidocladum_racemiflorum_monocots_KIB_Rrac_1_GCA_036346355.1/GCA_036346355.1_KIB_Rrac_1_genomic.fna.gz,NA,/mnt/rice/data/Poaceae_Fan_longjiang/genome/GCA_036346355.1_KIB_Rrac_1_genomic.fna.gz,/mnt/rice/data/Poaceae_Fan_longjiang/annotation/Plant_gtf/Rhipidocladum_racemiflorum/Rhipidocladum_racemiflorum_GCA_036346355.1_KIB_Rrac_1_genomic.gtf
原始数据可用,1048,198,??????,Roegneria kamoji,hexaploid,Roegneria_kamoji.fa.gz,Roegneria_kamoji.gff3,Pr 87-88 353,Poales,Poaceae,Commelinids,Monocots,yes,2025/8/18,Nature Communications,10.1038/s41467-025-63007-y,11260,11140,135450 ,524.38,116.86,BGI;PacBio,HiFi,China,yes,Hifiasm,NA,ALLHiC,HiCUP,no,https://doi.org/10.5281/zenodo.15412758,https://figshare.10.6084/m9.figshare.28869197,/mnt/rice/data/Poaceae_Fan_longjiang/genome/Roegneria_kamoji.fa.gz,/mnt/rice/data/Poaceae_Fan_longjiang/annotation/Roegneria_kamoji.gff3
原始数据可用,1049,199,???????,Rostraria azorica,NA,GCA_047404555.1_ASM4740455v1_genomic.fna.gz,Rostraria_azorica_GCA_047404555.1_ASM4740455v1_genomic.gtf,NA,Poales,Poaceae,Commelinids,Monocots,no,2025/2/4,NA,GCA_047404555.1,NA,1075.3415,NA,NA,NA,NA,NA,NA,NA,NA,NA,NA,NA,NA,https://download.cncb.ac.cn/assembly/ncbi/Plants/GCA/047/404/Rostraria_azorica_monocots_ASM4740455v1_GCA_047404555.1/GCA_047404555.1_ASM4740455v1_genomic.fna.gz,NA,/mnt/rice/data/Poaceae_Fan_longjiang/genome/GCA_047404555.1_ASM4740455v1_genomic.fna.gz,/mnt/rice/data/Poaceae_Fan_longjiang/annotation/Plant_gtf3/Rostraria_azorica/Rostraria_azorica_GCA_047404555.1_ASM4740455v1_genomic.gtf
原始数据可用,1050,200,??????,Saccharum hybrid cultivar,NA,GWHEQVP00000000.genome.fasta.gz,GWHEQVP00000000.gff.gz,ZZ1,Poales,Poaceae,Commelinids,Monocots,yes,2024/4/8,Nature Communications,10.1038/s41467-024-47390-6,9000,10400,68509,81000,NA,PacBio,HiFi,China,yes,Hifiasm,NA,NA,3D-DNA;ALLHIC,no,https://ngdc.cncb.ac.cn/gwh/Assembly/83532/show,https://figshare.10.6084/m9.figshare.28869197,/mnt/rice/data/Poaceae_Fan_longjiang/genome/GWHEQVP00000000.genome.fasta.gz,/mnt/rice/data/Poaceae_Fan_longjiang/annotation/GWHEQVP00000000.gff.gz
原始数据可用,1051,201,??????,Saccharum longisetosum,tetraploid,GWHFPVA00000000.1.genome.fasta.gz,GWHFPVA00000000.1.gff.gz,NA,Poales,Poaceae,Commelinids,Monocots,yes,2025/10/13,Plant Communications,10.1016/j.xplc.2025.101464,1740,1992,27153,NA,94860,Illumina;PacBio,HiFi,China,yes,Hifiasm,NA,Juicebox,Juicebox,no,https://ngdc.cncb.ac.cn/gwh/Assembly/92163/show,https://ngdc.cncb.ac.cn/gwh/Assembly/92163/show,/mnt/rice/data/Poaceae_Fan_longjiang/genome/GWHFPVA00000000.1.genome.fasta.gz,/mnt/rice/data/Poaceae_Fan_longjiang/annotation/GWHFPVA00000000.1.gff.gz
Huada_FTP_update,1052,202,??????,Saccharum officinarum,octoploid,GCA_020631735.1_ASM2063173v1_genomic.fna.gz,Saccharum_officinarum_GCA_020631735.1_ASM2063173v1_genomic.gtf,XZ_Haplotype-resolved Genome,Poales,Poaceae,Commelinids,Monocots,yes,2026/5/27,Nature,10.1038/s41586-026-10576-7,NA,1150,39355,NA,NA,NA,NA,China,no,NA,NA,C-Phasing,NA,T2T,/mnt/rice/data/Poaceae_Fan_longjiang/huada_update/Saccharum_officinarum/GCA_020631735.1_ASM2063173v1_genomic.fna.gz,/mnt/rice/data/Poaceae_Fan_longjiang/huada_update/Saccharum_officinarum/Saccharum_officinarum_GCA_020631735.1_ASM2063173v1_genomic.gtf,/mnt/rice/data/Poaceae_Fan_longjiang/huada_update/Saccharum_officinarum/GCA_020631735.1_ASM2063173v1_genomic.fna.gz,/mnt/rice/data/Poaceae_Fan_longjiang/huada_update/Saccharum_officinarum/Saccharum_officinarum_GCA_020631735.1_ASM2063173v1_genomic.gtf
非UTR-缺注释,1053,203,统计条目,Saccharum officinarum×Saccharum spontaneum,NA,GCA_042768165.1_ASM4276816v1_genomic.fna.gz,Saccharum_hybrid_cultivar_GCA_042768165.1_ASM4276816v1_genomic.gtf,XTT22,Poales,Poaceae,Commelinids,Monocots,yes,2025/1/3,Nature Genetics,10.1038/s41588-024-02033-w,10500,9279.917062,44792,88062.097,507.987,PacBio;Illumina,HiFi,China,yes,Hifiasm;Canu,NA,ALLHIC,ALLHiC;RagTag;3D-DNA,no,/mnt/rice/data/Poaceae_Fan_longjiang/genome/GCA_042768165.1_ASM4276816v1_genomic.fna.gz,NA,/mnt/rice/data/Poaceae_Fan_longjiang/genome/GCA_042768165.1_ASM4276816v1_genomic.fna.gz,/mnt/rice/data/Poaceae_Fan_longjiang/annotation/Saccharum_hybrid_cultivar_GCA_042768165.1_ASM4276816v1_genomic.gtf
Huada_FTP_update,1056,204,??????,Saccharum spontaneum,tetraploid,GCA_022457205.1_ASM2245720v1_genomic.fna.gz,Saccharum_spontaneum_GCA_022457205.1_ASM2245720v1_genomic.gtf,82-114_Haplotype-resolved Genome,Poales,Poaceae,Commelinids,Monocots,yes,2026/5/27,Nature,10.1038/s41586-026-10576-7,NA,802,34010,NA,NA,NA,NA,China,no,NA,NA,C-Phasing,NA,T2T,/mnt/rice/data/Poaceae_Fan_longjiang/huada_update/Saccharum_spontaneum/GCA_022457205.1_ASM2245720v1_genomic.fna.gz,/mnt/rice/data/Poaceae_Fan_longjiang/huada_update/Saccharum_spontaneum/Saccharum_spontaneum_GCA_022457205.1_ASM2245720v1_genomic.gtf,/mnt/rice/data/Poaceae_Fan_longjiang/huada_update/Saccharum_spontaneum/GCA_022457205.1_ASM2245720v1_genomic.fna.gz,/mnt/rice/data/Poaceae_Fan_longjiang/huada_update/Saccharum_spontaneum/Saccharum_spontaneum_GCA_022457205.1_ASM2245720v1_genomic.gtf
原始数据可用,1057,205,??????,Saccharum spp.,complex polyploid?,Sh_POJ2878_v1.genome.fasta.gz,Sh_POJ2878_v1.gff3.gz,POJ2878,Poales,Poaceae,Commelinids,Monocots,yes,2026/5/27,Nature,10.1038/s41586-026-10576-7,10000,10370,63933,84320,15600,PacBio;ONT;Pore-C,HiFi;ONT ultra long,China,no,Hifiasm,NA,C-Phasing,NA,no,https://figshare.com/s/e79249d6ce11539fa105,https://figshare.com/s/e79249d6ce11539fa105,/mnt/rice/data/Poaceae_Fan_longjiang/genome/Sh_POJ2878_v1.genome.fasta.gz,/mnt/rice/data/Poaceae_Fan_longjiang/annotation/Sh_POJ2878_v1.gff3.gz
非UTR-缺注释,1058,206,统计条目,Saccharum x sp.,NA,GCA_028892925.1_ASM2889292v1_genomic.fna.gz,PRODUCTION_60_result.gtf,KK3,Poales,Poaceae,Commelinids,Monocots,yes,2022/11/28,Scientific Reports,10.1038/s41598-022-24823-0,10800,7000,242406,NA,83,PacBio,Other TGS,Thailand,yes,Canu,Quiver,ALLHIC,ALLHIC,no,/mnt/rice/data/Poaceae_Fan_longjiang/genome/GCA_028892925.1_ASM2889292v1_genomic.fna.gz,NA,/mnt/rice/data/Poaceae_Fan_longjiang/genome/GCA_028892925.1_ASM2889292v1_genomic.fna.gz,/mnt/rice/data/Poaceae_Fan_longjiang/annotation/PRODUCTION_60_result.gtf
Huada_FTP_update,1059,207,??????,Secale cereale,diploid,GCA_965641915.1_lpSecCere.Lo7.IPK.v3_genomic.fna.gz,Secale_cereale_GCA_965641915.1_lpSecCere.Lo7.IPK.v3_genomic.gtf,WN,Poales,Poaceae,Commelinids,Monocots,yes,2021/3/18,Nature Genetics,10.1038/s41588-021-00808-z,7860,7740,86991,1040000,480.35,PacBio;Illumina,Other TGS,China,yes,Falcon;wtdbg;Mecat,Pilon,LACHESIS,LACHESIS,no,/mnt/rice/data/Poaceae_Fan_longjiang/huada_update/Secale_cereale/GCA_965641915.1_lpSecCere.Lo7.IPK.v3_genomic.fna.gz,/mnt/rice/data/Poaceae_Fan_longjiang/huada_update/Secale_cereale/Secale_cereale_GCA_965641915.1_lpSecCere.Lo7.IPK.v3_genomic.gtf,/mnt/rice/data/Poaceae_Fan_longjiang/huada_update/Secale_cereale/GCA_965641915.1_lpSecCere.Lo7.IPK.v3_genomic.fna.gz,/mnt/rice/data/Poaceae_Fan_longjiang/huada_update/Secale_cereale/Secale_cereale_GCA_965641915.1_lpSecCere.Lo7.IPK.v3_genomic.gtf
原始数据可用,1170,208,??????,Setaria italica,NA,Yugu1_T2T.genome.fa.gz,Yugu1_T2T_v1.0.gff3.gz,Yugu1,Poales,Poaceae,Commelinids,Monocots,yes,2024/1/5,"He et al., A complete reference genome assembly for foxtail millet and Setaria-db, a comprehensive database for Setaria. Molecular Plant. 2024",10.1016/j.molp.2023.12.017,NA,422.47,43310,50026.84,50026.84,PacBio;ONT;Illumina,HiFi;ONT ultralong;NGS,China,yes,Hifiasm,Racon,3D-DNA;Juicer,3D-DNA;Juicer,T2T,http://111.203.21.71:8000/download.html,https://figshare.10.6084/m9.figshare.28869197,/mnt/rice/data/Poaceae_Fan_longjiang/genome/Yugu1_T2T.genome.fa.gz,/mnt/rice/data/Poaceae_Fan_longjiang/annotation/Yugu1_T2T_v1.0.gff3.gz
Huada_FTP_update,1172,209,??????,Setaria viridis,diploid,GCA_005286985.2_Setaria_viridis_v4.0_genomic.fna.gz,Setaria_viridis_GCA_005286985.2_Setaria_viridis_v4.0_genomic.gtf,Cultivar A10,Poales,Poaceae,Commelinids,Monocots,yes,2020/10/5,Nature Biotechnology,33020633,401,395,38334,46700,11200,Illumina;PacBio,Other TGS,USA,no,Mecat,Quiver,NA,NA,pan-genome,/mnt/rice/data/Poaceae_Fan_longjiang/huada_update/Setaria_viridis/GCA_005286985.2_Setaria_viridis_v4.0_genomic.fna.gz,/mnt/rice/data/Poaceae_Fan_longjiang/huada_update/Setaria_viridis/Setaria_viridis_GCA_005286985.2_Setaria_viridis_v4.0_genomic.gtf,/mnt/rice/data/Poaceae_Fan_longjiang/huada_update/Setaria_viridis/GCA_005286985.2_Setaria_viridis_v4.0_genomic.fna.gz,/mnt/rice/data/Poaceae_Fan_longjiang/huada_update/Setaria_viridis/Setaria_viridis_GCA_005286985.2_Setaria_viridis_v4.0_genomic.gtf
Huada_FTP_update,1233,210,??????,Sorghum bicolor,diploid,GCA_000003195.3_Sorghum_bicolor_NCBIv3_genomic.fna.gz,Sorghum_bicolor_GCA_000003195.3_Sorghum_bicolor_NCBIv3_genomic.gtf,HYZ,Poales,Poaceae,Commelinids,Monocots,yes,2024/6/10,Plant Communications,10.1016/j.xplc.2024.100933,NA,724.37,43912,70870,70870,Pacbio;ONT,HiFi;ONT Ultra-long,China,yes,Hifiasm,NA,NA,NA,T2T,/mnt/rice/data/Poaceae_Fan_longjiang/huada_update/Sorghum_bicolor/GCA_000003195.3_Sorghum_bicolor_NCBIv3_genomic.fna.gz,/mnt/rice/data/Poaceae_Fan_longjiang/huada_update/Sorghum_bicolor/Sorghum_bicolor_GCA_000003195.3_Sorghum_bicolor_NCBIv3_genomic.gtf,/mnt/rice/data/Poaceae_Fan_longjiang/huada_update/Sorghum_bicolor/GCA_000003195.3_Sorghum_bicolor_NCBIv3_genomic.fna.gz,/mnt/rice/data/Poaceae_Fan_longjiang/huada_update/Sorghum_bicolor/Sorghum_bicolor_GCA_000003195.3_Sorghum_bicolor_NCBIv3_genomic.gtf
非UTR-缺注释,1246,211,统计条目,Sorghum propinquum,NA,S369-1.genome.fa.gz,PRODUCTION_61_result.gtf,S369-1,Poales,Poaceae,Commelinids,Monocots,yes,2021/5/20,Nature Plants,10.1038/s41477-021-00925-x,682.16,549.29,32176,327.824,288.992,PacBio;Illumina,Other TGS,Australia,yes,Platanus,Pilon,SSPACE;LACHESIS,LACHESIS,pan-genome,/mnt/rice/data/Poaceae_Fan_longjiang/genome/S369-1.genome.fa.gz,NA,/mnt/rice/data/Poaceae_Fan_longjiang/genome/S369-1.genome.fa.gz,/mnt/rice/data/Poaceae_Fan_longjiang/annotation/PRODUCTION_61_result.gtf
原始数据可用,1247,212,???????,Sorghum purpureosericeum,NA,GCA_964647645.1_SpuB_v1.0_genomic.fna.gz,Sorghum_purpureosericeum_GCA_964647645.1_SpuB_v1.0_genomic.gtf,SpuB_v1.0,Poales,Poaceae,Commelinids,Monocots,no,2025/12/7,NA,GCA_964647645.1,NA,2820.353469,NA,NA,NA,NA,NA,NA,NA,NA,NA,NA,NA,NA,https://download.cncb.ac.cn/assembly/ncbi/Plants/GCA/964/647/Sorghum_purpureosericeum_monocots_SpuB_v1.0_GCA_964647645.1/GCA_964647645.1_SpuB_v1.0_genomic.fna.gz,NA,/mnt/rice/data/Poaceae_Fan_longjiang/genome/GCA_964647645.1_SpuB_v1.0_genomic.fna.gz,/mnt/rice/data/Poaceae_Fan_longjiang/annotation/Plant_gtf3/Sorghum_purpureosericeum/Sorghum_purpureosericeum_GCA_964647645.1_SpuB_v1.0_genomic.gtf
原始数据可用,1248,213,???????,Sorghum virgatum,NA,GCA_051168655.1_Sorghum_virgatum_1.0_genomic.fna.gz,Sorghum_virgatum_GCA_051168655.1_Sorghum_virgatum_1.0_genomic.gtf,Sorghum_virgatum_1.0,Poales,Poaceae,Commelinids,Monocots,yes,2025/7/1,NA,GCA_051168655.1,NA,781.40328,NA,NA,NA,NA,NA,NA,NA,NA,NA,NA,NA,NA,https://download.cncb.ac.cn/assembly/ncbi/Plants/GCA/051/168/Sorghum_virgatum_monocots_Sorghum_virgatum_1.0_GCA_051168655.1/GCA_051168655.1_Sorghum_virgatum_1.0_genomic.fna.gz,NA,/mnt/rice/data/Poaceae_Fan_longjiang/genome/GCA_051168655.1_Sorghum_virgatum_1.0_genomic.fna.gz,/mnt/rice/data/Poaceae_Fan_longjiang/annotation/Plant_gtf/Sorghum_virgatum/Sorghum_virgatum_GCA_051168655.1_Sorghum_virgatum_1.0_genomic.gtf
原始数据可用,1249,214,??????,Spartina alterniflora,NA,GWHCBIM00000000.genome.fasta.gz,GWHCBIM00000000.gff.gz,NA,Poales,Poaceae,Commelinids,Monocots,yes,2024/1/13,Plant Communications,10.1016/j.xplc.2024.100820,1710,1630,73711,NA,28250,PacBio;ONT,ONT,China,yes,Hifiasm,NA,NA,LACHESIS,no,https://ngdc.cncb.ac.cn/gwh/Assembly/37820/show,https://figshare.10.6084/m9.figshare.28869197,/mnt/rice/data/Poaceae_Fan_longjiang/genome/GWHCBIM00000000.genome.fasta.gz,/mnt/rice/data/Poaceae_Fan_longjiang/annotation/GWHCBIM00000000.gff.gz
Huada_FTP_update,1251,215,??????,Spinifex sericeus,diploid,GCA_055683245.1_SpSer_hap2_1.0_genomic.fna.gz,Spinifex_sericeus_GCA_055683245.1_SpSer_hap2_1.0_genomic.gtf,haplotype2,Poales,Poaceae,Commelinids,Monocots,yes,2026/2/27,Genome Biology and Evolution,10.1093/gbe/evag044,2600(all),2039,47400,232667,186000,PacBio;ONT;Illumina,HiFi;ONT ultra long,Australia,yes,Hifiasm,NA,YaHS,YaHS;HiC?Pro,no,/mnt/rice/data/Poaceae_Fan_longjiang/huada_update/Spinifex_sericeus/GCA_055683245.1_SpSer_hap2_1.0_genomic.fna.gz,/mnt/rice/data/Poaceae_Fan_longjiang/huada_update/Spinifex_sericeus/Spinifex_sericeus_GCA_055683245.1_SpSer_hap2_1.0_genomic.gtf,/mnt/rice/data/Poaceae_Fan_longjiang/huada_update/Spinifex_sericeus/GCA_055683245.1_SpSer_hap2_1.0_genomic.fna.gz,/mnt/rice/data/Poaceae_Fan_longjiang/huada_update/Spinifex_sericeus/Spinifex_sericeus_GCA_055683245.1_SpSer_hap2_1.0_genomic.gtf
Huada_FTP_update,1252,216,???????,Spodiopogon sagittifolius,NA,GCA_040448445.1_Spodiopogon_sagittifolius_genomic.fna.gz,Spodiopogon_sagittifolius_GCA_040448445.1_Spodiopogon_sagittifolius_genomic.gtf,NA,Poales,Poaceae,Commelinids,Monocots,yes,2024/7/2,NA,GCA_040448445.1,NA,815.1433,NA,NA,NA,NA,NA,NA,NA,NA,NA,NA,NA,NA,/mnt/rice/data/Poaceae_Fan_longjiang/huada_update/Spodiopogon_sagittifolius/GCA_040448445.1_Spodiopogon_sagittifolius_genomic.fna.gz,/mnt/rice/data/Poaceae_Fan_longjiang/huada_update/Spodiopogon_sagittifolius/Spodiopogon_sagittifolius_GCA_040448445.1_Spodiopogon_sagittifolius_genomic.gtf,/mnt/rice/data/Poaceae_Fan_longjiang/huada_update/Spodiopogon_sagittifolius/GCA_040448445.1_Spodiopogon_sagittifolius_genomic.fna.gz,/mnt/rice/data/Poaceae_Fan_longjiang/huada_update/Spodiopogon_sagittifolius/Spodiopogon_sagittifolius_GCA_040448445.1_Spodiopogon_sagittifolius_genomic.gtf
原始数据可用,1254,217,???????,Sporobolus alterniflorus,NA,GCA_048128665.1_ASM4812866v1_genomic.fna.gz,Sporobolus_alterniflorus_GCA_048128665.1_ASM4812866v1_genomic.gtf,ASM4812866v1,Poales,Poaceae,Commelinids,Monocots,yes,2025/2/28,NA,GCA_048128665.1,NA,1698.702275,NA,NA,NA,NA,NA,NA,NA,NA,NA,NA,NA,NA,https://download.cncb.ac.cn/assembly/ncbi/Plants/GCA/048/128/Sporobolus_alterniflorus_smooth_cordgrass_ASM4812866v1_GCA_048128665.1/GCA_048128665.1_ASM4812866v1_genomic.fna.gz,NA,/mnt/rice/data/Poaceae_Fan_longjiang/genome/GCA_048128665.1_ASM4812866v1_genomic.fna.gz,/mnt/rice/data/Poaceae_Fan_longjiang/annotation/Plant_gtf/Sporobolus_alterniflorus/Sporobolus_alterniflorus_GCA_048128665.1_ASM4812866v1_genomic.gtf
Huada_FTP_update,1256,218,??????,Sporobolus maritimus,tetraploid,GCA_965119375.1_Sporobolus_maritimus_v1.0_genomic.fna.gz,Sporobolus_maritimus_GCA_965119375.1_Sporobolus_maritimus_v1.0_genomic.gtf,NA,Poales,Poaceae,Commelinids,Monocots,yes,2025/2/26,Nature Communications,10.1038/s41467-025-56983-8,1795,1595,79568,NA,34700,ONT;Illumina,Othre TGS,France,no,Flye,Racon;Pilon;Hapo-G,Bionano Solve,NA,no,/mnt/rice/data/Poaceae_Fan_longjiang/huada_update/Sporobolus_maritimus/GCA_965119375.1_Sporobolus_maritimus_v1.0_genomic.fna.gz,/mnt/rice/data/Poaceae_Fan_longjiang/huada_update/Sporobolus_maritimus/Sporobolus_maritimus_GCA_965119375.1_Sporobolus_maritimus_v1.0_genomic.gtf,/mnt/rice/data/Poaceae_Fan_longjiang/huada_update/Sporobolus_maritimus/GCA_965119375.1_Sporobolus_maritimus_v1.0_genomic.fna.gz,/mnt/rice/data/Poaceae_Fan_longjiang/huada_update/Sporobolus_maritimus/Sporobolus_maritimus_GCA_965119375.1_Sporobolus_maritimus_v1.0_genomic.gtf
UTR-HUADA问题,1257,219,统计条目,Sporobolus pyramidalis,hexaploid,Sporobolus_pyramidalis.fa,PRODUCTION_91_result.gtf,NA,Poales,Poaceae,Commelinids,Monocots,yes,2022/2/1,PNAS,10.1073/pnas.2118886119,1826,1055,51207,21600,NA,PacBio;Illumina,Other TGS,Mexico,yes,Meraculous,NA,HiRise,HiRise,no,NA,NA,/mnt/rice/data/Poaceae_Fan_longjiang/genome/Sporobolus_pyramidalis.fa,/mnt/rice/data/Poaceae_Fan_longjiang/annotation/PRODUCTION_91_result.gtf
UTR-HUADA问题,1258,220,统计条目,Sporobolus stapfianus,tetraploid,Sporobolus_stapfianus_Resurrection_Grass.fa,PRODUCTION_92_result.gtf,NA,Poales,Poaceae,Commelinids,Monocots,yes,2022/2/1,PNAS,10.1073/pnas.2118886119,1354,1080,52808,19400,NA,PacBio;Illumina,Other TGS,Mexico,yes,Meraculous,NA,HiRise,HiRise,no,NA,NA,/mnt/rice/data/Poaceae_Fan_longjiang/genome/Sporobolus_stapfianus_Resurrection_Grass.fa,/mnt/rice/data/Poaceae_Fan_longjiang/annotation/PRODUCTION_92_result.gtf
非UTR-缺注释,1259,221,统计条目,Stenotaphrum secundatu,diploid,Ssecundatumvar_RaleighHap1_961_v1.fa.gz,PRODUCTION_62_result.gtf,Raleigh'_primary haplotype,Poales,Poaceae,Commelinids,Monocots,yes,2026/3/23,The Plant Genome,10.1002/tpg2.70144,500,455.27,33836,53133,12064,PacBio;Illumina,HiFi,USA,yes,Hifiasm;HiCanu,Pilon,ALLMAPS,Juicer;3D-DNA,no,/mnt/rice/data/Poaceae_Fan_longjiang/genome/Ssecundatumvar_RaleighHap1_961_v1.fa.gz,NA,/mnt/rice/data/Poaceae_Fan_longjiang/genome/Ssecundatumvar_RaleighHap1_961_v1.fa.gz,/mnt/rice/data/Poaceae_Fan_longjiang/annotation/PRODUCTION_62_result.gtf
Huada_FTP_update,1260,222,??????,Stipa capillata,NA,GCA_019208055.1_TSU_Scap_1_genomic.fna.gz,Stipa_capillata_GCA_019208055.1_TSU_Scap_1_genomic.gtf,NA,Poales,Poaceae,Commelinids,Monocots,no,2021/7/28,Scientific Reports,10.1038/s41598-021-94068-w,1000,1004,81224,NA,351,PacBio;Illumina,Other TGS,Poland,no,Flye;Falcon,NA,RagTag,NA,no,/mnt/rice/data/Poaceae_Fan_longjiang/huada_update/Stipa_capillata/GCA_019208055.1_TSU_Scap_1_genomic.fna.gz,/mnt/rice/data/Poaceae_Fan_longjiang/huada_update/Stipa_capillata/Stipa_capillata_GCA_019208055.1_TSU_Scap_1_genomic.gtf,/mnt/rice/data/Poaceae_Fan_longjiang/huada_update/Stipa_capillata/GCA_019208055.1_TSU_Scap_1_genomic.fna.gz,/mnt/rice/data/Poaceae_Fan_longjiang/huada_update/Stipa_capillata/Stipa_capillata_GCA_019208055.1_TSU_Scap_1_genomic.gtf
Huada_FTP_update,1261,223,???????,Stipagrostis hirtigluma subsp. patula,NA,GCA_050613795.1_ASM5061379v1_genomic.fna.gz,Stipagrostis_hirtigluma_subsp._patula_GCA_050613795.1_ASM5061379v1_genomic.gtf,NA,Poales,Poaceae,Commelinids,Monocots,no,2025/5/29,NA,GCA_050613795.1,NA,612.2239,NA,NA,NA,NA,NA,NA,NA,NA,NA,NA,NA,NA,/mnt/rice/data/Poaceae_Fan_longjiang/huada_update/Stipagrostis_hirtigluma_subsp._patula/GCA_050613795.1_ASM5061379v1_genomic.fna.gz,/mnt/rice/data/Poaceae_Fan_longjiang/huada_update/Stipagrostis_hirtigluma_subsp._patula/Stipagrostis_hirtigluma_subsp._patula_GCA_050613795.1_ASM5061379v1_genomic.gtf,/mnt/rice/data/Poaceae_Fan_longjiang/huada_update/Stipagrostis_hirtigluma_subsp._patula/GCA_050613795.1_ASM5061379v1_genomic.fna.gz,/mnt/rice/data/Poaceae_Fan_longjiang/huada_update/Stipagrostis_hirtigluma_subsp._patula/Stipagrostis_hirtigluma_subsp._patula_GCA_050613795.1_ASM5061379v1_genomic.gtf
UTR-HUADA问题,1262,224,补充条目,Streptochaeta angustifolia,NA,GCA_020804685.1_ISU_Sangustifolia_v1_genomic.fna.gz,PRODUCTION_103_result.gtf,NA,Poales,Poaceae,Commelinids,Monocots,no,2021/11/8,NA,GCA_020804685.1,NA,1797.8475,NA,NA,NA,NA,NA,NA,NA,NA,NA,NA,NA,NA,NA,NA,/mnt/rice/data/Poaceae_Fan_longjiang/genome/GCA_020804685.1_ISU_Sangustifolia_v1_genomic.fna.gz,/mnt/rice/data/Poaceae_Fan_longjiang/annotation/PRODUCTION_103_result.gtf
Huada_FTP_update,1263,225,???????,Themeda triandra,NA,GCA_018135685.1_ASM1813568v1_genomic.fna.gz,Themeda_triandra_GCA_018135685.1_ASM1813568v1_genomic.gtf,NA,Poales,Poaceae,Commelinids,Monocots,no,2021/4/26,NA,GCA_018135685.1,NA,889.2015,NA,NA,NA,NA,NA,NA,NA,NA,NA,NA,NA,NA,/mnt/rice/data/Poaceae_Fan_longjiang/huada_update/Themeda_triandra/GCA_018135685.1_ASM1813568v1_genomic.fna.gz,/mnt/rice/data/Poaceae_Fan_longjiang/huada_update/Themeda_triandra/Themeda_triandra_GCA_018135685.1_ASM1813568v1_genomic.gtf,/mnt/rice/data/Poaceae_Fan_longjiang/huada_update/Themeda_triandra/GCA_018135685.1_ASM1813568v1_genomic.fna.gz,/mnt/rice/data/Poaceae_Fan_longjiang/huada_update/Themeda_triandra/Themeda_triandra_GCA_018135685.1_ASM1813568v1_genomic.gtf
原始数据可用,1265,226,??????,Thinopyrum elongatum,diploid,GWHABKY00000000.genome.fasta.gz,GWHABKY00000000.gff.gz,NA,Poales,Poaceae,Commelinids,Monocots,yes,2020/4/20,Science,32273397,4780,4580,44474,73240,2150,Illumina;PacBio,Other TGS,China,yes,DeNovoMAGIC,NA,NA,NA,no,https://ngdc.cncb.ac.cn/search/?dbId=gwh&q=GWHABKY00000000&page=1,https://figshare.10.6084/m9.figshare.28869197,/mnt/rice/data/Poaceae_Fan_longjiang/genome/GWHABKY00000000.genome.fasta.gz,/mnt/rice/data/Poaceae_Fan_longjiang/annotation/GWHABKY00000000.gff.gz
Huada_FTP_update,1266,227,??????,Thinopyrum intermedium,hexaploid,GCA_050657015.1_SDAU_Thin_1.0_genomic.fna.gz,Thinopyrum_intermedium_GCA_050657015.1_SDAU_Thin_1.0_genomic.gtf,PI 440031,Poales,Poaceae,Commelinids,Monocots,yes,2025/8/18,Nature Communications,10.1038/s41467-025-66583-1,11750,10890,133758 ,495770,NA,PacBio,HiFi,China,yes,Hifiasm,NA,ALLHIC,ALLHIC,no,/mnt/rice/data/Poaceae_Fan_longjiang/huada_update/Thinopyrum_intermedium/GCA_050657015.1_SDAU_Thin_1.0_genomic.fna.gz,/mnt/rice/data/Poaceae_Fan_longjiang/huada_update/Thinopyrum_intermedium/Thinopyrum_intermedium_GCA_050657015.1_SDAU_Thin_1.0_genomic.gtf,/mnt/rice/data/Poaceae_Fan_longjiang/huada_update/Thinopyrum_intermedium/GCA_050657015.1_SDAU_Thin_1.0_genomic.fna.gz,/mnt/rice/data/Poaceae_Fan_longjiang/huada_update/Thinopyrum_intermedium/Thinopyrum_intermedium_GCA_050657015.1_SDAU_Thin_1.0_genomic.gtf
Huada_FTP_update,1268,228,???????,Thinopyrum obtusiflorum,NA,GCA_036873465.1_4AgS_genomic.fna.gz,Thinopyrum_obtusiflorum_GCA_036873465.1_4AgS_genomic.gtf,4AgS,Poales,Poaceae,Commelinids,Monocots,no,2024/2/26,NA,GCA_036873465.1,NA,239.720355,NA,NA,NA,NA,NA,NA,NA,NA,NA,NA,NA,NA,/mnt/rice/data/Poaceae_Fan_longjiang/huada_update/Thinopyrum_obtusiflorum/GCA_036873465.1_4AgS_genomic.fna.gz,/mnt/rice/data/Poaceae_Fan_longjiang/huada_update/Thinopyrum_obtusiflorum/Thinopyrum_obtusiflorum_GCA_036873465.1_4AgS_genomic.gtf,/mnt/rice/data/Poaceae_Fan_longjiang/huada_update/Thinopyrum_obtusiflorum/GCA_036873465.1_4AgS_genomic.fna.gz,/mnt/rice/data/Poaceae_Fan_longjiang/huada_update/Thinopyrum_obtusiflorum/Thinopyrum_obtusiflorum_GCA_036873465.1_4AgS_genomic.gtf
Huada_FTP_update,1269,229,??????,Thyrsostachys siamensis,hexaploid,GCA_051168815.1_ASM5116881v1_genomic.fna.gz,Thyrsostachys_siamensis_GCA_051168815.1_ASM5116881v1_genomic.gtf,NA,Poales,Poaceae,Commelinids,Monocots,yes,2025/11/17,GigaScience,10.1093/gigascience/giaf142,1247,1140,59683 ,1945,320,BGI,Other TGS,Thailand,yes,stLFRdenovo,NA,RagTag,HiRise;BWA,no,/mnt/rice/data/Poaceae_Fan_longjiang/huada_update/Thyrsostachys_siamensis/GCA_051168815.1_ASM5116881v1_genomic.fna.gz,/mnt/rice/data/Poaceae_Fan_longjiang/huada_update/Thyrsostachys_siamensis/Thyrsostachys_siamensis_GCA_051168815.1_ASM5116881v1_genomic.gtf,/mnt/rice/data/Poaceae_Fan_longjiang/huada_update/Thyrsostachys_siamensis/GCA_051168815.1_ASM5116881v1_genomic.fna.gz,/mnt/rice/data/Poaceae_Fan_longjiang/huada_update/Thyrsostachys_siamensis/Thyrsostachys_siamensis_GCA_051168815.1_ASM5116881v1_genomic.gtf
UTR-HUADA问题,1270,230,补充条目,Thysanolaena latifolia,NA,GWHFHFW00000000.1.genome.fasta.gz,PRODUCTION_85_result.gtf,"Asian broom grass, tiger grass",Poales,Poaceae,Commelinids,Monocots,yes,2024/11/7,NA,GWHFHFW00000000.1,NA,713.2084,NA,NA,NA,NA,NA,NA,NA,NA,NA,NA,NA,NA,NA,NA,/mnt/rice/data/Poaceae_Fan_longjiang/genome/GWHFHFW00000000.1.genome.fasta.gz,/mnt/rice/data/Poaceae_Fan_longjiang/annotation/PRODUCTION_85_result.gtf
Huada_FTP_update,1271,231,???????,Tripidium arundinaceum,NA,GCA_030439765.1_ASM3043976v1_genomic.fna.gz,Tripidium_arundinaceum_GCA_030439765.1_ASM3043976v1_genomic.gtf,NA,Poales,Poaceae,Commelinids,Monocots,no,2023/7/12,NA,GCA_030439765.1,NA,70.8896,NA,NA,NA,NA,NA,NA,NA,NA,NA,NA,NA,NA,/mnt/rice/data/Poaceae_Fan_longjiang/huada_update/Tripidium_arundinaceum/GCA_030439765.1_ASM3043976v1_genomic.fna.gz,/mnt/rice/data/Poaceae_Fan_longjiang/huada_update/Tripidium_arundinaceum/Tripidium_arundinaceum_GCA_030439765.1_ASM3043976v1_genomic.gtf,/mnt/rice/data/Poaceae_Fan_longjiang/huada_update/Tripidium_arundinaceum/GCA_030439765.1_ASM3043976v1_genomic.fna.gz,/mnt/rice/data/Poaceae_Fan_longjiang/huada_update/Tripidium_arundinaceum/Tripidium_arundinaceum_GCA_030439765.1_ASM3043976v1_genomic.gtf
原始数据可用,1292,232,??????,Triticum aestivum,hexaploid,GWHEQUO00000000.genome.fasta.gz,GWHEQUO00000000.gff.gz,JM44,Poales,Poaceae,Commelinids,Monocots,yes,2026/5/7,Nature Plants,10.1038/s41477-026-02288-7,14900,14440,269249,721150,43050,PacBio;Illumina,HiFi,China,yes,Hifiasm,pbmm2;BWA,3D-DNA,NA,no,https://download.cncb.ac.cn/gwh/Plants/Triticum_aestivum_JM44_v1.0_GWHEQUO00000000/GWHEQUO00000000.genome.fasta.gz,https://download.cncb.ac.cn/gwh/Plants/Triticum_aestivum_JM44_v1.0_GWHEQUO00000000/GWHEQUO00000000.gff.gz,/mnt/rice/data/Poaceae_Fan_longjiang/genome/GWHEQUO00000000.genome.fasta.gz,/mnt/rice/data/Poaceae_Fan_longjiang/annotation/GWHEQUO00000000.gff.gz
Huada_FTP_update,1298,233,???????,Triticum dicoccoides,NA,GCA_002162155.3_WEW_v2.1_genomic.fna.gz,Triticum_dicoccoides_GCA_002162155.3_WEW_v2.1_genomic.gtf,WEW_v2.1,Poales,Poaceae,Commelinids,Monocots,yes,2019/2/4,NA,GCF_002162155.2,NA,10677.09775,NA,NA,NA,NA,NA,NA,NA,NA,NA,NA,NA,NA,/mnt/rice/data/Poaceae_Fan_longjiang/huada_update/Triticum_dicoccoides/GCA_002162155.3_WEW_v2.1_genomic.fna.gz,/mnt/rice/data/Poaceae_Fan_longjiang/huada_update/Triticum_dicoccoides/Triticum_dicoccoides_GCA_002162155.3_WEW_v2.1_genomic.gtf,/mnt/rice/data/Poaceae_Fan_longjiang/huada_update/Triticum_dicoccoides/GCA_002162155.3_WEW_v2.1_genomic.fna.gz,/mnt/rice/data/Poaceae_Fan_longjiang/huada_update/Triticum_dicoccoides/Triticum_dicoccoides_GCA_002162155.3_WEW_v2.1_genomic.gtf
原始数据可用,1316,234,??????,Triticum monococcum,diploid,GWHCBHO00000000.1.genome.fasta.gz,GWHCBHO00000000.1.gff.gz,PI 306540,Poales,Poaceae,Commelinids,Monocots,yes,2023/11/17,Plant Communications,10.1016/j.xplc.2023.100768,5280,5110,53168,728660,131200,PacBio;Illumina,HiFi,China,yes,Hifiasm,NA,3D-DNA,3D-DNA,T2T,https://ngdc.cncb.ac.cn/search/?dbId=gwh&q=PRJCA016389&page=1,https://doi.org/10.6084/m9.figshare.25282654,/mnt/rice/data/Poaceae_Fan_longjiang/genome/GWHCBHO00000000.1.genome.fasta.gz,/mnt/rice/data/Poaceae_Fan_longjiang/annotation/GWHCBHO00000000.1.gff.gz
原始数据可用,1320,235,??????,Triticum timopheevii,allotetraploid,Timopheevii.final.pm.oriented.fasta.gz,Timopheevii.final.pm.oriented.gff3,NA,Poales,Poaceae,Commelinids,Monocots,yes,2024/4/23,Scientific Data,10.1038/s41597-024-03260-w,9460,9350,166325,671191,42400,PacBio,HiFi,UK,yes,Hifiasm,NA,SALSA,NA,no,https://doi.org/10.5061/dryad.mpg4f4r6p,https://doi.org/10.5061/dryad.mpg4f4r6p,/mnt/rice/data/Poaceae_Fan_longjiang/genome/Timopheevii.final.pm.oriented.fasta.gz,/mnt/rice/data/Poaceae_Fan_longjiang/annotation/Timopheevii.final.pm.oriented.gff3
Huada_FTP_update,1322,236,??????,Triticum turgidum,tetraploid,GCA_051168695.1_HAU_Langdon_genomic.fna.gz,Triticum_turgidum_GCA_051168695.1_HAU_Langdon_genomic.gtf,ssp.durum cultivar Langdon,Poales,Poaceae,Commelinids,Monocots,yes,2025/8/6,Scientific Data,10.1038/s41597-025-05724-z,11020,10470,68342 ,751300,41180,PacBio,HiFi,China,yes,Hifiasm,SMRT-Link,NA,Juicer,no,/mnt/rice/data/Poaceae_Fan_longjiang/huada_update/Triticum_turgidum/GCA_051168695.1_HAU_Langdon_genomic.fna.gz,/mnt/rice/data/Poaceae_Fan_longjiang/huada_update/Triticum_turgidum/Triticum_turgidum_GCA_051168695.1_HAU_Langdon_genomic.gtf,/mnt/rice/data/Poaceae_Fan_longjiang/huada_update/Triticum_turgidum/GCA_051168695.1_HAU_Langdon_genomic.fna.gz,/mnt/rice/data/Poaceae_Fan_longjiang/huada_update/Triticum_turgidum/Triticum_turgidum_GCA_051168695.1_HAU_Langdon_genomic.gtf
Huada_FTP_update,1324,237,??????,Triticum urartu,diploid,GCA_003073215.2_Tu2.1_genomic.fna.gz,Triticum_urartu_GCA_003073215.2_Tu2.1_genomic.gtf,update G1812,Poales,Poaceae,Commelinids,Monocots,yes,2018/5/9,Nature,29743678,4940,4940,41507,3670,344,Illumina;PacBio,Other TGS,China,no,MaSuRCA;Celera Assembler,NA,SSPACE,NA,no,/mnt/rice/data/Poaceae_Fan_longjiang/huada_update/Triticum_urartu/GCA_003073215.2_Tu2.1_genomic.fna.gz,/mnt/rice/data/Poaceae_Fan_longjiang/huada_update/Triticum_urartu/Triticum_urartu_GCA_003073215.2_Tu2.1_genomic.gtf,/mnt/rice/data/Poaceae_Fan_longjiang/huada_update/Triticum_urartu/GCA_003073215.2_Tu2.1_genomic.fna.gz,/mnt/rice/data/Poaceae_Fan_longjiang/huada_update/Triticum_urartu/Triticum_urartu_GCA_003073215.2_Tu2.1_genomic.gtf
Huada_FTP_update,1326,238,??????,Tuctoria greenei,diploid,GCA_036927565.1_lpTucGree1.0.hap1_genomic.fna.gz,Tuctoria_greenei_GCA_036927565.1_lpTucGree1.0.hap1_genomic.gtf,haplotype 1,Poales,Poaceae,Commelinids,Monocots,yes,2025/10/22,Journal of  Heredity,10.1093/jhered/esaf084,NA,2595.92,33566 (diploid),216090,3223,PacBio,Other TGS,USA,yes,Hifiasm,NA,SALSA,SALSA,no,/mnt/rice/data/Poaceae_Fan_longjiang/huada_update/Tuctoria_greenei/GCA_036927565.1_lpTucGree1.0.hap1_genomic.fna.gz,/mnt/rice/data/Poaceae_Fan_longjiang/huada_update/Tuctoria_greenei/Tuctoria_greenei_GCA_036927565.1_lpTucGree1.0.hap1_genomic.gtf,/mnt/rice/data/Poaceae_Fan_longjiang/huada_update/Tuctoria_greenei/GCA_036927565.1_lpTucGree1.0.hap1_genomic.fna.gz,/mnt/rice/data/Poaceae_Fan_longjiang/huada_update/Tuctoria_greenei/Tuctoria_greenei_GCA_036927565.1_lpTucGree1.0.hap1_genomic.gtf
原始数据可用,1327,239,???????,Urochloa decumbens,NA,GCA_964030465.3_lpUroDecu1.2_genomic.fna.gz,GCA_964030465.3_lpUroDecu1.2_genomic.gff.gz,lpUroDecu1.2,Poales,Poaceae,Commelinids,Monocots,yes,2024/10/28,NA,GCA_964030465.3,NA,2879.772915,NA,NA,NA,NA,NA,NA,NA,NA,NA,NA,NA,NA,https://download.cncb.ac.cn/assembly/ncbi/Plants/GCA/964/030/Urochloa_decumbens_monocots_lpUroDecu1.2_GCA_964030465.3/GCA_964030465.3_lpUroDecu1.2_genomic.fna.gz,https://download.cncb.ac.cn/assembly/ncbi/Plants/GCA/964/030/Urochloa_decumbens_monocots_lpUroDecu1.2_GCA_964030465.3/GCA_964030465.3_lpUroDecu1.2_genomic.gff.gz,/mnt/rice/data/Poaceae_Fan_longjiang/genome/GCA_964030465.3_lpUroDecu1.2_genomic.fna.gz,/mnt/rice/data/Poaceae_Fan_longjiang/annotation/GCA_964030465.3_lpUroDecu1.2_genomic.gff.gz
原始数据可用,1328,240,??????,Urochloa humidicola,octoploid,GCA_965614515.1_Urohumi_v2_genomic.fna.gz,GCA_965614515.1_Urohumi_v2_genomic.gff.gz,cv. Tully/'Pasto humidicola' / 'Chetumal',Poales,Poaceae,Commelinids,Monocots,yes,2026/2/12,G3-Genes Genomes Genetics,10.1093/g3journal/jkag033,4100,4102,259254,88436,32755,PacBio,HiFi,UK,no,Hifiasm,NA,RagTag,NA,no,https://ftp.ncbi.nlm.nih.gov/genomes/all/GCA/965/614/515/GCA_965614515.1_Urohumi_v2/GCA_965614515.1_Urohumi_v2_genomic.fna.gz,https://ftp.ncbi.nlm.nih.gov/genomes/all/GCA/965/614/515/GCA_965614515.1_Urohumi_v2/GCA_965614515.1_Urohumi_v2_genomic.gff.gz,/mnt/rice/data/Poaceae_Fan_longjiang/genome/GCA_965614515.1_Urohumi_v2_genomic.fna.gz,/mnt/rice/data/Poaceae_Fan_longjiang/annotation/GCA_965614515.1_Urohumi_v2_genomic.gff.gz
Huada_FTP_update,1329,241,??????,Urochloa ruziziensis,NA,GCA_015476505.1_Embrapa_Uruz_1.0_genomic.fna.gz,Urochloa_ruziziensis_GCA_015476505.1_Embrapa_Uruz_1.0_genomic.gtf,CIAT26162,Poales,Poaceae,Commelinids,Monocots,no,2020/10/16,Journal of Experimental Botany,33064149,604,732,42232,27.8,NA,Illumina;PacBio,Other TGS,Colombia,no,Platanus,NA,Platanus,NA,no,/mnt/rice/data/Poaceae_Fan_longjiang/huada_update/Urochloa_ruziziensis/GCA_015476505.1_Embrapa_Uruz_1.0_genomic.fna.gz,/mnt/rice/data/Poaceae_Fan_longjiang/huada_update/Urochloa_ruziziensis/Urochloa_ruziziensis_GCA_015476505.1_Embrapa_Uruz_1.0_genomic.gtf,/mnt/rice/data/Poaceae_Fan_longjiang/huada_update/Urochloa_ruziziensis/GCA_015476505.1_Embrapa_Uruz_1.0_genomic.fna.gz,/mnt/rice/data/Poaceae_Fan_longjiang/huada_update/Urochloa_ruziziensis/Urochloa_ruziziensis_GCA_015476505.1_Embrapa_Uruz_1.0_genomic.gtf
原始数据可用,1330,242,???????,Zea luxurians,NA,GCA_029449295.1_ASM2944929v1_genomic.fna.gz,Zea_luxurians_GCA_029449295.1_ASM2944929v1_genomic.gtf,ASM2944929v1,Poales,Poaceae,Commelinids,Monocots,no,2023/3/28,NA,GCA_029449295.1,NA,5596.586848,NA,NA,NA,NA,NA,NA,NA,NA,NA,NA,NA,NA,https://download.cncb.ac.cn/assembly/ncbi/Plants/GCA/029/449/Zea_luxurians_monocots_ASM2944929v1_GCA_029449295.1/GCA_029449295.1_ASM2944929v1_genomic.fna.gz,NA,/mnt/rice/data/Poaceae_Fan_longjiang/genome/GCA_029449295.1_ASM2944929v1_genomic.fna.gz,/mnt/rice/data/Poaceae_Fan_longjiang/annotation/Plant_gtf3/Zea_luxurians/Zea_luxurians_GCA_029449295.1_ASM2944929v1_genomic.gtf
Huada_FTP_update,1349,243,??????,Zea mays,diploid,GCA_902167145.1_Zm-B73-REFERENCE-NAM-5.0_genomic.fna.gz,Zea_mays_GCA_902167145.1_Zm-B73-REFERENCE-NAM-5.0_genomic.gtf,Mo17,Poales,Poaceae,Commelinids,Monocots,yes,2023/6/15,Nature Genetics,10.1038/s41588-023-01419-6,2300,2178.6,42580,NA,181203,PacBio;ONT;Illumina,HiFi;ONT (reads N50 size ??100kb),China,no,NextDenovo;Hifiasm;Canu,Nextpolish,NA,NA,T2T,/mnt/rice/data/Poaceae_Fan_longjiang/huada_update/Zea_mays/GCA_902167145.1_Zm-B73-REFERENCE-NAM-5.0_genomic.fna.gz,/mnt/rice/data/Poaceae_Fan_longjiang/huada_update/Zea_mays/Zea_mays_GCA_902167145.1_Zm-B73-REFERENCE-NAM-5.0_genomic.gtf,/mnt/rice/data/Poaceae_Fan_longjiang/huada_update/Zea_mays/GCA_902167145.1_Zm-B73-REFERENCE-NAM-5.0_genomic.fna.gz,/mnt/rice/data/Poaceae_Fan_longjiang/huada_update/Zea_mays/Zea_mays_GCA_902167145.1_Zm-B73-REFERENCE-NAM-5.0_genomic.gtf
Huada_FTP_update,1499,244,??????,Zizania latifolia,NA,GCA_056882285.1_ASM5688228v1_genomic.fna.gz,Zizania_latifolia_GCA_056882285.1_ASM5688228v1_genomic.gtf,NA,Poales,Poaceae,Commelinids,Monocots,yes,2024/12/18,Scientific Data,10.1038/s41597-024-04220-0,550.84,578.42,39934,34710,33750,PacBio;ONT,HiFi,China,yes,Hifiasm,NA,NA,3D-DNA,T2T,/mnt/rice/data/Poaceae_Fan_longjiang/huada_update/Zizania_latifolia/GCA_056882285.1_ASM5688228v1_genomic.fna.gz,/mnt/rice/data/Poaceae_Fan_longjiang/huada_update/Zizania_latifolia/Zizania_latifolia_GCA_056882285.1_ASM5688228v1_genomic.gtf,/mnt/rice/data/Poaceae_Fan_longjiang/huada_update/Zizania_latifolia/GCA_056882285.1_ASM5688228v1_genomic.fna.gz,/mnt/rice/data/Poaceae_Fan_longjiang/huada_update/Zizania_latifolia/Zizania_latifolia_GCA_056882285.1_ASM5688228v1_genomic.gtf
Huada_FTP_update,1500,245,??????,Zizania palustris,diploid,GCA_019279435.1_ASM1927943v1_genomic.fna.gz,Zizania_palustris_GCA_019279435.1_ASM1927943v1_genomic.gtf,NA,Poales,Poaceae,Commelinids,Monocots,yes,2021/7/26,The Plant Journal,10.1111/tpj.15419,1800,1290,46421,NA,386.6,PacBio;Illumina,Other TGS,USA,yes,wtdbg,Arrow,HiRise,HiRise,no,/mnt/rice/data/Poaceae_Fan_longjiang/huada_update/Zizania_palustris/GCA_019279435.1_ASM1927943v1_genomic.fna.gz,/mnt/rice/data/Poaceae_Fan_longjiang/huada_update/Zizania_palustris/Zizania_palustris_GCA_019279435.1_ASM1927943v1_genomic.gtf,/mnt/rice/data/Poaceae_Fan_longjiang/huada_update/Zizania_palustris/GCA_019279435.1_ASM1927943v1_genomic.fna.gz,/mnt/rice/data/Poaceae_Fan_longjiang/huada_update/Zizania_palustris/Zizania_palustris_GCA_019279435.1_ASM1927943v1_genomic.gtf
原始数据可用,1501,246,???????,Zoysia japonica,NA,GCA_040438285.1_BJFU_zoysia2.1_genomic.fna.gz,Zoysia_japonica_GCA_040438285.1_BJFU_zoysia2.1_genomic.gtf,BJFU_zoysia2.1,Poales,Poaceae,Commelinids,Monocots,yes,2024/7/2,NA,GCA_040438285.1,NA,326.397847,NA,NA,NA,NA,NA,NA,NA,NA,NA,NA,NA,NA,https://download.cncb.ac.cn/assembly/ncbi/Plants/GCA/040/438/Zoysia_japonica_monocots_BJFU_zoysia2.1_GCA_040438285.1/GCA_040438285.1_BJFU_zoysia2.1_genomic.fna.gz,NA,/mnt/rice/data/Poaceae_Fan_longjiang/genome/GCA_040438285.1_BJFU_zoysia2.1_genomic.fna.gz,/mnt/rice/data/Poaceae_Fan_longjiang/annotation/Plant_gtf/Zoysia_japonica/Zoysia_japonica_GCA_040438285.1_BJFU_zoysia2.1_genomic.gtf
Huada_FTP_update,1503,247,??????,Zoysia macrostachya,tetraploid,GCA_049640385.1_PBI_Zma_genomic.fna.gz,Zoysia_macrostachya_GCA_049640385.1_PBI_Zma_genomic.gtf,ZN3169,Poales,Poaceae,Commelinids,Monocots,yes,2025/7/31,Scientific Data,10.1038/s41597-025-05702-5,324.25,329.78,33474 ,19240,7556,ONT;Illumina,Other TGS,Korea,no,NextDenovo,NextPolish,BWA;HapHiC,NA,no,/mnt/rice/data/Poaceae_Fan_longjiang/huada_update/Zoysia_macrostachya/GCA_049640385.1_PBI_Zma_genomic.fna.gz,/mnt/rice/data/Poaceae_Fan_longjiang/huada_update/Zoysia_macrostachya/Zoysia_macrostachya_GCA_049640385.1_PBI_Zma_genomic.gtf,/mnt/rice/data/Poaceae_Fan_longjiang/huada_update/Zoysia_macrostachya/GCA_049640385.1_PBI_Zma_genomic.fna.gz,/mnt/rice/data/Poaceae_Fan_longjiang/huada_update/Zoysia_macrostachya/Zoysia_macrostachya_GCA_049640385.1_PBI_Zma_genomic.gtf
原始数据可用,1504,248,???????,Zoysia matrella,NA,GCA_001602295.1_ASM160229v1_genomic.fna.gz,Zoysia_matrella_GCA_001602295.1_ASM160229v1_genomic.gtf,ASM160229v1,Poales,Poaceae,Commelinids,Monocots,no,2016/3/15,NA,GCA_001602295.1,NA,563.438595,NA,NA,NA,NA,NA,NA,NA,NA,NA,NA,NA,NA,https://download.cncb.ac.cn/assembly/ncbi/Plants/GCA/001/602/Zoysia_matrella_Manila_grass_ASM160229v1_GCA_001602295.1/GCA_001602295.1_ASM160229v1_genomic.fna.gz,NA,/mnt/rice/data/Poaceae_Fan_longjiang/genome/GCA_001602295.1_ASM160229v1_genomic.fna.gz,/mnt/rice/data/Poaceae_Fan_longjiang/annotation/Plant_gtf3/Zoysia_matrella/Zoysia_matrella_GCA_001602295.1_ASM160229v1_genomic.gtf
原始数据可用,1505,249,???????,Zoysia pacifica,NA,GCA_001602315.1_ASM160231v1_genomic.fna.gz,Zoysia_pacifica_GCA_001602315.1_ASM160231v1_genomic.gtf,ASM160231v1,Poales,Poaceae,Commelinids,Monocots,no,2016/3/15,NA,GCA_001602315.1,NA,397.009957,NA,NA,NA,NA,NA,NA,NA,NA,NA,NA,NA,NA,https://download.cncb.ac.cn/assembly/ncbi/Plants/GCA/001/602/Zoysia_pacifica_monocots_ASM160231v1_GCA_001602315.1/GCA_001602315.1_ASM160231v1_genomic.fna.gz,NA,/mnt/rice/data/Poaceae_Fan_longjiang/genome/GCA_001602315.1_ASM160231v1_genomic.fna.gz,/mnt/rice/data/Poaceae_Fan_longjiang/annotation/Plant_gtf3/Zoysia_pacifica/Zoysia_pacifica_GCA_001602315.1_ASM160231v1_genomic.gtf
Huada_FTP_update,1506,250,??????,Zoysia sinica,tetraploid,GCA_041753855.1_CNU_Zsg_1.0_genomic.fna.gz,Zoysia_sinica_GCA_041753855.1_CNU_Zsg_1.0_genomic.gtf,NA,Poales,Poaceae,Commelinids,Monocots,yes,2025/7/8,The Plant Genome,10.1002/tpg2.70070,NA,328.2,29551 ,18900,10400,ONT;Illumina,Other TGS,Korea,no,NextDenovo,NA,Juicer;3D-DNA,NA,T2T,/mnt/rice/data/Poaceae_Fan_longjiang/huada_update/Zoysia_sinica/GCA_041753855.1_CNU_Zsg_1.0_genomic.fna.gz,/mnt/rice/data/Poaceae_Fan_longjiang/huada_update/Zoysia_sinica/Zoysia_sinica_GCA_041753855.1_CNU_Zsg_1.0_genomic.gtf,/mnt/rice/data/Poaceae_Fan_longjiang/huada_update/Zoysia_sinica/GCA_041753855.1_CNU_Zsg_1.0_genomic.fna.gz,/mnt/rice/data/Poaceae_Fan_longjiang/huada_update/Zoysia_sinica/Zoysia_sinica_GCA_041753855.1_CNU_Zsg_1.0_genomic.gtf
