来源*,Species,Ploidy,Filename,annotation_file,Accession name,Order,Family,Clade,APG IV,Chromosome-level,Publish year,Publication,PMID/DOI,Estimated genome size (Mb),Assembled genomesize(Mb),Predicted gene number,Scaffold N50 size (Kb),Contig N50 size(Kb),Sequencing platform,Sequencing platform classification,Country/institution,HiC for scaffoldng,Software of contig assembly,Software of polishing,Software of scaffloding,Software of  HiC scaffoldng,T2T/Pan-genome,Genome links,Annotation links,NA
统计条目,Achnatherum splendens,NA,GWHBHQB00000000.genome.fasta.gz,GWHBHQB00000000.gff.gz,NA,Poales,Poaceae,Commelinids,Monocots,yes,2021/9/6,Plant Biotechnology Journal,10.1111/pbi.13699,1130,1170,57374,10800,NA,PacBio;Illumina,Other TGS,China,yes,Falcon,Quiver;Pilon,SSPACE;LACHESIS,LACHESIS,no,https://ngdc.cncb.ac.cn/bioproject/browse/PRJCA006214,NA,
统计条目,Aegilops bicornis,diploid,GCA_021605145.1_ASM2160514v1_genomic.fna.gz,GWHBFXS00000000.1.gff.gz,TB01,Poales,Poaceae,Commelinids,Monocots,yes,2022/1/1,Molecular Plant,10.1016/j.molp.2021.12.019,5730,5640,61354,NA,9160,ONT;Illumina,Other TGS,China,yes,wtdbg,Racon;Pilon,LACHESIS,LACHESIS,no,https://www.ncbi.nlm.nih.gov/bioproject/?term=PRJNA700474,NA,
统计条目,Aegilops comosa,diploid,AeComosa_PI551049_v1.genome.fa,AeComosa_PI551049_v1.gff3,PI 551049,Poales,Poaceae,Commelinids,Monocots,yes,2024/12/31,Scientific Data,10.1038/s41597-024-04346-1,4510,4470,39057,619050,23590,PacBio;Illumina,HiFi,China,yes,Hifiasm,NA,NA,3D-DNA,no,https://figshare.com/articles/dataset/_b_Chromosome-scale_assembly_b_b_and_annotation_of_the_wild_wheat_relative_b_b_b_b_Aegilops_comosa_b_/26928031,https://figshare.com/articles/dataset/_b_ChromosomeNAscale_assembly_b_b_and_annotation_of_the_wild_wheat_relative_b_b_b_b_Aegilops_comosa_b_/26928031,
统计条目,Aegilops geniculata,tetraploid,GCA_053567775.1_Aegilops_geniculata_ksu_v1.3_genomic.fna.gz,GCA_053567775.1_Aegilops_geniculata_ksu_v1.3_genomic.gff.gz,TA2889,Poales,Poaceae,Commelinids,Monocots,yes,2025/11/10,Plant Biotechnology Journal,10.1111/pbi.70456,NA,8114,72091,NA,14825,Illumina;PacBio,HiFi,China,yes,Hifiasm,NA,NA,NA,no,https://www.ncbi.nlm.nih.gov/datasets/genome/GCA_053567775.1/,https://www.ncbi.nlm.nih.gov/datasets/genome/GCA_053567775.1/,
统计条目,Aegilops longissima,diploid,GCA_021605205.1_ASM2160520v1_genomic.fna.gz,GWHBFXT00000000.1.gff.gz,TL05,Poales,Poaceae,Commelinids,Monocots,yes,2022/1/1,Molecular Plant,10.1016/j.molp.2021.12.019,6220,5800,63326,NA,1050,ONT;Illumina,Other TGS,China,yes,wtdbg,Racon;Pilon,LACHESIS,LACHESIS,no,https://www.ncbi.nlm.nih.gov/bioproject/?term=PRJNA700474,https://www.ncbi.nlm.nih.gov/datasets/genome/GCA_053567775.1/,
补充条目,Aegilops markgrafii,NA,GCA_052815875.1_ASM5281587v1_genomic.fna.gz,Aegilops_markgrafii\Aegilops_markgrafii_GCA_052815875.1_ASM5281587v1_genomic.gtf,ASM5281587v1,Poales,Poaceae,Commelinids,Monocots,yes,2025/9/24,NA,GCA_052815875.1,NA,3577.17036,NA,NA,NA,NA,NA,NA,NA,NA,NA,NA,NA,NA,https://download.cncb.ac.cn/assembly/ncbi/Plants/GCA/052/815/Aegilops_markgrafii_monocots_ASM5281587v1_GCA_052815875.1/GCA_052815875.1_ASM5281587v1_genomic.fna.gz,NA,
统计条目,Aegilops mutica,diploid,GCA_964657205.1_Ae.mutica_hap1_with_organelles_genomic.fna.gz,PRODUCTION_43_result.gtf,hap1_GCA_964657205.1,Poales,Poaceae,Commelinids,Monocots,yes,2025/3/13,Scientific Data,10.1038/s41597-025-04737-y,NA,4654.34,96723(total),639720.019,4351.393,PacBio,HiFi,UK,yes,Hifiasm,NA,YaHS,YaHS,no,https://ftp.ncbi.nlm.nih.gov/genomes/all/GCA/964/657/205/GCA_964657205.1_Ae.mutica_hap1_with_organelles/GCA_964657205.1_Ae.mutica_hap1_with_organelles_genomic.fna.gz,https://ftp.ncbi.nlm.nih.gov/genomes/all/GCA/964/657/205/GCA_964657205.1_Ae.mutica_hap1_with_organelles/GCA_964657205.1_Ae.mutica_hap1_with_organelles_genomic.gbff.gz,
统计条目,Aegilops muticum,hexaploid,muticum_draft_assembly.fasta,PRODUCTION_44_result.gtf,2130012 (JIC),Poales,Poaceae,Commelinids,Monocots,yes,2023/1/24,Plant Biotechnology Journal,10.1111/pbi.13859,6174,2530,32385,NA,75.5,ONT;Illumina,Other TGS,UK,no,Flye,Pilon,NA,NA,no,https://opendata.earlham.ac.uk/wheat/under_license/toronto/Hall_2021-10-08_wheatxmuticum,https://ftp.ncbi.nlm.nih.gov/genomes/all/GCA/964/644/865/GCA_964644865.1_Ae.mutica_hap2_with_organelles/GCA_964644865.1_Ae.mutica_hap2_with_organelles_genomic.gbff.gz,
统计条目,Aegilops searsii,diploid,GCA_021605185.1_ASM2160518v1_genomic.fna.gz,GWHBFXU00000000.1.gff.gz,searsii,Poales,Poaceae,Commelinids,Monocots,yes,2022/1/1,Molecular Plant,10.1016/j.molp.2021.12.019,5550,5340,62804,NA,560,ONT;Illumina,Other TGS,China,yes,wtdbg,Racon;Pilon,LACHESIS,LACHESIS,no,https://www.ncbi.nlm.nih.gov/bioproject/?term=PRJNA700474,https://ftp.ncbi.nlm.nih.gov/genomes/all/GCA/964/644/865/GCA_964644865.1_Ae.mutica_hap2_with_organelles/GCA_964644865.1_Ae.mutica_hap2_with_organelles_genomic.gbff.gz,
统计条目,Aegilops sharonensis,diploid,GCA_021641835.1_ASM2164183v1_genomic.fna.gz,GWHBFXV00000000.1.gff.gz,TH02,Poales,Poaceae,Commelinids,Monocots,yes,2022/1/1,Molecular Plant,10.1016/j.molp.2021.12.019,6070,5890,61849,NA,1010,ONT;Illumina,Other TGS,China,yes,wtdbg,Racon;Pilon,LACHESIS,LACHESIS,no,https://www.ncbi.nlm.nih.gov/bioproject/?term=PRJNA700474,https://ftp.ncbi.nlm.nih.gov/genomes/all/GCA/964/644/865/GCA_964644865.1_Ae.mutica_hap2_with_organelles/GCA_964644865.1_Ae.mutica_hap2_with_organelles_genomic.gbff.gz,
统计条目,Aegilops speltoides,diploid,Y2032.updata.genome.fa,Y2032.updata.gff3,ssp. speltoides (Y2032),Poales,Poaceae,Commelinids,Monocots,yes,2023/2/23,Plant Communications,10.1016/j.xplc.2023.100567,4600,4880,46348,640450,1710,ONT;Illumina,Other TGS,China,yes,NextDenovo,Nextpolish,LACHESIS,LACHESIS,no,https://www.ncbi.nlm.nih.gov/bioproject/?term=PRJNA802349,https://ftp.ncbi.nlm.nih.gov/genomes/all/GCA/964/644/865/GCA_964644865.1_Ae.mutica_hap2_with_organelles/GCA_964644865.1_Ae.mutica_hap2_with_organelles_genomic.gbff.gz,
统计条目,Aegilops tauschii,diploid,GCA_002575655.3_Aet_v6.0_genomic.fna.gz,GCA_002575655.3_Aet_v6.0_genomic.gff.gz,AL8/78,Poales,Poaceae,Commelinids,Monocots,yes,2025/3/7,G3-Genes Genomes Genetics,10.1093/g3journal/jkaf042,4220,4054.7,68383,4055000,31810,PacBio,HiFi,USA,no,HiFiasm,NA,Bionano Solve,NA,no,https://ngdc.cncb.ac.cn/bioproject/browse/PRJNA341983,https://doi.org/10.5061/dryad.bvq83bkjg。,
补充条目,Aegilops tauschii x Triticum turgidum,NA,GCA_050626435.1_ASM5062643v1_genomic.fna.gz,Aegilops_tauschii_x_Triticum_turgidum\Aegilops_tauschii_x_Triticum_turgidum_GCA_050626435.1_ASM5062643v1_genomic.gtf,ASM5062643v1,Poales,Poaceae,Commelinids,Monocots,yes,2025/5/30,NA,GCA_050626435.1,NA,13629.55976,NA,NA,NA,NA,NA,NA,NA,NA,NA,NA,NA,NA,https://download.cncb.ac.cn/assembly/ncbi/Plants/GCA/050/626/Aegilops_tauschii_x_Triticum_turgidum_synthetic_wheat_ASM5062643v1_GCA_050626435.1/GCA_050626435.1_ASM5062643v1_genomic.fna.gz,NA,
统计条目,Aegilops umbellulata,diploid,AeUmbellulata_TA1851_v1.fasta.gz,AeUmbellulata_TA1851_v1.gff3.gz,TA1851,Poales,Poaceae,Commelinids,Monocots,yes,2023/10/25,Scientific Data,10.1038/s41597-023-02658-2,4250,4246.443824,36268,NA,17703.042,PacBio;Illumina,HiFi,Saudi Arabia,yes,Hifiasm;LJA,DeepConsensus,3D-DNA,3D-DNA,no,https://datadryad.org/stash/dataset/doi:10.5061/dryad.05qfttf82,https://doi.org/10.5061/dryad.bvq83bkjg。,
补充条目,Aegilops uniaristata,NA,GCA_052815765.1_ASM5281576v1_genomic.fna.gz,Aegilops_uniaristata\Aegilops_uniaristata_GCA_052815765.1_ASM5281576v1_genomic.gtf,ASM5281576v1,Poales,Poaceae,Commelinids,Monocots,yes,2025/9/24,NA,GCA_052815765.1,NA,4475.943907,NA,NA,NA,NA,NA,NA,NA,NA,NA,NA,NA,NA,https://download.cncb.ac.cn/assembly/ncbi/Plants/GCA/052/815/Aegilops_uniaristata_monocots_ASM5281576v1_GCA_052815765.1/GCA_052815765.1_ASM5281576v1_genomic.fna.gz,NA,
统计条目,Aegilops ventricosa,tetraploid,GWHERCH00000000.genome.fasta.gz,PRODUCTION_45_result.gtf,RM271,Poales,Poaceae,Commelinids,Monocots,yes,2025/1/14,Plant Communications,10.1016/j.xplc.2024.101131,NA,8670,69000,NA,54710,BGI;PacBio,HiFi,China,yes,Hifiasm,NA,NA,Juicer;EndHiC,no,https://ngdc.cncb.ac.cn/gwh/Assembly/83705/show,https://doi.org/10.5061/dryad.bvq83bkjg。,
补充条目,Agropyron cristatum,NA,GCA_051314055.1_ASM5131405v1_genomic.fna.gz,Agropyron_cristatum\Agropyron_cristatum_GCA_051314055.1_ASM5131405v1_genomic.gtf,crested wheatgrass,Poales,Poaceae,Commelinids,Monocots,yes,2025/7/14,NA,GCA_051314055.1,NA,6334.4243,NA,NA,NA,NA,NA,NA,NA,NA,NA,NA,NA,NA,https://download.cncb.ac.cn/assembly/ncbi/Plants/GCA/051/314/Agropyron_cristatum_crested_wheatgrass_ASM5131405v1_GCA_051314055.1/GCA_051314055.1_ASM5131405v1_genomic.fna.gz,NA,
补充条目,Agrostis castellana,NA,GCA_050573615.1_ASM5057361v1_genomic.fna.gz,NA,highland bent,Poales,Poaceae,Commelinids,Monocots,no,2025/5/26,NA,GCA_050573615.1,NA,2089.071,NA,NA,NA,NA,NA,NA,NA,NA,NA,NA,NA,NA,https://download.cncb.ac.cn/assembly/ncbi/Plants/GCA/050/573/Agrostis_castellana_highland_bent_ASM5057361v1_GCA_050573615.1/GCA_050573615.1_ASM5057361v1_genomic.fna.gz,NA,
补充条目,Agrostis congestiflora,NA,GCA_050573515.1_ASM5057351v1_genomic.fna.gz,NA,NA,Poales,Poaceae,Commelinids,Monocots,no,2025/5/26,NA,GCA_050573515.1,NA,1737.7488,NA,NA,NA,NA,NA,NA,NA,NA,NA,NA,NA,NA,https://download.cncb.ac.cn/assembly/ncbi/Plants/GCA/050/573/Agrostis_congestiflora_monocots_ASM5057351v1_GCA_050573515.1/GCA_050573515.1_ASM5057351v1_genomic.fna.gz,NA,
统计条目,Agrostis stolonifera,allotetraploid,GCA_052724435.1_A.stonolifera_Declaration_hap1v1.0_genomic.fna.gz,creep_bentv1.0_hap1.gff,haplotype1,Poales,Poaceae,Commelinids,Monocots,yes,2026/1/16,Scientific Data,10.1038/s41597-026-06561-4,NA,2506,75862,NA,NA,PacBio;ONT;Illumina,HiFi,USA,yes,Hifiasm,TGS-GapCloser,YaHS,YaHS,no,https://ftp.ncbi.nlm.nih.gov/genomes/all/GCA/052/724/435/GCA_052724435.1_A.stonolifera_Declaration_hap1v1.0/GCA_052724435.1_A.stonolifera_Declaration_hap1v1.0_genomic.fna.gz,https://ftp.ncbi.nlm.nih.gov/genomes/all/GCA/052/724/435/GCA_052724435.1_A.stonolifera_Declaration_hap1v1.0/GCA_052724435.1_A.stonolifera_Declaration_hap1v1.0_genomic.gbff.gz,
补充条目,Alloteropsis angusta,NA,GCA_037127165.1_AANG_UGA4_genomic.fna.gz,Alloteropsis_angusta\Alloteropsis_angusta_GCA_037127165.1_AANG_UGA4_genomic.gtf,AANG_UGA4,Poales,Poaceae,Commelinids,Monocots,no,2024/3/13,NA,GCA_037127165.1,NA,1535.690757,NA,NA,NA,NA,NA,NA,NA,NA,NA,NA,NA,NA,https://download.cncb.ac.cn/assembly/ncbi/Plants/GCA/037/127/Alloteropsis_angusta_monocots_AANG_UGA4_GCA_037127165.1/GCA_037127165.1_AANG_UGA4_genomic.fna.gz,NA,
统计条目,Alloteropsis semialata,NA,GCA_004135705.1_ASEM_AUS1_V1.0_genomic.fna.gz,Alloteropsis_semialata\Alloteropsis_semialata_GCA_004135705.1_ASEM_AUS1_V1.0_genomic.gtf,NA,Poales,Poaceae,Commelinids,Monocots,yes,2019/10/15,PNAS,30787193,1100,750,22043,82050,39.23,Illumina;PacBio,Other TGS,UK,yes,SOAPdenovo;DBG2OLC,NA,SSPACE;HiRise,HiRise,no,https://www.ncbi.nlm.nih.gov/datasets/genome/GCA_004135705.1/,https://doi.org/10.5061/dryad.bvq83bkjg。,
统计条目,Alopecurus aequalis,diploid,GCA_964340505.1_Alaeq_EIv0.2_genomic.fna.gz,GCA_964340505.1_Alaeq_EIv0.2_genomic.gff.gz,haplotype 1,Poales,Poaceae,Commelinids,Monocots,yes,2024/12/18,Scientific Data,10.1038/s41597-024-04222-y,3450,2856.592317,33758,NA,347700.133,PacBio;Illumina,HiFi,UK,yes,Hifiasm,NA,YAHS,YAHS,no,https://ngdc.cncb.ac.cn/gwh/ncbi_assembly/2875242/show,https://ngdc.cncb.ac.cn/gwh/ncbi_assembly/2875242/show,
补充条目,Alopecurus geniculatus,NA,GCA_965641495.1_lpAloGeni1.hap1.1_genomic.fna.gz,Alopecurus_geniculatus\Alopecurus_geniculatus_GCA_965641495.1_lpAloGeni1.hap1.1_genomic.gtf,lpAloGeni1.hap1.1,Poales,Poaceae,Commelinids,Monocots,yes,2025/7/13,NA,GCA_965641495.1,NA,6196.785535,NA,NA,NA,NA,NA,NA,NA,NA,NA,NA,NA,NA,https://download.cncb.ac.cn/assembly/ncbi/Plants/GCA/965/641/Alopecurus_geniculatus_monocots_lpAloGeni1.hap1.1_GCA_965641495.1/GCA_965641495.1_lpAloGeni1.hap1.1_genomic.fna.gz,NA,
统计条目,Alopecurus myosuroides,diploid,GCA_028641055.1_Alomy_genome_v1_genomic.fna.gz,Alopecurus_myosuroides\Alopecurus_myosuroides_GCA_028641055.1_Alomy_genome_v1_genomic.gtf,NA,Poales,Poaceae,Commelinids,Monocots,yes,2022/12/1,New Phytologist,10.1111/nph.18655,3400,3572.044634,45263,2255.73,1189.615,PacBio;Illumina,Other TGS,USA,yes,Mecat,Arrow;Pilon,3D-DNA,3D-DNA,no,https://www.ncbi.nlm.nih.gov/datasets/genome/GCA_028641055.1/,https://ngdc.cncb.ac.cn/gwh/ncbi_assembly/2875242/show,
补充条目,Amblyopyrum muticum,NA,GCA_052815885.1_AAFC_Aemutica_IPK-AE465_v1_genomic.fna.gz,PRODUCTION_48_result.gtf,NA,Poales,Poaceae,Commelinids,Monocots,no,2025/9/24,NA,GCA_052815885.1,NA,10780.48,NA,NA,NA,NA,NA,NA,NA,NA,NA,NA,NA,NA,https://download.cncb.ac.cn/assembly/ncbi/Plants/GCA/052/815/Amblyopyrum_muticum_monocots_AAFC_Aemutica_IPK-AE465_v1_GCA_052815885.1/GCA_052815885.1_AAFC_Aemutica_IPK-AE465_v1_genomic.fna.gz,NA,
统计条目,Ampelocalamus luodianensis,tetraploid,GCA_036346255.1_KIB_Aluo_1_genomic.fna.gz,Ampelocalamus_luodianensis_annos1-cds0-id_typename-nu1-upa1-add_chr0.gid66507.gff,NA,Poales,Poaceae,Commelinids,Monocots,yes,2024/3/15,Nature Genetics,10.1038/s41588-024-01683-0,NA,NA,48870,NA,30.2,Illumina;ONT,ONT,China,yes,Canu;SMARTdenovo;NextDenovo,Racon;Nextpolish;Pilon,NA,LACHESIS,no,https://www.ncbi.nlm.nih.gov/bioproject/?term=PRJNA948693,https://genomevolution.org/coge/NotebookView.pl?nid=3091,
补充条目,Aristida adscensionis,NA,GCA_050947905.1_ASM5094790v1_genomic.fna.gz,GCA_050947905.1_ASM5094790v1_genomic.gff.gz,NA,Poales,Poaceae,Commelinids,Monocots,no,2025/6/17,NA,GCA_050947905.1,NA,451.5123,NA,NA,NA,NA,NA,NA,NA,NA,NA,NA,NA,NA,https://download.cncb.ac.cn/assembly/ncbi/Plants/GCA/050/947/Aristida_adscensionis_monocots_ASM5094790v1_GCA_050947905.1/GCA_050947905.1_ASM5094790v1_genomic.fna.gz,https://download.cncb.ac.cn/assembly/ncbi/Plants/GCA/050/947/Aristida_adscensionis_monocots_ASM5094790v1_GCA_050947905.1/GCA_050947905.1_ASM5094790v1_genomic.gff.gz,
统计条目,Arundinella anomala,allotetraploid,GCA_055504895.1_ASM5550489v1_genomic.fna.gz,Arundinella_anomala_all_chr_evm.out.HC.TE-filter.gff3,NA,Poales,Poaceae,Commelinids,Monocots,yes,2026/1/9,Nature Plants,10.1038/s41477-025-02183-7,2018,2017.69,78966,109800,87500,PacBio,HiFi,China,yes,Hifiasm,NA,LACHESIS?,HiC-Pro;LACHESIS?,no,https://ftp.ncbi.nlm.nih.gov/genomes/all/GCA/055/504/895/GCA_055504895.1_ASM5550489v1/GCA_055504895.1_ASM5550489v1_genomic.fna.gz,https://doi.org/10.6084/m9.figshare.30374623,
补充条目,Arundo donax,NA,GWHERLM00000000.genome.fasta.gz,GWHERLM00000000.gff.gz,NA,Poales,Poaceae,Commelinids,Monocots,yes,2024/6/24,NA,GWHERLM00000000,NA,1299.921,NA,NA,NA,NA,NA,NA,NA,NA,NA,NA,NA,NA,https://download.cncb.ac.cn/gwh/Plants/Arundo_donax_A.donax-V1_GWHERLM00000000/GWHERLM00000000.genome.fasta.gz,https://download.cncb.ac.cn/gwh/Plants/Arundo_donax_A.donaxNAV1_GWHERLM00000000/GWHERLM00000000.gff.gz,
统计条目,Avena abyssinica,tetraploid,GCA_051171295.1_ASM5117129v1_genomic.fna.gz,Avena_abyssinica\Avena_abyssinica_GCA_051171295.1_ASM5117129v1_genomic.gtf,NA,Poales,Poaceae,Commelinids,Monocots,yes,2025/8/20,Nature Genetics,10.1038/s41588-025-02294-z,NA,6840,92661,NA,42060,PacBio;Illumina,HiFi,China,yes,Hifiasm,NA,Juicer;3D-DNA,Juicer;3D-DNA,pan-genome,https://ngdc.cncb.ac.cn/search/all?&q=PRJCA024628 & https://www.ncbi.nlm.nih.gov/bioproject/?term=PRJNA1200805,https://genomevolution.org/coge/NotebookView.pl?nid=3091,
统计条目,Avena agadiriana,tetraploid,GCA_051175325.1_ASM5117532v1_genomic.fna.gz,Avena_agadiriana\Avena_agadiriana_GCA_051175325.1_ASM5117532v1_genomic.gtf,NA,Poales,Poaceae,Commelinids,Monocots,yes,2025/8/20,Nature Genetics,10.1038/s41588-025-02294-z,NA,7060,93848,NA,166650,PacBio;Illumina,HiFi,China,yes,Hifiasm,NA,Juicer;3D-DNA,Juicer;3D-DNA,pan-genome,https://ngdc.cncb.ac.cn/search/all?&q=PRJCA024628 & https://www.ncbi.nlm.nih.gov/bioproject/?term=PRJNA1200805,https://genomevolution.org/coge/NotebookView.pl?nid=3091,
统计条目,Avena atlantica,diploid,Avena_atlantica.faa,Avena_atlantica_annos1-cds0-id_typename-nu1-upa1-add_chr0.gid53337.gff,NA,Poales,Poaceae,Commelinids,Monocots,yes,2019/11/22,BMC Biology,31757219,3720,3685,51223,513000,4310.367,Illumina;PacBio,Other TGS,USA,yes,Canu,Arrow;Pilon,HiRise,HiRise,no,https://genomevolution.org/coge/GenomeInfo.pl?gid=53337,https://genomevolution.org/coge/NotebookView.pl?nid=3091,
统计条目,Avena barbata,allotetraploid,GWHEUEC00000000.1.genome.fasta.gz,Avena_barbata\Avena_barbata_GCA_947310925.1_Abarbata_PI388828_v1.0_genomic.gtf,NA,Poales,Poaceae,Commelinids,Monocots,yes,2025/4/14,Journal of Integrative Plant Biology,10.1111/jipb.13902,6960,6882.44,93821,507161.01,53737.25,PacBio;Illumina,HiFi,China,yes,NA,NA,NA,NA,T2T,https://download.cncb.ac.cn/gwh/Plants/Avena_barbata_Avena_barbata_GWHEUEC00000000.1/GWHEUEC00000000.1.genome.fasta.gz,https://genomevolution.org/coge/NotebookView.pl?nid=3091,
统计条目,Avena brevis,diploid,GCA_051175485.1_ASM5117548v1_genomic.fna.gz,Avena_brevis\Avena_brevis_GCA_051175485.1_ASM5117548v1_genomic.gtf,NA,Poales,Poaceae,Commelinids,Monocots,yes,2025/8/20,Nature Genetics,10.1038/s41588-025-02294-z,NA,3670,44693,NA,121120,PacBio;Illumina,HiFi,China,yes,Hifiasm,NA,Juicer;3D-DNA,Juicer;3D-DNA,pan-genome,https://ngdc.cncb.ac.cn/search/all?&q=PRJCA024628 & https://www.ncbi.nlm.nih.gov/bioproject/?term=PRJNA1200805,https://genomevolution.org/coge/NotebookView.pl?nid=3091,
统计条目,Avena byzantina,hexaploid,GCA_910574625.1_Avena_byzantina_PI258586_v1_assembly_genomic.fna.gz,Avena_byzantina\Avena_byzantina_GCA_910574625.1_Avena_byzantina_PI258586_v1_assembly_genomic.gtf,PI258586,Poales,Poaceae,Commelinids,Monocots,yes,2025/10/29,Nature,10.1038/s41586-025-09919-7,NA,12799,106122,1000,NA,Illumina,NGS,Germany,yes,Minia,NA,SOAPDenovo,EMBOSS,pan-genome,https://www.ncbi.nlm.nih.gov/datasets/genome/GCA_910574625.1/,https://genomevolution.org/coge/NotebookView.pl?nid=3091,
统计条目,Avena canariensis,diploid,GCA_051175435.1_ASM5117543v1_genomic.fna.gz,Avena_canariensis\Avena_canariensis_GCA_051175435.1_ASM5117543v1_genomic.gtf,NA,Poales,Poaceae,Commelinids,Monocots,yes,2025/8/20,Nature Genetics,10.1038/s41588-025-02294-z,NA,3610,45916,NA,330510,PacBio;Illumina,HiFi,China,yes,Hifiasm,NA,Juicer;3D-DNA,Juicer;3D-DNA,pan-genome,https://ngdc.cncb.ac.cn/search/all?&q=PRJCA024628 & https://www.ncbi.nlm.nih.gov/bioproject/?term=PRJNA1200805,https://genomevolution.org/coge/NotebookView.pl?nid=3091,
统计条目,Avena clauda,diploid,GCA_051175465.1_ASM5117546v1_genomic.fna.gz,Avena_clauda\Avena_clauda_GCA_051175465.1_ASM5117546v1_genomic.gtf,NA,Poales,Poaceae,Commelinids,Monocots,yes,2025/8/20,Nature Genetics,10.1038/s41588-025-02294-z,NA,4190,42171,NA,91540,PacBio;Illumina,HiFi,China,yes,Hifiasm,NA,Juicer;3D-DNA,Juicer;3D-DNA,pan-genome,https://ngdc.cncb.ac.cn/search/all?&q=PRJCA024628 & https://www.ncbi.nlm.nih.gov/bioproject/?term=PRJNA1200805,https://genomevolution.org/coge/NotebookView.pl?nid=3091,
统计条目,Avena damascena,diploid,GCA_051175425.1_ASM5117542v1_genomic.fna.gz,Avena_damascena\Avena_damascena_GCA_051175425.1_ASM5117542v1_genomic.gtf,NA,Poales,Poaceae,Commelinids,Monocots,yes,2025/8/20,Nature Genetics,10.1038/s41588-025-02294-z,NA,3400,43732,NA,83770,PacBio;Illumina,HiFi,China,yes,Hifiasm,NA,Juicer;3D-DNA,Juicer;3D-DNA,pan-genome,https://ngdc.cncb.ac.cn/search/all?&q=PRJCA024628 & https://www.ncbi.nlm.nih.gov/bioproject/?term=PRJNA1200805,https://genomevolution.org/coge/NotebookView.pl?nid=3091,
统计条目,Avena eriantha,diploid,Avena_eriantha.faa,Avena_eriantha_annos1-cds0-id_typename-nu1-upa1-add_chr0.gid53381.gff,NA,Poales,Poaceae,Commelinids,Monocots,yes,2019/11/22,BMC Biology,31757219,4170,3778,47361,534000,1314.218,Illumina;PacBio,Other TGS,USA,yes,Canu,Arrow;Pilon,HiRise,HiRise,no,https://genomevolution.org/coge/GenomeInfo.pl?gid=53381,https://genomevolution.org/coge/NotebookView.pl?nid=3091,
统计条目,Avena fatua,hexaploid,GWHFGFM00000000.1.genome.fasta.gz,Avena_fatua\Avena_fatua_GCA_947310975.1_Afatua_CN25955_v1.0_genomic.gtf,W1004,Poales,Poaceae,Commelinids,Monocots,yes,2025/11/7,Nature Communications,10.1038/s41467-025-64825-w,NA,10980,135470,508490,473480,Illumina;PacBio;ONT,HiFi;ONT ultra long,China,yes,Hifiasm,NA,3D-DNA;Juicer,3D-DNA;Juicer,no,https://ngdc.cncb.ac.cn/gwh/Assembly/86206/show,https://ngdc.cncb.ac.cn/gwh/Assembly/86206/show,
统计条目,Avena hirtula,diploid,GCA_051175525.1_ASM5117552v1_genomic.fna.gz,Avena_hirtula\Avena_hirtula_GCA_051175525.1_ASM5117552v1_genomic.gtf,NA,Poales,Poaceae,Commelinids,Monocots,yes,2025/8/20,Nature Genetics,10.1038/s41588-025-02294-z,NA,3610,43905,NA,66250,PacBio;Illumina,HiFi,China,yes,Hifiasm,NA,Juicer;3D-DNA,Juicer;3D-DNA,pan-genome,https://ngdc.cncb.ac.cn/search/all?&q=PRJCA024628 & https://www.ncbi.nlm.nih.gov/bioproject/?term=PRJNA1200805,https://ngdc.cncb.ac.cn/gwh/Assembly/86206/show,
统计条目,Avena hispanica,diploid,GCA_051175545.1_ASM5117554v1_genomic.fna.gz,Avena_hispanica\Avena_hispanica_GCA_051175545.1_ASM5117554v1_genomic.gtf,NA,Poales,Poaceae,Commelinids,Monocots,yes,2025/8/20,Nature Genetics,10.1038/s41588-025-02294-z,NA,3940,59955,NA,108300,PacBio;Illumina,HiFi,China,yes,Hifiasm,NA,Juicer;3D-DNA,Juicer;3D-DNA,pan-genome,https://ngdc.cncb.ac.cn/search/all?&q=PRJCA024628 & https://www.ncbi.nlm.nih.gov/bioproject/?term=PRJNA1200805,https://ngdc.cncb.ac.cn/gwh/Assembly/86206/show,
统计条目,Avena insularis,tetraploid,GCA_023614405.1_ASM2361440v1_genomic.fna.gz,Avena_insularis\Avena_insularis_GCA_910574615.1_Avena_insularis_BYU209_v1_assembly_genomic.gtf,CN108634,Poales,Poaceae,Commelinids,Monocots,yes,2022/7/18,Nature Genetics,10.1038/s41588-022-01127-7,7300,7519,89995,NA,5637,ONT;Illumina,Other TGS,China,yes,NextDenovo,Racon;Nextpolish,LACHESIS,LACHESIS,no,https://www.ncbi.nlm.nih.gov/bioproject/?term=PRJNA721787,https://ngdc.cncb.ac.cn/gwh/Assembly/86206/show,
统计条目,Avena longiglumis,diploid,Avena longiglumis.genome.v.1.0.fasta,ALO.rename.gff,PI 657387,Poales,Poaceae,Commelinids,Monocots,yes,2023/12/8,BMC Plant Biology,10.1186/s12870-023-04644-7,3965.67,3960.76857,40845,527343.613,12682.464,ONT;Illumina,Other TGS,China,yes,NA,NA,NA,NA,NA,https://figshare.com/articles/dataset/Genome_assembly_of_the_diploid_oat_Avena_longiglumis_reveals_the_landscape_of_repetitive_sequences_genes_and_chromosome_evolution_in_grasses/19130429/2,https://ngdc.cncb.ac.cn/gwh/Assembly/86206/show,
补充条目,Avena magna,NA,GCA_947310255.1_Asativa_cv_Amagalon_v1.0_genomic.fna.gz,Avena_magna\Avena_magna_GCA_947310255.1_Asativa_cv_Amagalon_v1.0_genomic.gtf,Asativa_cv_Amagalon_v1.0,Poales,Poaceae,Commelinids,Monocots,yes,2025/8/13,NA,GCA_947310255.1,NA,11436.98707,NA,NA,NA,NA,NA,NA,NA,NA,NA,NA,NA,NA,https://download.cncb.ac.cn/assembly/ncbi/Plants/GCA/947/310/Avena_magna_monocots_Asativa_cv_Amagalon_v1.0_GCA_947310255.1/GCA_947310255.1_Asativa_cv_Amagalon_v1.0_genomic.fna.gz,NA,
统计条目,Avena maroccana,tetraploid,GCA_051175335.1_ASM5117533v1_genomic.fna.gz,Avena_maroccana\Avena_maroccana_GCA_051175335.1_ASM5117533v1_genomic.gtf,NA,Poales,Poaceae,Commelinids,Monocots,yes,2025/8/20,Nature Genetics,10.1038/s41588-025-02294-z,NA,7740,96131,NA,113310,PacBio;Illumina,HiFi,China,yes,Hifiasm,NA,Juicer;3D-DNA,Juicer;3D-DNA,pan-genome,https://ngdc.cncb.ac.cn/search/all?&q=PRJCA024628 & https://www.ncbi.nlm.nih.gov/bioproject/?term=PRJNA1200805,https://ngdc.cncb.ac.cn/gwh/Assembly/86206/show,
统计条目,Avena murphyi,tetraploid,GCA_051175585.1_ASM5117558v1_genomic.fna.gz,Avena_murphyi\Avena_murphyi_GCA_051175585.1_ASM5117558v1_genomic.gtf,NA,Poales,Poaceae,Commelinids,Monocots,yes,2025/8/20,Nature Genetics,10.1038/s41588-025-02294-z,NA,7830,96971,NA,131390,PacBio;Illumina,HiFi,China,yes,Hifiasm,NA,Juicer;3D-DNA,Juicer;3D-DNA,pan-genome,https://ngdc.cncb.ac.cn/search/all?&q=PRJCA024628 & https://www.ncbi.nlm.nih.gov/bioproject/?term=PRJNA1200805,https://ngdc.cncb.ac.cn/gwh/Assembly/86206/show,
统计条目,Avena nuda,diploid,GCA_051175495.1_ASM5117549v1_genomic.fna.gz,Avena_nuda\Avena_nuda_GCA_051175495.1_ASM5117549v1_genomic.gtf,NA,Poales,Poaceae,Commelinids,Monocots,yes,2025/8/20,Nature Genetics,10.1038/s41588-025-02294-z,NA,3570,47342,NA,201420,PacBio;Illumina,HiFi,China,yes,Hifiasm,NA,Juicer;3D-DNA,Juicer;3D-DNA,pan-genome,https://ngdc.cncb.ac.cn/search/all?&q=PRJCA024628 & https://www.ncbi.nlm.nih.gov/bioproject/?term=PRJNA1200805,https://ngdc.cncb.ac.cn/gwh/Assembly/86206/show,
统计条目,Avena occidentalis,hexaploid,GCA_051171225.1_ASM5117122v1_genomic.fna.gz,Avena_occidentalis\Avena_occidentalis_GCA_051171225.1_ASM5117122v1_genomic.gtf,W0039,Poales,Poaceae,Commelinids,Monocots,yes,2025/8/20,Nature Genetics,10.1038/s41588-025-02294-z,NA,10940,132046,NA,12000,PacBio;Illumina,HiFi,China,yes,Hifiasm,NA,Juicer;3D-DNA,Juicer;3D-DNA,pan-genome,https://ngdc.cncb.ac.cn/search/all?&q=PRJCA024628 & https://www.ncbi.nlm.nih.gov/bioproject/?term=PRJNA1200805,https://ngdc.cncb.ac.cn/gwh/Assembly/86206/show,
统计条目,Avena sativa,hexaploid,GWHGDJH00000000.1.genome.fasta.gz,Avena_sativa\Avena_sativa_GCA_951802355.1_Asativa_cv_Legett_v1.0_genomic.gtf,C0191,Poales,Poaceae,Commelinids,Monocots,yes,2025/8/20,Nature Genetics,10.1038/s41588-025-02294-z,NA,10940,131823,NA,429520,PacBio;Illumina,HiFi,China,yes,Hifiasm,NA,Juicer;3D-DNA,Juicer;3D-DNA,pan-genome,https://ngdc.cncb.ac.cn/search/all?&q=PRJCA024628 & https://www.ncbi.nlm.nih.gov/bioproject/?term=PRJNA1200805,https://ngdc.cncb.ac.cn/gwh/Assembly/86206/show,
统计条目,Avena sterilis,hexaploid,GWHERDU00000000.genome.fasta.gz,Avena_sterilis\Avena_sterilis_GCA_947313225.1_Asterilis_TN1_v1.0_genomic.gtf,W038,Poales,Poaceae,Commelinids,Monocots,yes,2024/12/3,Nature Plants,10.1038/s41477-024-01866-x,NA,10990,133364,440980,NA,PacBio;Illumina;ONT,HiFi;NGS;ONT ultra long,China,yes,Hifiasm,Racon,NA,3D-DNA;Juicer,T2T,https://ngdc.cncb.ac.cn/gwh/search/advanced/result?search_category=&search_term=&source=0&query_box=PRJCA023350,https://ngdc.cncb.ac.cn/gwh/Assembly/86206/show,
补充条目,Avena vaviloviana,NA,GCA_051171275.1_ASM5117127v1_genomic.fna.gz,Avena_vaviloviana\Avena_vaviloviana_GCA_051171275.1_ASM5117127v1_genomic.gtf,ASM5117127v1,Poales,Poaceae,Commelinids,Monocots,yes,2025/7/2,NA,GCA_051171275.1,NA,6848.497583,NA,NA,NA,NA,NA,NA,NA,NA,NA,NA,NA,NA,https://download.cncb.ac.cn/assembly/ncbi/Plants/GCA/051/171/Avena_vaviloviana_monocots_ASM5117127v1_GCA_051171275.1/GCA_051171275.1_ASM5117127v1_genomic.fna.gz,NA,
统计条目,Bambusa odashimae,NA,phased.genome.fasta,PRODUCTION_49_result.gtf,NA,Poales,Poaceae,Commelinids,Monocots,yes,2024/9/4,Horticulture Research,10.1093/hr/uhae250,3640,3360,141732,14810,NA,ONT;Illumina,ONT,China,yes,NextDenovo,Nextpolish,NA,LACHESIS,no,https://www.scidb.cn/detail?dataSetId=db1e2b4229b346a3bb5e56885b77f7ce,https://ngdc.cncb.ac.cn/gwh/Assembly/86206/show,
统计条目,Bambusa oldhamii,hexaploid,GCA_052818405.1_ZAAS_BaOldh_V1_genomic.fna.gz,Bambusa_oldhamii\Bambusa_oldhamii_GCA_052818405.1_ZAAS_BaOldh_V1_genomic.gtf,NA,Poales,Poaceae,Commelinids,Monocots,yes,2025/11/3,BMC Plant Biology,10.1186/s12870-025-07529-z,NA,1446,88140,38936,NA,PacBio,HiFi,China,yes,NA,NA,Juicer;3D-DNA,Juicer;3D-DNA,no,https://www.ncbi.nlm.nih.gov/datasets/genome/GCA_052818405.1/,https://ngdc.cncb.ac.cn/gwh/Assembly/86206/show,
统计条目,Bambusa tulda,hexaploid,GCF_964195595.1_bCalBor7.hap1.2_genomic.fna.gz,GCF_964195595.1_bCalBor7.hap1.2_genomic.gff.gz,haplotype,Poales,Poaceae,Commelinids,Monocots,no,2026/2/4,Scientific Data,10.1038/s41597-026-06679-5,1170,1370,56890,NA,35690,PacBio;Illumina,HiFi,India,no,PacBio;Illumian,HiFi,NA,Hifiasm,no,https://ftp.ncbi.nlm.nih.gov/genomes/all/GCF/964/195/595/GCF_964195595.1_bCalBor7.hap1.2/GCF_964195595.1_bCalBor7.hap1.2_genomic.fna.gz,https://ftp.ncbi.nlm.nih.gov/genomes/all/GCF/964/195/595/GCF_964195595.1_bCalBor7.hap1.2/GCF_964195595.1_bCalBor7.hap1.2_genomic.gff.gz,
补充条目,Beckmannia syzigachne,NA,GWHERLE00000000.genome.fasta.gz,Beckmannia_syzigachne\Beckmannia_syzigachne_GCA_040954875.1_ASM4095487v1_genomic.gtf,NA,Poales,Poaceae,Commelinids,Monocots,yes,2024/3/20,NA,GWHERLE00000000,NA,2786.5776,NA,NA,NA,NA,NA,NA,NA,NA,NA,NA,NA,NA,https://download.cncb.ac.cn/gwh/Plants/Beckmannia_syzigachne_BSv1_GWHERLE00000000/GWHERLE00000000.genome.fasta.gz,NA,
统计条目,Bonia amplexicaulis,hexaploid,Bonia_amplexicaulis.faa,Bonia_amplexicaulis_annos1-cds0-id_typename-nu1-upa1-add_chr0.gid67920.gff,NA,Poales,Poaceae,Commelinids,Monocots,yes,2024/3/15,"Ma et al., Genome assemblies of 11 bamboo species highlight diversification induced by dynamic subgenome dominance. Nature Genetics. 2024",10.1038/s41588-024-01683-0,870,850.46,47213,22770.75,2704.26,ONT,ONT,China,yes,CANU;SMARTdenovo;NextDenovo,Racon;Nextpolish;Pilon,LACHESIS,BWA;HiC-Pro;LACHESIS,pan-genome,JAYEVK000000000,https://genomevolution.org/coge/NotebookView.pl?nid=3091,
统计条目,Bothriochloa decipiens,NA,GCA_023333625.1_ASM2333362v1_genomic.fna.gz,Bothriochloa_decipiens\Bothriochloa_decipiens_GCA_023333625.1_ASM2333362v1_genomic.gtf,COB1-7,Poales,Poaceae,Commelinids,Monocots,yes,2023/5/12,GigaScience,10.1093/gigascience/giad034,1250,1218.22,60652,53950,80.2,Illumina,NGS,Australia,yes,Supernova,NA,HiRise,HiRise,no,https://www.ncbi.nlm.nih.gov/datasets/genome/GCA_023333625.1/,https://genomevolution.org/coge/NotebookView.pl?nid=3091,
统计条目,Brachypodium distachyon,diploid,GWHDUCY00000000.genome.fasta.gz,Brachypodium_distachyon\Brachypodium_distachyon_GCA_000005505.4_Brachypodium_distachyon_v3.0_genomic.gtf,Bd21,Poales,Poaceae,Commelinids,Monocots,yes,2024/3/4,Genome biology,10.1186/s13059-024-03206-w,NA,19700,34305,60349.883,60300,PacBio;BGI;Illumina,HiFi;NGS;other TGS,China,yes,Hifiasm,NA,3D-DNA,3D-DNA;Juicer,T2T,https:// ngdc. cncb. ac. cn/ gwh/ Assembly/ 68114/ show,https:// ngdc. cncb. ac. cn/ gwh/ Assembly/ 68115/ show,
统计条目,Brachypodium hybridum,allotetraploid,GWHDUCW00000000.genome.fasta.gz,Brachypodium_hybridum\Brachypodium_hybridum_GCA_036872515.1_ASM3687251v1_genomic.gtf,IBd483,Poales,Poaceae,Commelinids,Monocots,yes,2024/3/4,Genome biology,10.1186/s13059-024-03206-w,NA,39600,69991,32250.776,29700,PacBio;BGI;Illumina,HiFi;NGS;other TGS,China,yes,Hifiasm,NA,3D-DNA,3D-DNA;Juicer,T2T,https:// ngdc. cncb. ac. cn/ gwh/ Assembly/ 68114/ show,https:// ngdc. cncb. ac. cn/ gwh/ Assembly/ 68115/ show,
统计条目,Brachypodium stacei,diploid,GWHDUCX00000000.genome.fasta.gz,Bstacei_316_v1.1.gene_exons.gff3.gz,Bst99,Poales,Poaceae,Commelinids,Monocots,yes,2024/3/4,Genome biology,10.1186/s13059-024-03206-w,NA,19400,29801,26108.307,22900,PacBio;BGI;Illumina,HiFi;NGS;other TGS,China,yes,Hifiasm,NA,3D-DNA,3D-DNA;Juicer,T2T,https:// ngdc. cncb. ac. cn/ gwh/ Assembly/ 68114/ show,https:// ngdc. cncb. ac. cn/ gwh/ Assembly/ 68115/ show,
统计条目,Brachypodium sylvaticum,diploid,Bsylvaticum_490_v1.0.fa.gz,Brachypodium_sylvaticum\Brachypodium_sylvaticum_GCA_040967415.1_ASM4096741v1_genomic.gtf,Ain1,Poales,Poaceae,Commelinids,Monocots,yes,2023/10/26,G3-Genes Genomes Genetics,10.1093/g3journal/jkad245,360,358.28,36927,5000,844,PacBio;Illumina,Other TGS,USA,no,Falcon,Quiver,NA,NA,no,https://phytozome-next.jgi.doe.gov/info/Bsylvaticum_v1_1,https:// ngdc. cncb. ac. cn/ gwh/ Assembly/ 68115/ show,
统计条目,Bromus sterilis,diploid,GCA_950022295.1_lpBroSter1.1_genomic.fna.gz,Bromus_sterilis\Bromus_sterilis_GCA_950022295.1_lpBroSter1.1_genomic.gtf,KDTOL10166,Poales,Poaceae,Commelinids,Monocots,yes,2024/9/18,Wellcome Open Research,10.12688/wellcomeopenres.22994.2,3120,2677.9,29147,379500,338400,PacBio,HiFi,UK,yes,Hifiasm,NA,NA,BWA;YAHS,no,https://identifiers.org/ena.embl/PRJEB60321,https:// ngdc. cncb. ac. cn/ gwh/ Assembly/ 68115/ show,
补充条目,Bromus tectorum,NA,GCA_042919945.1_lpBroTect1.o.p_genomic.fna.gz,Bromus_tectorum\Bromus_tectorum_GCA_042919945.1_lpBroTect1.o.p_genomic.gtf,lpBroTect1.o.p,Poales,Poaceae,Commelinids,Monocots,no,2024/10/15,NA,GCA_042919945.1,NA,2188.57379,NA,NA,NA,NA,NA,NA,NA,NA,NA,NA,NA,NA,https://download.cncb.ac.cn/assembly/ncbi/Plants/GCA/042/919/Bromus_tectorum_monocots_lpBroTect1.o.p_GCA_042919945.1/GCA_042919945.1_lpBroTect1.o.p_genomic.fna.gz,NA,
补充条目,Campeiostachys kamoji,NA,GWHFLAD00000000.1.genome.fasta.gz,GWHFLAD00000000.1.gff.gz,NA,Poales,Poaceae,Commelinids,Monocots,yes,2025/2/13,NA,GWHFLAD00000000.1,NA,11136.9405,NA,NA,NA,NA,NA,NA,NA,NA,NA,NA,NA,NA,https://download.cncb.ac.cn/gwh/Plants/Campeiostachys_kamoji_Roegneria_kamoji_GWHFLAD00000000.1/GWHFLAD00000000.1.genome.fasta.gz,https://download.cncb.ac.cn/gwh/Plants/Campeiostachys_kamoji_Roegneria_kamoji_GWHFLAD00000000.1/GWHFLAD00000000.1.gff.gz,
统计条目,Cenchrus americanus,diploid,pearl_millet_aseembly.fa.gz,Cenchrus_americanus\Cenchrus_americanus_GCA_963924085.1_AwK_v01_genomic.gtf,NA,Poales,Poaceae,Commelinids,Monocots,yes,2017/9/18,Nature Biotechnology,28922347,2350,1790,38579,884.95,18.18,Illumina,NGS,India,no,SOAPdenovo,NA,ALLMAPS,NA,no,http://dx.doi.org/10.5524/100192,https:// ngdc. cncb. ac. cn/ gwh/ Assembly/ 68115/ show,
补充条目,Cenchrus clandestinus,NA,GCA_051254175.1_ASM5125417v1_genomic.fna.gz,Cenchrus_clandestinus\Cenchrus_clandestinus_GCA_051254175.1_ASM5125417v1_genomic.gtf,ASM5125417v1,Poales,Poaceae,Commelinids,Monocots,no,2025/7/8,NA,GCA_051254175.1,NA,1849.735317,NA,NA,NA,NA,NA,NA,NA,NA,NA,NA,NA,NA,https://download.cncb.ac.cn/assembly/ncbi/Plants/GCA/051/254/Cenchrus_clandestinus_monocots_ASM5125417v1_GCA_051254175.1/GCA_051254175.1_ASM5125417v1_genomic.fna.gz,NA,
统计条目,Cenchrus fungigraminus,tetraploid,GWHBWDX00000000.1.genome.fasta.gz,GWHBWDX00000000.1.gff.gz,NA,Poales,Poaceae,Commelinids,Monocots,yes,2023/6/3,Plant Communications,10.1016/j.xplc.2023.100633,2070,1990,68526,NA,134075,PacBio;Illumina,HiFi,China,yes,Hifiasm,NextPolish,ALLHIC,ALLHIC,T2T,https://ngdc.cncb.ac.cn/search/?dbId=gwh&q=GWHBWDX00000000.1,https:// ngdc. cncb. ac. cn/ gwh/ Assembly/ 68115/ show,
统计条目,Cenchrus purpureus,NA,GWHAORA00000000.genome.fasta.gz,GWHAORA00000000.gff.gz,NA,Poales,Poaceae,Commelinids,Monocots,yes,2020/10/11,Molecular Ecology Resources,33040437,1970,1901,65927,150000,1820,Illumina;ONT,Other TGS,China,yes,SMARTdenovo,Pilon,LACHESIS,LACHESIS,no,https://ngdc.cncb.ac.cn/search/?dbId=gwh&q=GWHAORA00000000&page=1,https:// ngdc. cncb. ac. cn/ gwh/ Assembly/ 68115/ show,
补充条目,Chasmanthium latifolium,NA,GWHFGPT00000000.1.genome.fasta.gz,GWHFGPT00000000.1.gff.gz,NA,Poales,Poaceae,Commelinids,Monocots,yes,2024/11/2,NA,GWHFGPT00000000.1,NA,1391.3792,NA,NA,NA,NA,NA,NA,NA,NA,NA,NA,NA,NA,https://download.cncb.ac.cn/gwh/Plants/Chasmanthium_latifolium_clat_v1.4_GWHFGPT00000000.1/GWHFGPT00000000.1.genome.fasta.gz,https://download.cncb.ac.cn/gwh/Plants/Chasmanthium_latifolium_clat_v1.4_GWHFGPT00000000.1/GWHFGPT00000000.1.gff.gz,
统计条目,Chloris gayana,diploid,GCA_031894775.1_ASM3189477v1_genomic.fna.gz,Chloris_gayana\Chloris_gayana_GCA_031894775.1_ASM3189477v1_genomic.gtf,NA,Poales,Poaceae,Commelinids,Monocots,no,2023/9/4,Frontiers in Plant Science,10.3389/fpls.2023.1239290,586,603.261687,46087,310.1,310.098,ONT;Illumina,Other TGS,Australia,no,Flye,NA,NA,NA,no,https://www.ncbi.nlm.nih.gov/datasets/genome/GCA_031894775.1/,https:// ngdc. cncb. ac. cn/ gwh/ Assembly/ 68115/ show,
补充条目,Chrysopogon serrulatus,NA,GCA_015844335.1_Cs-A1013-Draft-PanAnd-1.0_genomic.fna.gz,Chrysopogon_serrulatus\Chrysopogon_serrulatus_GCA_015844335.1_Cs-A1013-Draft-PanAnd-1.0_genomic.gtf,NA,Poales,Poaceae,Commelinids,Monocots,no,2020/12/8,NA,GCA_015844335.1,NA,930.5092,NA,NA,NA,NA,NA,NA,NA,NA,NA,NA,NA,NA,https://download.cncb.ac.cn/assembly/ncbi/Plants/GCA/015/844/Chrysopogon_serrulatus_monocots_Cs-A1013-Draft-PanAnd-1.0_GCA_015844335.1/GCA_015844335.1_Cs-A1013-Draft-PanAnd-1.0_genomic.fna.gz,NA,
补充条目,Cleistogenes songorica,NA,GWHANUQ00000000.genome.fasta.gz,GWHANUQ00000000.gff.gz,NA,Poales,Poaceae,Commelinids,Monocots,yes,2020/11/26,NA,GWHANUQ00000000,NA,540.1157,NA,NA,NA,NA,NA,NA,NA,NA,NA,NA,NA,NA,https://download.cncb.ac.cn/gwh/Plants/Cleistogenes_songorica_Cleistogenes_songorica_GWHANUQ00000000/GWHANUQ00000000.genome.fasta.gz,https://download.cncb.ac.cn/gwh/Plants/Cleistogenes_songorica_Cleistogenes_songorica_GWHANUQ00000000/GWHANUQ00000000.gff.gz,
统计条目,Coix aquatica,diploid,GCA_009725075.1_ASM972507v1_genomic.fna.gz,Coix_aquatica\Coix_aquatica_GCA_009725075.1_ASM972507v1_genomic.gtf,NA,Poales,Poaceae,Commelinids,Monocots,yes,2019/11/25,Molecular Plant,31778843,1660,1619,39629,148000,2240,Illumina;PacBio,Other TGS,China,yes,Canu,Pilon,LACHESIS,LACHESIS,no,https://www.ncbi.nlm.nih.gov/datasets/genome/GCA_009725075.1/,https:// ngdc. cncb. ac. cn/ gwh/ Assembly/ 68115/ show,
统计条目,Coix lacryma-jobi,tetraploid,GCA_009758035.1_Adlay_draft_genome_1.0_genomic.fna.gz,PRODUCTION_50_result.gtf,NA,Poales,Poaceae,Commelinids,Monocots,no,2020/5/18,Plant Science,32528499,1560,1280,39574,594,NA,Illumina;PacBio,Other TGS,South Korea,no,Falcon,Quiver,SSPACE,NA,no,https://www.ncbi.nlm.nih.gov/datasets/genome/GCA_009758035.1/,https:// ngdc. cncb. ac. cn/ gwh/ Assembly/ 68115/ show,
补充条目,Cymbopogon citratus,NA,GCA_031170775.1_Ccit.v1.0_genomic.fna.gz,Cymbopogon_citratus\Cymbopogon_citratus_GCA_031170775.1_Ccit.v1.0_genomic.gtf,NA,Poales,Poaceae,Commelinids,Monocots,no,2023/9/6,NA,GCA_031170775.1,NA,364.442,NA,NA,NA,NA,NA,NA,NA,NA,NA,NA,NA,NA,https://download.cncb.ac.cn/assembly/ncbi/Plants/GCA/031/170/Cymbopogon_citratus_lemon_grass_Ccit.v1.0_GCA_031170775.1/GCA_031170775.1_Ccit.v1.0_genomic.fna.gz,NA,
补充条目,Cymbopogon flexuosus,NA,GCA_027790015.1_ASM2779001v1_genomic.fna.gz,Cymbopogon_flexuosus\Cymbopogon_flexuosus_GCA_027790015.1_ASM2779001v1_genomic.gtf,NA,Poales,Poaceae,Commelinids,Monocots,no,2023/1/9,NA,GCA_027790015.1,NA,545.4689,NA,NA,NA,NA,NA,NA,NA,NA,NA,NA,NA,NA,https://download.cncb.ac.cn/assembly/ncbi/Plants/GCA/027/790/Cymbopogon_flexuosus_monocots_ASM2779001v1_GCA_027790015.1/GCA_027790015.1_ASM2779001v1_genomic.fna.gz,NA,
补充条目,Cynodon dactylon,NA,GWHDUCR00000000.genome.fasta.gz,GWHDUCR00000000.gff.gz,NA,Poales,Poaceae,Commelinids,Monocots,yes,2025/1/6,NA,GWHDUCR00000000,NA,604.0343,NA,NA,NA,NA,NA,NA,NA,NA,NA,NA,NA,NA,https://download.cncb.ac.cn/gwh/Plants/Cynodon_dactylon_bermudagrass_A12359_GWHDUCR00000000/GWHDUCR00000000.genome.fasta.gz,https://download.cncb.ac.cn/gwh/Plants/Cynodon_dactylon_bermudagrass_A12359_GWHDUCR00000000/GWHDUCR00000000.gff.gz,
统计条目,Dactylis glomerata,diploid,GCA_007115705.1_ASM711570v1_genomic.fna.gz,Dactylis_glomerata\Dactylis_glomerata_GCA_007115705.1_ASM711570v1_genomic.gtf,NA,Poales,Poaceae,Commelinids,Monocots,yes,2019/7/5,Plant Biotechnology Journal,31276273,1940,1840,40088,252520,930,Illumina;PacBio,Other TGS,China,yes,Falcon,Quiver,FragScaff;HiRise,HiRise,no,https://www.ncbi.nlm.nih.gov/datasets/genome/GCA_007115705.1/,https:// ngdc. cncb. ac. cn/ gwh/ Assembly/ 68115/ show,
统计条目,Dasypyrum villosum,diploid,GWHBJXA00000000.genome.fasta.gz,GWHBJXA00000000.gff.gz,91C43,Poales,Poaceae,Commelinids,Monocots,yes,2022/12/30,Molecular Plant,10.1016/j.molp.2022.12.021,4120,4050,39727,6560,4270,PacBio;BGI,Other TGS,China,yes,SMARTdenovo,Arrow;Pilon,BioNano Access;3D-DNA,3D-DNA,no,https://ngdc.cncb.ac.cn/search/?dbId=&q=GWHBJXA00000000,https:// ngdc. cncb. ac. cn/ gwh/ Assembly/ 68115/ show,
统计条目,Dendrocalamus latiflorus,hexaploid,GCA_017311315.1_mabamboo_1.0_genomic.fna.gz,Dendrocalamus_latiflorus\Dendrocalamus_latiflorus_GCA_017311315.1_mabamboo_1.0_genomic.gtf,NA,Poales,Poaceae,Commelinids,Monocots,yes,2022/1/6,Journal of Integrative Plant Biology,10.1111/jipb.13217,1324,1550,135231,4500,2570,PacBio;Illumina,Other TGS,China,yes,Falcon,Quiver;Pilon,FragScaff;ALLHIC,ALLHIC,no,https://www.ncbi.nlm.nih.gov/datasets/genome/GCA_017311315.1/,https:// ngdc. cncb. ac. cn/ gwh/ Assembly/ 68115/ show,
统计条目,Dendrocalamus sinicus,hexaploid,Dendrocalamus_sinicus.faa,Dendrocalamus_sinicus_annos1-cds0-id_typename-nu1-upa1-add_chr0.gid66393.gff,NA,Poales,Poaceae,Commelinids,Monocots,yes,2024/3/15,Nature Genetics,10.1038/s41588-024-01683-0,1400,1439.8,56847,36311.66,4293.77,ONT,ONT,China,yes,CANU;SMARTdenovo;NextDenovo,Racon;Nextpolish;Pilon,LACHESIS,BWA;HiC-Pro;LACHESIS,pan-genome,JAYGGG000000000,https://genomevolution.org/coge/NotebookView.pl?nid=3091,
统计条目,Dichanthelium oligosanthes,diploid,GCA_001633215.2_ASM163321v2_genomic.fna.gz,GCA_001633215.2_ASM163321v2_genomic.gff.gz,NA,Poales,Poaceae,Commelinids,Monocots,no,2016/10/28,Genome Biology,27793170,750,589,30153,NA,NA,Illumina,NGS,USA,no,ALLPATHS,NA,SSPACE,NA,no,https://www.ncbi.nlm.nih.gov/datasets/genome/GCA_001633215.2/,https://genomevolution.org/coge/NotebookView.pl?nid=3091,
统计条目,Digitaria exilis,tetraploid,GCA_902859565.1_Fonio_CM05836_genomic.fna.gz,Dexi_CM05836-gene.gff3.gz,NA,Poales,Poaceae,Commelinids,Monocots,yes,2020/9/8,Nature Communications,32901040,893,716.471,57021,10741,83.702,Illumina,NGS,Saudi Arabia,yes,DeNovoMAGIC;Minia,NA,HiRise;Bionano Access;ARKS;LINKS,HiRise,no,https://www.ebi.ac.uk/ena/browser/text-search?query=%20PRJEB50993,https://genomevolution.org/coge/NotebookView.pl?nid=3091,
统计条目,Digitaria milanjiana,tetraploid,GWHGGEZ00000000.1.genome.fasta.gz,GWHGGEZ00000000.1.gff.gz,#DZ2,Poales,Poaceae,Commelinids,Monocots,yes,2026/2/12,Nature Communications,10.1038/s41467-026-69076-x,NA,908.85,NA,NA,NA,PacBio;Illumina,HiFi,China,no,Hifiasm,NextPolish,RagTag,NA,no,https://download.cncb.ac.cn/gwh/Plants/Digitaria_milanjiana_Digitaria_milanjiana_GWHGGEZ00000000.1/GWHGGEZ00000000.1.genome.fasta.gz,https://download.cncb.ac.cn/gwh/Plants/Digitaria_milanjiana_Digitaria_milanjiana_GWHGGEZ00000000.1/GWHGGEZ00000000.1.gff.gz,
统计条目,Digitaria radicosa,diploid,GCA_041430275.1_ASM4143027v1_genomic.fna.gz,Digitaria_radicosa_v1.gff3,NA,Poales,Poaceae,Commelinids,Monocots,yes,2024/10/10,G3-Genes Genomes Genetics,10.1093/g3journal/jkae242,420.3,441.6,26577,NA,41500,PacBio;BGI;Illumina,HiFi,Japan,no,Hifiasm,Nextpolish;Merfin,RagTag,NA,no,https://ngdc.cncb.ac.cn/gwh/ncbi_assembly/2874812/show,https://genomevolution.org/coge/NotebookView.pl?nid=3091,
统计条目,Digitaria sanguinalis,allohexaploid,GWHGGEX00000000.1.genome.fasta.gz,GWHGGEX00000000.1.gff.gz,#YJ2023,Poales,Poaceae,Commelinids,Monocots,yes,2026/2/12,Nature Communications,10.1038/s41467-026-69076-x,1240,1250,114996,NA,NA,PacBio;ONT;Illumina,HiFi;ONT ultra long,China,yes,Hifiasm;NextDenovo,NextPolish,YaHS,YaHS,T2T,https://download.cncb.ac.cn/gwh/Plants/Digitaria_sanguinalis_Digitaria_sanguinalis_GWHGGEX00000000.1/GWHGGEX00000000.1.genome.fasta.gz,https://download.cncb.ac.cn/gwh/Plants/Digitaria_sanguinalis_Digitaria_sanguinalis_GWHGGEX00000000.1/GWHGGEX00000000.1.gff.gz,
统计条目,Echinochloa colona,hexaploid,GWHBDNQ00000000.genome.fasta.gz,GWHBDNQ00000000.gff.gz,PI463783,Poales,Poaceae,Commelinids,Monocots,yes,2022/2/3,Nature Communications,10.1038/s41467-022-28359-9,1180,1130,93697,NA,24800,PacBio;Illumina,HiFi,China,yes,Hifiasm,Racon,ALLHIC,ALLHIC,no,https://ngdc.cncb.ac.cn/search/?dbId=&q=PRJCA003883,https://genomevolution.org/coge/NotebookView.pl?nid=3091,
统计条目,Echinochloa crus-galli,hexaploid,GWHBDNR00000000.genome.fasta.gz,GWHBDNR00000000.gff.gz,STB08,Poales,Poaceae,Commelinids,Monocots,yes,2022/2/3,Nature Communications,10.1038/s41467-022-28359-9,1400,1339.8,104780,NA,NA,PacBio;Illumina,Other TGS,China,yes,Canu,Racon;Pilon,ALLHIC,ALLHIC,no,https://ngdc.cncb.ac.cn/search/?dbId=&q=PRJCA003883,https://genomevolution.org/coge/NotebookView.pl?nid=3091,
统计条目,Echinochloa haploclada,NA,EH.fasta.gz,EH.gff3.gz,NA,Poales,Poaceae,Commelinids,Monocots,yes,2020/7/2,Molecular Plant,32622997,420,440,36946,48750,930,Illumina;PacBio,Other TGS,China,yes,Canu,Arrow;Pilon,3D-DNA;ALLHIC,3D-DNA;ALLHIC,no,http://ibi.zju.edu.cn/RiceWeedomes/Echinochloa/,https://genomevolution.org/coge/NotebookView.pl?nid=3091,
统计条目,Echinochloa oryzicola,tetraploid,GWHBDNS00000000.genome.fasta.gz,GWHBDNS00000000.gff.gz,ZJU2,Poales,Poaceae,Commelinids,Monocots,yes,2022/2/3,Nature Communications,10.1038/s41467-022-28359-9,1000,945.6,68544,NA,NA,PacBio;Illumina,Other TGS,China,yes,Canu,Racon;Pilon,ALLHIC,ALLHIC,no,https://ngdc.cncb.ac.cn/search/?dbId=&q=PRJCA003883,https://genomevolution.org/coge/NotebookView.pl?nid=3091,
补充条目,Echinochloa phyllopogon,NA,GCA_033239725.1_ASM3323972v1_genomic.fna.gz,Echinochloa_phyllopogon\Echinochloa_phyllopogon_GCA_033239725.1_ASM3323972v1_genomic.gtf,ASM3323972v1,Poales,Poaceae,Commelinids,Monocots,no,2023/6/15,NA,GCA_033239725.1,NA,1002.677761,NA,NA,NA,NA,NA,NA,NA,NA,NA,NA,NA,NA,https://download.cncb.ac.cn/assembly/ncbi/Plants/GCA/033/239/Echinochloa_phyllopogon_monocots_ASM3323972v1_GCA_033239725.1/GCA_033239725.1_ASM3323972v1_genomic.fna.gz,NA,
统计条目,Eleusine coracana,tetraploid,GCA_032690845.1_Eleusine_coracana_v1.0_genomic.fna.gz,GCA_032690845.1_Eleusine_coracana_v1.0_genomic.gff.gz,subsp. coracana KNE 796,Poales,Poaceae,Commelinids,Monocots,yes,2023/6/21,Nature Communications,10.1038/s41467-023-38915-6,1500,1110,48836,61300,15300,PacBio;Illumina,Other TGS,USA,yes,Mecat,Quiver,Juicer,Juicer,no,https://www.ncbi.nlm.nih.gov/bioproject/?term=PRJNA838475,https://phytozomeNAnext.jgi.doe.gov/info/Ecoracana_v1_1,
统计条目,Eleusine indica,diploid,GCA_003369855.1_ASM336985v1_genomic.fna.gz,Eleusine_indica\Eleusine_indica_GCA_040549725.1_ASM4054972v1_genomic.gtf,NA,Poales,Poaceae,Commelinids,Monocots,no,2019/4/10,Pest management science,30851005,584,492,25467,233,32.4,Illumina,NGS,USA,no,Velvet,NA,SSPACE,NA,no,https://www.ncbi.nlm.nih.gov/datasets/genome/GCA_003369855.1/,https://phytozomeNAnext.jgi.doe.gov/info/Ecoracana_v1_1,
统计条目,Elymus nutans,hexaploid,GWHFAJN00000000.1.genome.fasta.gz,PRODUCTION_51_result.gtf,‘Aba’,Poales,Poaceae,Commelinids,Monocots,yes,2025/6/18,Plant Biotechnology Journal,10.1111/pbi.70117,NA,9458.615163,NA,424536.636,NA,ONT;Illumina,Other TGS,China,yes,Canu;WTDBG,Racon;Pilon;BWA,LACHESIS,LACHESIS;HiC-Pro;BWA,no,https://ngdc.cncb.ac.cn/gwh/Assembly/85969/show,https://phytozomeNAnext.jgi.doe.gov/info/Ecoracana_v1_1,
统计条目,Elymus sibiricus,allotetraploid,E.sibiricus.fa.gz,E.sibiricus.gff3,NA,Poales,Poaceae,Commelinids,Monocots,yes,2024/11/1,Scientific Data,10.1038/s41597-024-03622-4,NA,6929.46,89800,37600,49518,PacBio;BGI,HIFI;NGS,China,yes,Hifiasm,NA,ALLHiC,Juicer,no,https://doi.org/10.6084/m9.figshare.24964659,https://doi.org/10.6084/m9.figshare.24964659,
统计条目,Eragrostis curvula,diploid,GCA_007726485.1_CERZOS_EC1.0_genomic.fna.gz,GCA_007726485.1_CERZOS_EC1.0_genomic.gff.gz,NA,Poales,Poaceae,Commelinids,Monocots,yes,2019/7/15,Scientific Reports,31308395,660,602,56469,43410,791,Illumina;PacBio,Other TGS,Argentina,yes,Canu;Falcon,Arrow,HiRise,HiRise,no,https://www.ncbi.nlm.nih.gov/datasets/genome/GCA_007726485.1/,https://doi.org/10.6084/m9.figshare.24964659,
统计条目,Eragrostis nindensis,NA,GCA_012490785.1_MSU_Enin_2.1_genomic.fna.gz,Eragrostis_nindensis_annos1-cds0-id_typename-nu1-upa1-add_chr0.gid54689.gff,NA,Poales,Poaceae,Commelinids,Monocots,no,2020/4/23,PNAS,32327609,1035,986,107683,NA,520,Illumina;PacBio,Other TGS,USA,no,Canu,Pilon,NA,NA,no,https://www.ncbi.nlm.nih.gov/datasets/genome/GCA_012490785.1/,https://doi.org/10.6084/m9.figshare.24964659,
统计条目,Eragrostis tef,tetraploid,Eragrostis_tef_tef.faa,Eragrostis_tef_tef_annos1-cds0-id_typename-nu1-upa1-add_chr0.gid50954.gff,Dabbi,Poales,Poaceae,Commelinids,Monocots,yes,2020/2/14,Nature Communications,32060277,622,578,68255,NA,1550,Illumina;PacBio,Other TGS,USA,yes,Canu,Pilon,3D-DNA,3D-DNA,no,https://genomevolution.org/coge/GenomeInfo.pl?gid=50954,https://doi.org/10.6084/m9.figshare.24964659,
补充条目,Eremochloa ophiuroides,NA,GCA_038502445.1_ASM3850244v1_genomic.fna.gz,Eremochloa_ophiuroides\Eremochloa_ophiuroides_GCA_038502445.1_ASM3850244v1_genomic.gtf,NA,Poales,Poaceae,Commelinids,Monocots,no,2024/4/26,NA,GCA_038502445.1,NA,853.4718,NA,NA,NA,NA,NA,NA,NA,NA,NA,NA,NA,NA,https://download.cncb.ac.cn/assembly/ncbi/Plants/GCA/038/502/Eremochloa_ophiuroides_monocots_ASM3850244v1_GCA_038502445.1/GCA_038502445.1_ASM3850244v1_genomic.fna.gz,NA,
统计条目,Erianthus rufipilus,NA,GWHBRAN00000000.genome.fasta.gz,PRODUCTION_63_result.gtf,Yunnan2009-3,Poales,Poaceae,Commelinids,Monocots,yes,2023/3/30,Nature Plants,10.1038/s41477-023-01378-0,756.6,858.7,32770,NA,76900,PacBio;Illumina,HiFi,China,yes,Hifiasm;Canu;HiCanu,NA,NA,NA,T2T,https://ngdc.cncb.ac.cn/search/?dbId=gwh&q=PRJCA014818,http://sugarcane.zhangjisenlab.cn/SugarcaneDB/#/downloads,
补充条目,Eriochloa villosa,NA,GWHITIV00000000.1.genome.fasta.gz,GWHITIV00000000.1.gff.gz,NA,Poales,Poaceae,Commelinids,Monocots,yes,2026/5/11,NA,GWHITIV00000000.1,NA,916.8193,NA,NA,NA,NA,NA,NA,NA,NA,NA,NA,NA,NA,https://download.cncb.ac.cn/gwh/Plants/Eriochloa_villosa_YS3_GWHITIV00000000.1/GWHITIV00000000.1.genome.fasta.gz,https://download.cncb.ac.cn/gwh/Plants/Eriochloa_villosa_YS3_GWHITIV00000000.1/GWHITIV00000000.1.gff.gz,
补充条目,Festuca francoi,NA,GCA_051253515.1_ASM5125351v1_genomic.fna.gz,PRODUCTION_64_result.gtf,ASM5125351v1,Poales,Poaceae,Commelinids,Monocots,no,2025/7/8,NA,GCA_051253515.1,NA,780.447117,NA,NA,NA,NA,NA,NA,NA,NA,NA,NA,NA,NA,https://download.cncb.ac.cn/assembly/ncbi/Plants/GCA/051/253/Festuca_francoi_monocots_ASM5125351v1_GCA_051253515.1/GCA_051253515.1_ASM5125351v1_genomic.fna.gz,NA,
统计条目,Festuca glaucescens,tetraploid,GCA_052817425.1_IPG_FesGla_1_genomic.fna.gz,GCA_052817425.1_IPG_FesGla_1_genomic.gff.gz,NA,Poales,Poaceae,Commelinids,Monocots,no,2025/11/18,BMC Plant Biology,10.1186/s12870-025-07558-8,NA,5520,72385,NA,870,Illumina;PacBio,HiFi,Poland,no,Hifiasm,NA,NA,NA,no,https://www.ncbi.nlm.nih.gov/datasets/genome/GCA_052817425.1/,https://www.ncbi.nlm.nih.gov/datasets/genome/GCA_052817425.1/,
补充条目,Festuca petraea,NA,GCA_051419415.1_ASM5141941v1_genomic.fna.gz,NA,ASM5141941v1,Poales,Poaceae,Commelinids,Monocots,no,2025/7/20,NA,GCA_051419415.1,NA,1188.724153,NA,NA,NA,NA,NA,NA,NA,NA,NA,NA,NA,NA,https://download.cncb.ac.cn/assembly/ncbi/Plants/GCA/051/419/Festuca_petraea_monocots_ASM5141941v1_GCA_051419415.1/GCA_051419415.1_ASM5141941v1_genomic.fna.gz,NA,
统计条目,Guadua angustifolia,tetraploid,Guadua_angustifolia.faa,Guadua_angustifolia_annos1-cds0-id_typename-nu1-upa1-add_chr0.gid67924.gff,NA,Poales,Poaceae,Commelinids,Monocots,yes,2024/3/15,Nature Genetics,10.1038/s41588-024-01683-0,1580,1545.93,47971,54949.77,1256.31,ONT,ONT,China,yes,CANU;SMARTdenovo;NextDenovo,Racon;Nextpolish;Pilon,LACHESIS,BWA;HiC-Pro;LACHESIS,pan-genome,JAYEVI000000000,https://genomevolution.org/coge/NotebookView.pl?nid=3091,
补充条目,Hierochloe odorata,NA,GCA_965212095.1_lpHieOdor1.hap1.1_genomic.fna.gz,Hierochloe_odorata\Hierochloe_odorata_GCA_965212095.1_lpHieOdor1.hap1.1_genomic.gtf,NA,Poales,Poaceae,Commelinids,Monocots,yes,2025/3/17,NA,GCA_965212095.1,NA,3602.437,NA,NA,NA,NA,NA,NA,NA,NA,NA,NA,NA,NA,https://download.cncb.ac.cn/assembly/ncbi/Plants/GCA/965/212/Hierochloe_odorata_monocots_lpHieOdor1.hap1.1_GCA_965212095.1/GCA_965212095.1_lpHieOdor1.hap1.1_genomic.fna.gz,NA,
补充条目,Holcus mollis,NA,GCA_965644205.1_lpHolMoll1.hap2.1_genomic.fna.gz,Holcus_mollis\Holcus_mollis_GCA_965644105.1_lpHolMoll1.hap1.1_genomic.gtf,NA,Poales,Poaceae,Commelinids,Monocots,yes,2025/7/27,NA,GCA_965644205.1,NA,2440.4448,NA,NA,NA,NA,NA,NA,NA,NA,NA,NA,NA,NA,https://download.cncb.ac.cn/assembly/ncbi/Plants/GCA/965/644/Holcus_mollis_monocots_lpHolMoll1.hap2.1_GCA_965644205.1/GCA_965644205.1_lpHolMoll1.hap2.1_genomic.fna.gz,NA,
补充条目,Holcus rigidus,NA,GCA_051253295.1_ASM5125329v1_genomic.fna.gz,PRODUCTION_53_result.gtf,NA,Poales,Poaceae,Commelinids,Monocots,no,2025/7/8,NA,GCA_051253295.1,NA,891.6085,NA,NA,NA,NA,NA,NA,NA,NA,NA,NA,NA,NA,https://download.cncb.ac.cn/assembly/ncbi/Plants/GCA/051/253/Holcus_rigidus_monocots_ASM5125329v1_GCA_051253295.1/GCA_051253295.1_ASM5125329v1_genomic.fna.gz,NA,
统计条目,Hordeum brevisubulatum,diploid,GWHFQVE00000000.1.genome.fasta.gz,PRODUCTION_54_result.gtf,PI531775,Poales,Poaceae,Commelinids,Monocots,yes,2025/3/14,Nature Plants,10.1038/s41477-025-01942-w,3590,3470,73672,476190,82350,PacBio,HiFi,China,yes,Hifiasm,Falcon-like,3D-DNA,3D-DNA,no,https://download.cncb.ac.cn/gwh/Plants/Hordeum_brevisubulatum_Hordeum_brevisubulatum_GWHFQVE00000000.1/GWHFQVE00000000.1.genome.fasta.gz,https://genomevolution.org/coge/NotebookView.pl?nid=3091,
统计条目,Hordeum bulbosum,diploid,GCA_963514045.1_Hbulbosum_FB19_011_3_genomic.fna.gz,Hordeum_bulbosum\Hordeum_bulbosum_GCA_963513915.1_Hbulbosum_Hbulbosum_PI365428_genomic.gtf,FB19-011-3,Poales,Poaceae,Commelinids,Monocots,yes,2025/7/9,Nature,10.1038/s41586-025-09270-x,NA,7300,NA,522800,9700,PacBio,HiFi,Germany,yes,Hifiasm,NA,SOAPdenovo,EMBOSS,pan-genome,https://www.ebi.ac.uk/ena/data/view/PRJEB65276,https://genomevolution.org/coge/NotebookView.pl?nid=3091,
统计条目,Hordeum erectifolium,diploid,GCA_978496365.1_lpHorErec1.1_genomic.fna.gz,GCA_978496365.1_lpHorErec1.1_genomic.gff.gz,NGB6816,Poales,Poaceae,Commelinids,Monocots,yes,2026/3/24,New Phytologist,10.1111/nph.71091,4400,3850,71475,NA,NA,ONT;Illumina;10x Genomics Linked-Reads,ONT;Illumina,Germany,yes,Flye,Racon;Medaka;BWA;Hapo-G,Tigmint;Bionano;TRITEX,TRITEX,no,https://download.cncb.ac.cn/assembly/ncbi/Plants/GCA/978/496/Hordeum_erectifolium_monocots_lpHorErec1.1_GCA_978496365.1/GCA_978496365.1_lpHorErec1.1_genomic.fna.gz,https://download.cncb.ac.cn/assembly/ncbi/Plants/GCA/978/496/Hordeum_erectifolium_monocots_lpHorErec1.1_GCA_978496365.1/GCA_978496365.1_lpHorErec1.1_genomic.gff.gz,
统计条目,Hordeum marinum,diploid,GWHBJBH00000000.genome.fasta.gz,GWHBJBH00000000.gff.gz,H559,Poales,Poaceae,Commelinids,Monocots,yes,2022/5/5,Plant Communications,10.1016/j.xplc.2022.100333,3996,3816,41045,524470,6830,PacBio;Illumina,Other TGS,China,yes,Falcon,Quiver;Pilon,FragScaff,NA,no,https://ngdc.cncb.ac.cn/search/?dbId=gwh&q=PRJCA009391,https://genomevolution.org/coge/NotebookView.pl?nid=3091,
补充条目,Hordeum pubiflorum,NA,GCA_000582825.1_Hordeum_pubiflorum_assembly1_genomic.fna.gz,GCA_000582825.1_Hordeum_pubiflorum_assembly1_genomic.gff.gz,Hordeum_pubiflorum_assembly1,Poales,Poaceae,Commelinids,Monocots,no,2013/8/30,NA,GCA_000582825.1,NA,1425.274558,NA,NA,NA,NA,NA,NA,NA,NA,NA,NA,NA,NA,https://download.cncb.ac.cn/assembly/ncbi/Plants/GCA/000/582/Hordeum_pubiflorum_monocots_Hordeum_pubiflorum_assembly1_GCA_000582825.1/GCA_000582825.1_Hordeum_pubiflorum_assembly1_genomic.fna.gz,https://download.cncb.ac.cn/assembly/ncbi/Plants/GCA/000/582/Hordeum_pubiflorum_monocots_Hordeum_pubiflorum_assembly1_GCA_000582825.1/GCA_000582825.1_Hordeum_pubiflorum_assembly1_genomic.gff.gz,
统计条目,Hordeum spontaneum,diploid,Chromosome_EC_S1.fasta.gz,EC-S1_pseudomolecules_V1.high_confidence.gff,EC-S1,Poales,Poaceae,Commelinids,Monocots,yes,2022/8/29,Plant Biotechnology Journal,10.1111/pbi.13917,5000,5025,39179,NA,3525,ONT;Illumina,Other TGS,China,yes,NextDenovo,Racon;Pilon,BioNano Access;LACHESIS,LACHESIS,no,https://db.cngb.org/search/project/CNP0003286/,https://doi.org/10.5281/zenodo.6859785,
统计条目,Hordeum vulgare,diploid,GCA_029782615.1_ASM2978261v1_genomic.fna.gz,EC_S1.gff,EC_S1,Poales,Poaceae,Commelinids,Monocots,yes,2023/8/10,Scientific Data,10.1038/s41597-023-02434-2,4560,5052.015165,39179,90435.441,3525.661,ONT;Illumina,Other TGS,China,yes,NextDenovo,Nextpolish;Racon,BioNano Access,NA,no,https://www.ncbi.nlm.nih.gov/datasets/genome/GCA_029782615.1/,https://doi.org/10.5281/zenodo.6859785,
统计条目,Hsuehochloa calcarea,tetraploid,GCA_036346395.1_KIB_Hcal_1_genomic.fna.gz,Ampelocalamus_calcareus_annos1-cds0-id_typename-nu1-upa1-add_chr0.gid67919.gff,NA,Poales,Poaceae,Commelinids,Monocots,yes,2024/3/15,Nature Genetics,10.1038/s41588-024-01683-0,NA,NA,41907,NA,30.7,Illumina;ONT,ONT,China,yes,Canu;SMARTdenovo;NextDenovo,Racon;Nextpolish;Pilon,NA,LACHESIS,no,https://www.ncbi.nlm.nih.gov/bioproject/?term=PRJNA948693,https://genomevolution.org/coge/NotebookView.pl?nid=3091,
统计条目,Hygroryza aristata,diploid,GWHFGLW00000000.1.genome.fasta.gz,GWHFGLW00000000.1.gff.gz,hap1,Poales,Poaceae,Commelinids,Monocots,yes,2025/3/28,BMC Genomic Data,10.1186/s12863-025-01314-5,700,349.74,39139,NA,NA,PacBio;ONT,HiFi;ONT ultra long,China,yes,Hifiasm,NA,NA,Juicer,T2T,https://ngdc.cncb.ac.cn/gwh/Assembly/86182/show,https://genomevolution.org/coge/NotebookView.pl?nid=3091,
补充条目,Hyparrhenia diplandra,NA,GCA_015847255.1_Hd-A1025-Draft-PanAnd-1.0_genomic.fna.gz,PRODUCTION_55_result.gtf,NA,Poales,Poaceae,Commelinids,Monocots,no,2020/12/8,NA,GCA_015847255.1,NA,2072.0151,NA,NA,NA,NA,NA,NA,NA,NA,NA,NA,NA,NA,https://download.cncb.ac.cn/assembly/ncbi/Plants/GCA/015/847/Hyparrhenia_diplandra_monocots_Hd-A1025-Draft-PanAnd-1.0_GCA_015847255.1/GCA_015847255.1_Hd-A1025-Draft-PanAnd-1.0_genomic.fna.gz,NA,
统计条目,Indocalamus tessellatus,tetraploid,GCA_048537245.1_ASM4853724v1_genomic.fna.gz,Ites_genes.gff,NA,Poales,Poaceae,Commelinids,Monocots,yes,2025/10/28,Scientific Data,10.1038/s41597-025-05988-5,2300,2890,41765,117660,40510,BGI;PacBio,HiFi,China,yes,Hifiasm,NA,HapHiC,HapHiC,no,https://identifiers.org/ncbi/insdc.gca:GCA_048537245.1,https://figshare.10.6084/m9.figshare.28869197,
补充条目,Leersia oryzoides,NA,GCA_965153235.2_lpLeeOryz1.hap1.2_genomic.fna.gz,Leersia_oryzoides\Leersia_oryzoides_GCA_965153235.2_lpLeeOryz1.hap1.2_genomic.gtf,lpLeeOryz1.hap1.2,Poales,Poaceae,Commelinids,Monocots,yes,2025/10/26,NA,GCA_965153235.2,NA,766.351316,NA,NA,NA,NA,NA,NA,NA,NA,NA,NA,NA,NA,https://download.cncb.ac.cn/assembly/ncbi/Plants/GCA/965/153/Leersia_oryzoides_rice_cutgrass_lpLeeOryz1.hap1.2_GCA_965153235.2/GCA_965153235.2_lpLeeOryz1.hap1.2_genomic.fna.gz,NA,
统计条目,Leersia perrieri,NA,GCA_000325765.3_Lperr_V1.4_genomic.fna.gz,Leersia_perrieri.maker.gff,NA,Poales,Poaceae,Commelinids,Monocots,yes,2018/1/22,Nature Genetics,30291357,323,267,29078,8681.563,50.248,Illumina,NGS,USA,no,ALLPATHS,NA,SSPACE;Genome Puzzle Master,NA,no,https://www.ncbi.nlm.nih.gov/datasets/genome/GCA_000325765.3/,https://figshare.10.6084/m9.figshare.28869197,
统计条目,Leymus chinensis,allotetraploid,Lc6_hap_resolved_genome.fa.gz,Lc6.combined.gff3.gz,Lc6_hap_resolved_improved,Poales,Poaceae,Commelinids,Monocots,yes,2026/1/29,Plant Biotechnology Journal,10.1111/pbi.70565,8210,7960,NA,NA,NA,PacBio;Illumina,PacBio;Illumina,China,yes,Hifiasm,NA,RagTag,HiC?Pro,no,https://figshare.com/ndownloader/files/60701083,https://figshare.com/ndownloader/files/60701050,
补充条目,Lithachne pauciflora,NA,GCA_052447275.1_KIB_Lpa_1.0_genomic.fna.gz,Lithachne_pauciflora\Lithachne_pauciflora_GCA_052447275.1_KIB_Lpa_1.0_genomic.gtf,NA,Poales,Poaceae,Commelinids,Monocots,yes,2025/9/4,NA,GCA_052447275.1,NA,1697.057,NA,NA,NA,NA,NA,NA,NA,NA,NA,NA,NA,NA,https://download.cncb.ac.cn/assembly/ncbi/Plants/GCA/052/447/Lithachne_pauciflora_monocots_KIB_Lpa_1.0_GCA_052447275.1/GCA_052447275.1_KIB_Lpa_1.0_genomic.fna.gz,NA,
统计条目,Lolium multiflorum,diploid,Adret2v2.fasta,PRODUCTION_56_result.gtf,Adret_v2,Poales,Poaceae,Commelinids,Monocots,yes,2024/2/27,The Plant Journal,10.1111/tpj.16693,2500,NA,NA,NA,NA,Illumina,NGS,Switzerland,no,NA,NA,RagTag,NA,no,https://doi.org/10.5281/zenodo.10210210,https://figshare.10.6084/m9.figshare.28869197,
统计条目,Lolium multiflorum cv. ‘Rabiosa’,diploid,GCA_030979885.1_Rabiosa_unphased_assembly_genomic.fna.gz,GCA_030979885.1_Rabiosa_unphased_assembly_genomic.gff.gz,cv. ‘Rabiosa’,Poales,Poaceae,Commelinids,Monocots,yes,2025/9/18,Plant Genome,10.1002/tpg2.70079,NA,2750,72069,338750,1332.6,ONT;Illumina,Other TGS,Switzerland,yes,Flye; Canu,Polca,3D-DNA;Juicer,3D-DNA;Juicer,no,https://www.ncbi.nlm.nih.gov/datasets/genome/GCA_030979885.1/,https://figshare.10.6084/m9.figshare.28869197,
统计条目,Lolium perenne,diploid,GCF_019359855.2_Kyuss_2.0_genomic.fna.gz,GCA_019359855.2_Kyuss_2.0_genomic.gff.gz,Kyuss,Poales,Poaceae,Commelinids,Monocots,yes,2021/7/10,Genome Biology and Evolution,10.1093/gbe/evab159,2720,2281,38868,11276,11740,ONT;Illumina,Other TGS,Switzerland,no,Flye,Medaka;Pilon,ALLMAPS,NA,no,https://www.ncbi.nlm.nih.gov/datasets/genome/GCF_019359855.1/,https://figshare.10.6084/m9.figshare.28869197,
补充条目,Lolium rigidum,NA,GCF_022539505.1_APGP_CSIRO_Lrig_0.1_genomic.fna.gz,GCF_022539505.1_APGP_CSIRO_Lrig_0.1_genomic.gff.gz,APGP_CSIRO_Lrig_0.1,Poales,Poaceae,Commelinids,Monocots,yes,2022/3/14,NA,GCF_022539505.1,NA,2438.467165,NA,NA,NA,NA,NA,NA,NA,NA,NA,NA,NA,NA,https://download.cncb.ac.cn/assembly/ncbi/Plants/GCF/022/539/Lolium_rigidum_monocots_APGP_CSIRO_Lrig_0.1_GCF_022539505.1/GCF_022539505.1_APGP_CSIRO_Lrig_0.1_genomic.fna.gz,https://download.cncb.ac.cn/assembly/ncbi/Plants/GCF/022/539/Lolium_rigidum_monocots_APGP_CSIRO_Lrig_0.1_GCF_022539505.1/GCF_022539505.1_APGP_CSIRO_Lrig_0.1_genomic.gff.gz,
补充条目,Melocanna baccifera,NA,GCA_036346265.1_KIB_Mbac_1_genomic.fna.gz,Melocanna_baccifera\Melocanna_baccifera_GCA_036346265.1_KIB_Mbac_1_genomic.gtf,NA,Poales,Poaceae,Commelinids,Monocots,yes,2024/2/2,NA,GCA_036346265.1,NA,1077.0663,NA,NA,NA,NA,NA,NA,NA,NA,NA,NA,NA,NA,https://download.cncb.ac.cn/assembly/ncbi/Plants/GCA/036/346/Melocanna_baccifera_monocots_KIB_Mbac_1_GCA_036346265.1/GCA_036346265.1_KIB_Mbac_1_genomic.fna.gz,NA,
统计条目,Microstegium vimineum,NA,GCA_022036555.1_ASM2203655v1_genomic.fna.gz,Microstegium_vimineum\Microstegium_vimineum_GCA_022036555.1_ASM2203655v1_genomic.gtf,NA,Poales,Poaceae,Commelinids,Monocots,yes,2021/10/28,Genome Biology and Evolution,10.1093/gbe/evab238,1200,1120,39604,53440,605,PacBio,Other TGS,USA,yes,wtdbg,NA,HiRise,HiRise,no,https://www.ncbi.nlm.nih.gov/datasets/genome/GCA_022036555.1/,https://figshare.10.6084/m9.figshare.28869197,
统计条目,Miscanthus floridulus,diploid,GCF_019320115.1_ASM1932011v1_genomic.fna.gz,GCF_019320115.1_ASM1932011v1_genomic.gff.gz,MF70,Poales,Poaceae,Commelinids,Monocots,yes,2021/5/5,Nature Plants,10.1038/s41477-021-00908-y,2462.35,2684.39,76913,1644.938,820.435,PacBio;Illumina,Other TGS,China,yes,Falcon,Quiver;Pilon,FragScaff;LACHESIS,LACHESIS,no,https://www.ncbi.nlm.nih.gov/bioproject/?term=PRJNA598249,https://figshare.10.6084/m9.figshare.28869197,
统计条目,Miscanthus lutarioriparius,diploid,GCA_904845875.1_Mlu_assembly_genomic.fna.gz,GCA_904845875.1_Mlu_assembly_genomic.gff.gz,NA,Poales,Poaceae,Commelinids,Monocots,yes,2021/4/28,Nature Communications,10.1038/s41467-021-22738-4,2190,2070,68328,113460,1710,ONT;Illumina,Other TGS,China,yes,SMARTdenovo,Racon;Pilon,3D-DNA;LACHESIS,3D-DNA;LACHESIS,no,https://www.ncbi.nlm.nih.gov/bioproject/?term=PRJEB40463,https://figshare.10.6084/m9.figshare.28869197,
补充条目,Miscanthus sacchariflorus,NA,GCA_002993905.1_Msac_v3_genomic.fna.gz,Miscanthus_sacchariflorus\Miscanthus_sacchariflorus_GCA_002993905.1_Msac_v3_genomic.gtf,Msac_v3,Poales,Poaceae,Commelinids,Monocots,yes,2018/3/14,NA,GCA_002993905.1,NA,2074.921001,NA,NA,NA,NA,NA,NA,NA,NA,NA,NA,NA,NA,https://download.cncb.ac.cn/assembly/ncbi/Plants/GCA/002/993/Miscanthus_sacchariflorus_Amur_silver_grass_Msac_v3_GCA_002993905.1/GCA_002993905.1_Msac_v3_genomic.fna.gz,NA,
统计条目,Miscanthus sinensis,NA,Msinensis_497_v7.0.fa.gz,Msinensis_497_v7.1.gene.gff3.gz,NA,Poales,Poaceae,Commelinids,Monocots,yes,2020/10/28,Nature Communications,33116128,2500,1680,67967,190,33.1,Illumina,NGS,USA,yes,Meraculous,NA,HiRise,HiRise,no,https://phytozome-next.jgi.doe.gov/info/Msinensis_v7_1,https://figshare.10.6084/m9.figshare.28869197,
统计条目,Neostapfia colusana,diploid,GCA_030760725.1_lpNeoColu1.0.hap1_genomic.fna.gz,Neostapfia_colusana\Neostapfia_colusana_GCA_030760725.1_lpNeoColu1.0.hap1_genomic.gtf,haplotype 1,Poales,Poaceae,Commelinids,Monocots,yes,2025/10/7,Journal of  Heredity,10.1093/jhered/esaf075,2210 (diploid),2136,30836 (diploid),112313,10112,PacBio,HiFi,USA,yes,Hifiasm,NA,SALSA,Arima-HiC,no,https://www.ncbi.nlm.nih.gov/nuccore/GCA_030760725.1,https://figshare.10.6084/m9.figshare.28869197,
统计条目,Olyra latifolia,diploid,Olyra_latifolia.faa,ola.gff.gz,NA,Poales,Poaceae,Commelinids,Monocots,yes,2024/3/15,Nature Genetics,10.1038/s41588-024-01683-0,680,639.19,31189,57043.75,13669.5,ONT,ONT,China,yes,CANU;SMARTdenovo;NextDenovo,Racon;Nextpolish;Pilon,LACHESIS,BWA;HiC-Pro;LACHESIS,pan-genome,JAYEVB000000000,https://figshare.10.6084/m9.figshare.28869197,
补充条目,Orcuttia inaequalis,NA,GCA_052094925.1_lpOrcInae1.0.p_genomic.fna.gz,Orcuttia_inaequalis\Orcuttia_inaequalis_GCA_052094925.1_lpOrcInae1.0.p_genomic.gtf,lpOrcInae1.0.p,Poales,Poaceae,Commelinids,Monocots,no,2025/8/18,NA,GCA_052094925.1,NA,1547.940159,NA,NA,NA,NA,NA,NA,NA,NA,NA,NA,NA,NA,https://download.cncb.ac.cn/assembly/ncbi/Plants/GCA/052/094/Orcuttia_inaequalis_monocots_lpOrcInae1.0.p_GCA_052094925.1/GCA_052094925.1_lpOrcInae1.0.p_genomic.fna.gz,NA,
补充条目,Orinus kokonorica,NA,GWHFAJP00000000.1.genome.fasta.gz,GWHFAJP00000000.1.gff.gz,NA,Poales,Poaceae,Commelinids,Monocots,yes,2024/8/17,NA,GWHFAJP00000000.1,NA,555.9462,NA,NA,NA,NA,NA,NA,NA,NA,NA,NA,NA,NA,https://download.cncb.ac.cn/gwh/Plants/Orinus_kokonoricus_Oko_GWHFAJP00000000.1/GWHFAJP00000000.1.genome.fasta.gz,https://download.cncb.ac.cn/gwh/Plants/Orinus_kokonoricus_Oko_GWHFAJP00000000.1/GWHFAJP00000000.1.gff.gz,
补充条目,Oropetium thomaeum,NA,GCA_001182835.1_Oropetium_genomic_20141112_genomic.fna.gz,Oropetium_thomaeum\Oropetium_thomaeum_GCA_001182835.1_Oropetium_genomic_20141112_genomic.gtf,NA,Poales,Poaceae,Commelinids,Monocots,no,2015/7/20,NA,GCA_001182835.1,NA,243.1746,NA,NA,NA,NA,NA,NA,NA,NA,NA,NA,NA,NA,https://download.cncb.ac.cn/assembly/ncbi/Plants/GCA/001/182/Oropetium_thomaeum_monocots_Oropetium_genomic_20141112_GCA_001182835.1/GCA_001182835.1_Oropetium_genomic_20141112_genomic.fna.gz,NA,
统计条目,Oryza alta,tetraploid,GCA_047899615.1_ASM4789961v1_genomic.fna.gz,Oryza_alta\Oryza_alta_GCA_047899615.1_ASM4789961v1_genomic.gtf,(CCDD)_PRJNA1039467,Poales,Poaceae,Commelinids,Monocots,yes,2025/4/28,Nature Genetics,10.1038/s41588-025-02183-5,NA,909.02,66387,38390,18170,PacBio,Other TGS,Saudi Arabia,no,Mecat2;Canu;Flye,Pilon,Bionano Access;GCPP;Mashmap;HAKMER;RagTag,NA,pan-genome,https://ngdc.cncb.ac.cn/bioproject/browse/insdc/PRJNA1039467,https://figshare.10.6084/m9.figshare.28869197,
统计条目,Oryza australiensis,diploid,GWHGOKN00000000.2.genome.fasta.gz,GWHGOKN00000000.2.gff.gz,IRGCACC105278_EE,Poales,Poaceae,Commelinids,Monocots,yes,2026/5/27,Nature Communications,10.1038/s41467-026-73769-8,965,901,36742,76600,76600,ONT;Illumina,ONT ultra long,China,no,NextDenovo,NextPolish,LR_Gapcloser,NA,T2T,https://download.cncb.ac.cn/gwh/Plants/Oryza_australiensis_Oryza_australiensis_GWHGOKN00000000.2/GWHGOKN00000000.2.genome.fasta.gz,https://download.cncb.ac.cn/gwh/Plants/Oryza_australiensis_Oryza_australiensis_GWHGOKN00000000.2/GWHGOKN00000000.2.gff.gz,
统计条目,Oryza barthii,diploid,GWHBFRD00000000.genome.fasta.gz,GWHBFRD00000000.gff.gz,NH286,Poales,Poaceae,Commelinids,Monocots,yes,2022/7/12,Cell Research,10.1038/s41422-022-00685-z,376,340.58,35003,NA,15533.27,ONT;Illumina,Other TGS,China,yes,wtdbg,wtpoa;Pilon,3D-DNA,3D-DNA,pan-genome,https://ngdc.cncb.ac.cn/search/?dbId=gwh&q=PRJCA004295,https://figshare.10.6084/m9.figshare.28869197,
统计条目,Oryza brachyantha,diploid,GCA_000710545.1_O._brachyantha_chromosome_3_short_arm_genomic.fna.gz,Oryza_brachyantha\Oryza_brachyantha_GCA_000231095.3_ObraRS2_genomic.gtf,NA,Poales,Poaceae,Commelinids,Monocots,yes,2013/3/12,Nature Communications,23481403,300,261,32038,1600,NA,Illumina;Sanger;,NGS,China,no,SOAPdenovo,NA,NA,NA,no,https://www.ncbi.nlm.nih.gov/datasets/genome/GCA_000710545.1/,https://figshare.10.6084/m9.figshare.28869197,
统计条目,Oryza coarctata,tetraploid,GCA_036417745.2_OcoaRS2_genomic.fna.gz,Oryza_coarctata\Oryza_coarctata_GCA_036417745.2_OcoaRS2_genomic.gtf,(KKLL)_PRJNA439330,Poales,Poaceae,Commelinids,Monocots,yes,2025/4/28,Nature Genetics,10.1038/s41588-025-02183-5,NA,555.71,55709,22970,22970,PacBio,HiFi,Saudi Arabia,no,Hifiasm;HiCanu,Pilon,Bionano Access;GCPP;Mashmap;HAKMER;RagTag,NA,no,https://www.ncbi.nlm.nih.gov/bioproject/?term=PRJNA439330,https://figshare.10.6084/m9.figshare.28869197,
统计条目,Oryza eichingeri,diploid,W-71_genome.fasta,W-71_genome.fasta.gff3,NA,Poales,Poaceae,Commelinids,Monocots,yes,2024/11/18,Nature Communications,10.1038/s41467-024-54427-3,NA,547,44719,NA,49780,PacBio;Illumina,HiFi,China,yes,Hifiasm,NA,NA,3D-DNA;Juicer,no,https://figshare.com/s/32d0ac68cee7f647e1e3,https://figshare.10.6084/m9.figshare.28869197,
统计条目,Oryza glaberrima,diploid,GWHBFQJ00000000.genome.fasta.gz,GWHBFQJ00000000.gff.gz,NH265,Poales,Poaceae,Commelinids,Monocots,yes,2022/7/12,Cell Research,10.1038/s41422-022-00685-z,411,347.16,35260,NA,14365.345,ONT;Illumina,Other TGS,China,yes,wtdbg,wtpoa;Pilon,3D-DNA,3D-DNA,pan-genome,https://ngdc.cncb.ac.cn/search/?dbId=gwh&q=PRJCA004295,https://figshare.10.6084/m9.figshare.28869197,
补充条目,Oryza glaberrima x Oryza sativa,NA,GCA_965117955.1_NericaL19_genomic.fna.gz,Oryza_glaberrima_x_Oryza_sativa\Oryza_glaberrima_x_Oryza_sativa_GCA_965117955.1_NericaL19_genomic.gtf,NericaL19,Poales,Poaceae,Commelinids,Monocots,no,2025/1/25,NA,GCA_965117955.1,NA,393.943085,NA,NA,NA,NA,NA,NA,NA,NA,NA,NA,NA,NA,https://download.cncb.ac.cn/assembly/ncbi/Plants/GCA/965/117/Oryza_glaberrima_x_Oryza_sativa_monocots_NericaL19_GCA_965117955.1/GCA_965117955.1_NericaL19_genomic.fna.gz,NA,
统计条目,Oryza glumaepatula,diploid,W-97_genome.fasta,W-97_genome.fasta.gff3,NA,Poales,Poaceae,Commelinids,Monocots,yes,2024/11/18,Nature Communications,10.1038/s41467-024-54427-3,NA,393.8,44527,NA,14180,PacBio;Illumina,HiFi,China,yes,Hifiasm,NA,NA,3D-DNA;Juicer,no,https://figshare.com/s/32d0ac68cee7f647e1e3,https://figshare.10.6084/m9.figshare.28869197,
补充条目,Oryza glumipatula,NA,GCA_000576495.2_OgluRS3_genomic.fna.gz,Oryza_glumipatula\Oryza_glumipatula_GCA_000576495.2_OgluRS3_genomic.gtf,OgluRS3,Poales,Poaceae,Commelinids,Monocots,yes,2021/3/10,NA,GCA_000576495.2,NA,388.593428,NA,NA,NA,NA,NA,NA,NA,NA,NA,NA,NA,NA,https://download.cncb.ac.cn/assembly/ncbi/Plants/GCA/000/576/Oryza_glumipatula_monocots_OgluRS3_GCA_000576495.2/GCA_000576495.2_OgluRS3_genomic.fna.gz,NA,
统计条目,Oryza grandiglumis,tetraploid,GCA_048188845.1_Oryza_grandiglumis_Doell_1.0_genome_genomic.fna,Oryza_grandiglumis\Oryza_grandiglumis_GCA_048188845.1_Oryza_grandiglumis_Doell_1.0_genome_genomic.gtf,(CCDD)_PRJNA737282,Poales,Poaceae,Commelinids,Monocots,yes,2025/4/28,Nature Genetics,10.1038/s41588-025-02183-5,NA,871.18,66356,37530,19300,PacBio,Other TGS,Saudi Arabia,no,Mecat2;Canu;Flye,Pilon,Bionano Access;GCPP;Mashmap;HAKMER;RagTag,NA,pan-genome,https://www.ncbi.nlm.nih.gov/bioproject/?term=PRJNA737282,https://figshare.10.6084/m9.figshare.28869197,
统计条目,Oryza grandigumis,tetraploid,W-100_genome.fasta,W-100_genome.fasta.gff3,NA,Poales,Poaceae,Commelinids,Monocots,yes,2024/11/18,Nature Communications,10.1038/s41467-024-54427-3,NA,906.1,81960,NA,21730,PacBio;Illumina,HiFi,China,yes,Hifiasm,NA,NA,3D-DNA;Juicer,no,https://figshare.com/s/32d0ac68cee7f647e1e3,https://figshare.10.6084/m9.figshare.28869197,
统计条目,Oryza granulata,diploid,GWHAAKB00000000.genome.fasta.gz,1.gene_structure.gff3,Ecotype: Menghai,Poales,Poaceae,Commelinids,Monocots,yes,2020/4/29,Scientific Data,32350267,785,736.66,40131,916.3,43.9,Illumina,NGS,China,yes,ALLPATHS,NA,SSPACE;LACHESIS,LACHESIS,no,https://ngdc.cncb.ac.cn/search/?dbId=gwh&q=GWHAAKB00000000&q=GWHAAKB00000000,https://figshare.10.6084/m9.figshare.28869197,
统计条目,Oryza latifolia,tetraploid,GCA_048174585.1_Oryza_latifolia_Desv_1.0_genome_genomic.fna,GCA_048174585.1_Oryza_latifolia_Desv_1.0_genome_genomic.fna.gz,(CCDD)_PRJNA737486,Poales,Poaceae,Commelinids,Monocots,yes,2025/4/28,Nature Genetics,10.1038/s41588-025-02183-5,NA,1058.4,73734,45310,35130,PacBio,Other TGS,Saudi Arabia,no,Mecat2;Canu;Flye,Pilon,Bionano Access;GCPP;Mashmap;HAKMER;RagTag,NA,pan-genome,https://www.ncbi.nlm.nih.gov/bioproject/?term=PRJNA737486,https://figshare.10.6084/m9.figshare.28869197,
统计条目,Oryza longiglumis,tetraploid,GCA_048014755.1_ASM4801475v1_genomic.fna.gz,GCA_048014755.1_ASM4801475v1_genomic.gbff.gz,(HHJJ)_PRJNA1016142,Poales,Poaceae,Commelinids,Monocots,yes,2025/4/28,Nature Genetics,10.1038/s41588-025-02183-5,NA,1146.78,73324,51170,51170,PacBio,HiFi,Saudi Arabia,no,Hifiasm;HiCanu,Pilon,Bionano Access;GCPP;Mashmap;HAKMER;RagTag,NA,no,https://www.ncbi.nlm.nih.gov/bioproject/?term=PRJNA1016142,https://figshare.10.6084/m9.figshare.28869197,
统计条目,Oryza longistaminata,diploid,GCA_009805545.1_ASM980554v1_genomic.fna.gz,GCA_009805545.1_ASM980554v1_genomic.gbff.gz,IRGC 81967,Poales,Poaceae,Commelinids,Monocots,yes,2020/3/20,The Plant Genome,33016624,347,363.5,35440,6830,46.49,Illumina;PacBio,Other TGS,China,yes,ALLPATHS,NA,LACHESIS,LACHESIS,no,https://www.ncbi.nlm.nih.gov/bioproject/?term=PRJNA545798,https://figshare.10.6084/m9.figshare.28869197,
统计条目,Oryza malampuzhaensis,tetraploid,GCA_048564985.1_O_malampuzhaensis_1.0_genomic.fna.gz,GCA_048564985.1_O_malampuzhaensis_1.0_genomic.gbff.gz,(BBCC)_PRJNA757598,Poales,Poaceae,Commelinids,Monocots,yes,2025/4/28,Nature Genetics,10.1038/s41588-025-02183-5,NA,934.73,77869,39290,19090,PacBio,Other TGS,Saudi Arabia,no,Mecat2;Canu;Flye,Pilon,Bionano Access;GCPP;Mashmap;HAKMER;RagTag,NA,pan-genome,https://www.ncbi.nlm.nih.gov/bioproject/?term=PRJNA757598,https://figshare.10.6084/m9.figshare.28869197,
统计条目,Oryza meridionalis,diploid,OM1952.fa,W1952.genome.gff3,OM1952,Poales,Poaceae,Commelinids,Monocots,yes,2025/4/16,Nature,10.1038/s41586-025-08883-6,NA,NA,38135,NA,NA,PacBio;Illumina;ONT,HiFi;Other TGS,China,no,NextDenovo,Racon,NA,NA,pan-genome,https://doi.org/10.25452/figshare.plus.25697817,https://figshare.10.6084/m9.figshare.28869197,
统计条目,Oryza meyeriana,diploid,GCA_047899645.1_ASM4789964v1_genomic.fna.gz,GCA_047899645.1_ASM4789964v1_genomic.gbff.gz,(GG)_PRJNA1039468,Poales,Poaceae,Commelinids,Monocots,yes,2025/4/28,Nature Genetics,10.1038/s41588-025-02183-5,NA,789.12,45092,66880,66880,PacBio,HiFi,Saudi Arabia,no,Hifiasm;HiCanu,Pilon,Bionano Access;GCPP;Mashmap;HAKMER;RagTag,NA,no,https://ngdc.cncb.ac.cn/bioproject/browse/insdc/PRJNA1039468,https://figshare.10.6084/m9.figshare.28869197,
统计条目,Oryza minuta,tetraploid,GCA_048166525.1_O_minuta_1.0_genomic.fna.gz,GCA_048166525.1_O_minuta_1.0_genomic.gbff.gz,(BBCC)_PRJNA757599,Poales,Poaceae,Commelinids,Monocots,yes,2025/4/28,Nature Genetics,10.1038/s41588-025-02183-5,NA,980.38,74266,41470,20600,PacBio,Other TGS,Saudi Arabia,no,Mecat2;Canu;Flye,Pilon,Bionano Access;GCPP;Mashmap;HAKMER;RagTag,NA,pan-genome,https://www.ncbi.nlm.nih.gov/bioproject/?term=PRJNA757599,https://figshare.10.6084/m9.figshare.28869197,
补充条目,Oryza nivara,NA,GCA_000576065.2_OnivRS2_genomic.fna.gz,Oryza_nivara\Oryza_nivara_GCA_000576065.2_OnivRS2_genomic.gtf,OnivRS2,Poales,Poaceae,Commelinids,Monocots,yes,2021/3/10,NA,GCA_000576065.2,NA,395.534265,NA,NA,NA,NA,NA,NA,NA,NA,NA,NA,NA,NA,https://download.cncb.ac.cn/assembly/ncbi/Plants/GCA/000/576/Oryza_nivara_monocots_OnivRS2_GCA_000576065.2/GCA_000576065.2_OnivRS2_genomic.fna.gz,NA,
统计条目,Oryza officinalis,diploid,OSF.genome.fasta,Oo_V1.new.gff3,MT10,Poales,Poaceae,Commelinids,Monocots,yes,2025/5/13,Rice (New York),10.1186/s12284-025-00769-5,587.25,552.58,33813,44480,44040,Illumina;PacBio,HiFi,China,yes,SOAPdenovo2;Hifiasm,NA,ALLHiC,ALLHiC,no,https://osf.io/y4gb5,https://figshare.10.6084/m9.figshare.28869197,
统计条目,Oryza punctata,diploid,GCA_000573905.2_OpunRS2_genomic.fna.gz,GCA_000573905.2_OpunRS2_genomic.gbff.gz,IRGC 105690,Poales,Poaceae,Commelinids,Monocots,yes,2023/3/21,Nature Communications,10.1038/s41467-023-37004-y,423,422.39,NA,18595,18590,PacBio;Illumina,Other TGS,Saudi Arabia,no,Canu;Falcon;Mecat;Genome Puzzle Master,SMRT-Link,NA,NA,no,https://www.ncbi.nlm.nih.gov/bioproject/?term=PRJNA609053,https://figshare.10.6084/m9.figshare.28869197,
统计条目,Oryza rhizomatis,diploid,W-375_genome.fasta,W-375_genome.fasta.gff3,NA,Poales,Poaceae,Commelinids,Monocots,yes,2024/11/18,Nature Communications,10.1038/s41467-024-54427-3,NA,602,44596,NA,45970,PacBio;Illumina,HiFi,China,yes,Hifiasm,NA,NA,3D-DNA;Juicer,no,https://figshare.com/s/32d0ac68cee7f647e1e3,https://figshare.10.6084/m9.figshare.28869197,
统计条目,Oryza ridleyi,tetraploid,GCA_047772315.1_O_ridleyi_genomic.fna.gz,GCA_047772315.1_O_ridleyi_genomic.gbff.gz,(HHJJ)_PRJNA687623,Poales,Poaceae,Commelinids,Monocots,yes,2025/4/28,Nature Genetics,10.1038/s41588-025-02183-5,NA,1202.81,82808,53840,53840,PacBio,Other TGS,Saudi Arabia,no,Mecat2;Canu;Flye,Pilon,Bionano Access;GCPP;Mashmap;HAKMER;RagTag,NA,no,https://www.ncbi.nlm.nih.gov/bioproject/?term=PRJNA687623,https://figshare.10.6084/m9.figshare.28869197,
统计条目,Oryza rufipogon,diploid,wild12.fixed.fa.gz,Oryza_rufipogon\Oryza_rufipogon_GCA_037997075.1_ASM3799707v1_genomic.gtf,wild12,Poales,Poaceae,Commelinids,Monocots,yes,2022/4/8,Genome Research,10.1101/gr.276015.121,499.29,632.55,NA,39320.746,1005.708,ONT;Illumina,Other TGS,China,no,NA,NA,RaGOO,NA,pan-genome,https://cgm.sjtu.edu.cn/TGSrice/index.html,https://figshare.10.6084/m9.figshare.28869197,
统计条目,Oryza sativa,diploid,GCF_034140825.1_ASM3414082v1_genomic.fna.gz,GCF_034140825.1_ASM3414082v1_genomic.gff.gz,Nipponbare;improve,Poales,Poaceae,Commelinids,Monocots,yes,2023/8/7,Molecular Plant,10.1016/j.molp.2023.08.003,430,385.710679,57359,NA,31111,PacBio;ONT;Illumina,HiFi,China,yes,Hifiasm,NA,3D-DNA,3D-DNA,T2T,https://www.ncbi.nlm.nih.gov/bioproject/?term=PRJNA953663,https://figshare.10.6084/m9.figshare.28869197,
统计条目,Oryza sativa ssp. japonica var. Zhonghua 11,diploid,GWHGENG00000000.1.genome.fasta.gz,GWHGENG00000000.1.gff.gz,var. Zhonghua 11,Poales,Poaceae,Commelinids,Monocots,yes,2025/10/13,Plant Communications,10.1016/j.xplc.2025.101463,376.8,377.05,56948,NA,31070,Illumina;PacBio;ONT,HiFi;ONT ultra long,China,yes,Hifiasm,NA,Lachesis,Lachesis,T2T,https://ngdc.cncb.ac.cn/gwh/Assembly/98233/show,https://figshare.10.6084/m9.figshare.28869197,
统计条目,Oryza schlechteri,tetraploid,GCA_048320915.1_ASM4832091v1_genomic.fna.gz,Oryza_schlechteri\Oryza_schlechteri_GCA_048320915.1_ASM4832091v1_genomic.gtf,(KKLL[HHKK])_PRJNA1115974,Poales,Poaceae,Commelinids,Monocots,yes,2025/4/28,Nature Genetics,10.1038/s41588-025-02183-5,NA,674.35,70857,28200,22260,PacBio,Other TGS,Saudi Arabia,no,Mecat2;Canu;Flye,Pilon,Bionano Access;GCPP;Mashmap;HAKMER;RagTag,NA,no,https://www.ncbi.nlm.nih.gov/bioproject/?term=PRJNA1115974,https://figshare.10.6084/m9.figshare.28869197,
统计条目,Otatea glauca,tetraploid,Otatea_glauca.faa,ogl.gff.gz,NA,Poales,Poaceae,Commelinids,Monocots,yes,2024/3/15,Nature Genetics,10.1038/s41588-024-01683-0,1510,1448.63,43141,56749.76,1800.23,ONT,ONT,China,yes,CANU;SMARTdenovo;NextDenovo,Racon;Nextpolish;Pilon,LACHESIS,BWA;HiC-Pro;LACHESIS,pan-genome,JAYEVH000000000,https://figshare.10.6084/m9.figshare.28869197,
统计条目,Panicum hallii,NA,GCA_003061485.1_PhalliiHAL_v2.1_genomic.fna.gz,GCA_003061485.1_PhalliiHAL_v2.1_genomic.gff.gz,HAL2,Poales,Poaceae,Commelinids,Monocots,yes,2018/12/6,Nature Communications,30523281,528,484.6,34396,58200,8300,Illumina;PacBio,Other TGS,USA,no,Mecat,Quiver,NA,NA,no,https://www.ncbi.nlm.nih.gov/datasets/genome/GCA_003061485.1/,https://figshare.10.6084/m9.figshare.28869197,
统计条目,Panicum miliaceum,allotetraploid,AJ8.T2T.fasta.gz,AJ8.gff3.gz,AJ8,Poales,Poaceae,Commelinids,Monocots,yes,2024/6/21,Scientific Data,10.1038/s41597-024-03489-5,NA,834.7,63678,NA,48300,PacBio;ONT,HiFi;ONT ultra long,China,yes,Hifiasm;Falcon,Racon,3D-DNA;Juicer,3D-DNA;Juicer,T2T,https://identifiers.org/ncbi/insdc.sra:SRP482566,https://figshare.10.6084/m9.figshare.28869197,
统计条目,Panicum sumatrense,tetraploid,Psum.JK8.genome_20250509.fasta,Psum.JK8.genes_20250509.gff3,cv.JK-8,Poales,Poaceae,Commelinids,Monocots,yes,2025/11/29,Nature Communications,10.1038/s41467-025-66716-6,832,850,59045,NA,47000,PacBio;ONT,Other TGS,Canada,yes,Hifiasm,NA,EndHiC,HiC-Pro,no,http://www.ncbi.nlm.nih.gov/bioproject/1204366,https://figshare.10.6084/m9.figshare.28869197,
统计条目,Panicum virgatum,allotetraploid,GWHERFR00000000.genome.fasta.gz,Panicum_virgatum\Panicum_virgatum_GCA_016808335.1_P.virgatum_v5_genomic.gtf,Jingji31_hap1_PRJCA023812?,Poales,Poaceae,Commelinids,Monocots,yes,2025/5/14,Genome Biology,10.1186/s13059-025-03604-8,1190,1143.31,79672,67960,27050,PacBio;Illumina,HiFi,China,yes,HiFiasm,NA,Juicer;3D-DNA,Juicer;3D-DNA,no,https://ngdc.cncb.ac.cn/bioproject/browse/PRJCA023812?,https://figshare.10.6084/m9.figshare.28869197,
补充条目,Paspalum notatum,NA,GCA_036689595.1_IICAR_Pnotatum_1.0_genomic.fna.gz,GCA_036689595.1_IICAR_Pnotatum_1.0_genomic.gff.gz,IICAR_Pnotatum_1.0,Poales,Poaceae,Commelinids,Monocots,yes,2024/2/18,NA,GCA_036689595.1,NA,557.812088,NA,NA,NA,NA,NA,NA,NA,NA,NA,NA,NA,NA,https://download.cncb.ac.cn/assembly/ncbi/Plants/GCA/036/689/Paspalum_notatum_var._saurae_Bahia_grass_IICAR_Pnotatum_1.0_GCA_036689595.1/GCA_036689595.1_IICAR_Pnotatum_1.0_genomic.fna.gz,https://download.cncb.ac.cn/assembly/ncbi/Plants/GCA/036/689/Paspalum_notatum_var._saurae_Bahia_grass_IICAR_Pnotatum_1.0_GCA_036689595.1/GCA_036689595.1_IICAR_Pnotatum_1.0_genomic.gff.gz,
统计条目,Paspalum vaginatum,diploid,GCA_026573395.1_P.vaginatum_v3.1_genomic.fna.gz,GCA_026573395.1_P.vaginatum_v3.1_genomic.gff.gz,clone PI 509022,Poales,Poaceae,Commelinids,Monocots,yes,2022/12/13,Nature Communications,10.1038/s41467-022-35507-8,590,646.9,45843,44500,1500,PacBio;Illumina,Other TGS,USA,no,Mecat,Quiver,NA,NA,no,https://www.ncbi.nlm.nih.gov/bioproject/?term=PRJNA234783,https://figshare.10.6084/m9.figshare.28869197,
统计条目,Pennisetum giganteum,tetraploid,Pgi_genome.fasta.gz,Pgi_gene.gff3.gz,NA,Poales,Poaceae,Commelinids,Monocots,yes,2023/7/21,BMC Biology,10.1186/s12915-023-01643-w,1900,2030,85313,NA,88470,PacBio;Illumina,HiFi,China,yes,Hifiasm,NA,3D-DNA,3D-DNA,no,https://figshare.com/articles/dataset/The_genome_assembly_and_annotation_data_of_Pennisetum_giganteum/23118794,https://figshare.10.6084/m9.figshare.28869197,
统计条目,Pennisetum glaucum,diploid,GCA_020739535.1_ASM2073953v1_genomic.fna.gz,PRODUCTION_57_result.gtf,PI526529,Poales,Poaceae,Commelinids,Monocots,yes,2023/3/2,Nature Genetics,10.1038/s41588-023-01302-4,1843.66,1974.39,36451,286980,79180,PacBio;Illumina,HiFi,China,yes,Hifiasm,NA,ALLHIC;BioNano Access,ALLHIC,pan-genome,https://www.ncbi.nlm.nih.gov/bioproject/?term=PRJNA749489,https://figshare.10.6084/m9.figshare.28869197,
统计条目,Pennisetum purpureum,tetraploid,elepant grass genome.fasta,elephant_grass_genome.gff,CIAT6263,Poales,Poaceae,Commelinids,Monocots,yes,2022/3/29,Molecular Ecology Resources,10.1111/1755-0998.13612,2130,2070,77139,8470,2900,ONT;Illumina,Other TGS,China,yes,SMARTdenovo,Pilon,BioNano Access;LACHESIS,LACHESIS,no,https://figshare.com/articles/dataset/elepant_grass_genome_fasta/15058173,https://figshare.10.6084/m9.figshare.28869197,
统计条目,Pharus latifolius,diploid,GCA_019359835.1_ASM1935983v1_genomic.fna.gz,Pharus_latifolius_annos1-cds0-id_typename-nu1-upa1-add_chr0.gid60161.gff,CRB03-4-1,Poales,Poaceae,Commelinids,Monocots,yes,2021/1/25,The Plant Cell,10.1093/plcell/koab015,1034,1002.88,32007,NA,5090,PacBio;Illumina,Other TGS,China,yes,Falcon,Arrow;Pilon,LACHESIS,LACHESIS,no,https://www.ncbi.nlm.nih.gov/datasets/genome/GCA_019359835.1/,https://figshare.10.6084/m9.figshare.28869197,
补充条目,Phleum pratense,NA,GCA_965605815.1_lpPhlPrat1.hap1.1_genomic.fna.gz,Phleum_pratense\Phleum_pratense_GCA_965605815.1_lpPhlPrat1.hap1.1_genomic.gtf,timothy,Poales,Poaceae,Commelinids,Monocots,yes,2025/7/7,NA,GCA_965605815.1,NA,1462.0122,NA,NA,NA,NA,NA,NA,NA,NA,NA,NA,NA,NA,https://download.cncb.ac.cn/assembly/ncbi/Plants/GCA/965/605/Phleum_pratense_timothy_grass_lpPhlPrat1.hap1.1_GCA_965605815.1/GCA_965605815.1_lpPhlPrat1.hap1.1_genomic.fna.gz,NA,
统计条目,Phragmites australis,NA,Phragmites_australis.faa,Phragmites_australis_annos1-cds0-id_typename-nu1-upa1-add_chr0.gid59768.gff,NA,Poales,Poaceae,Commelinids,Monocots,no,2021/12/11,Molecular Ecology Resources,10.1111/mec.16293,1200,1140,64857,NA,194,PacBio;Illumina,Other TGS,USA,no,Canu,NA,NA,NA,no,https://genomevolution.org/coge/SearchResults.pl?s=59768&p=genome,https://figshare.10.6084/m9.figshare.28869197,
统计条目,Phyllostachys edulis,diploid,Bamboo.WGS.genome.fasta.gz,Bamboo.Hic.gff.gz,update,Poales,Poaceae,Commelinids,Monocots,yes,2018/10/1,GigaScience,30202850,2075,1907.6,51074,79900,53.29,Illumina;PacBio,Other TGS,China,yes,ALLPATHS,NA,SSPACE;3D-DNA,3D-DNA,no,http://dx.doi.org/10.5524/100498,https://figshare.10.6084/m9.figshare.28869197,
统计条目,Phyllostachys violascens,tetraploid,GCA_044048585.1_ASM4404858v1_genomic.fna.gz,Phyllostachys_praecox.coding.gene.V1.20230313.gff,JBINAA000000000,Poales,Poaceae,Commelinids,Monocots,yes,2025/5/30,Scientific Data,10.1038/s41597-025-04556-1,NA,2156.14,53558,56476.697,44244.632,PacBio,HiFi,China,yes,Hifiasm,NA,3D-DNA,HiCUP;3D-DNA,no,https://identifiers.org/ncbi/insdc.gca:GCA_044048585.1,https://figshare.10.6084/m9.figshare.28869197,
统计条目,Poa annua,tetraploid,GCA_026929855.1_FRR_PoAnn_1.0_genomic.fna.gz,Poa_annua_annos1-cds0-id_typename-nu1-upa1-add_chr0.gid63982.gff,PI 595837,Poales,Poaceae,Commelinids,Monocots,yes,2022/12/28,Genome Biology and Evolution,10.1093/gbe/evac180,1780,1780,76420,112000,65000,PacBio,HiFi,USA,yes,Hifiasm,NA,HiRise,HiRise,no,https://www.ncbi.nlm.nih.gov/datasets/genome/GCA_026929855.1/,https://figshare.10.6084/m9.figshare.28869197,
补充条目,Poa arachnifera,NA,GCA_047665955.1_ARS_Parac_0.1_genomic.fna.gz,Poa_arachnifera\Poa_arachnifera_GCA_047665955.1_ARS_Parac_0.1_genomic.gtf,ARS_Parac_0.1,Poales,Poaceae,Commelinids,Monocots,no,2025/2/11,NA,GCA_047665955.1,NA,6632.030032,NA,NA,NA,NA,NA,NA,NA,NA,NA,NA,NA,NA,https://download.cncb.ac.cn/assembly/ncbi/Plants/GCA/047/665/Poa_arachnifera_Texas_bluegrass_ARS_Parac_0.1_GCA_047665955.1/GCA_047665955.1_ARS_Parac_0.1_genomic.fna.gz,NA,
补充条目,Poa chaixii,NA,GCA_964215705.1_lpPoaChai1.hap1.1_genomic.fna.gz,Poa_chaixii\Poa_chaixii_GCA_964215705.1_lpPoaChai1.hap1.1_genomic.gtf,lpPoaChai1.hap1.1,Poales,Poaceae,Commelinids,Monocots,yes,2024/8/27,NA,GCA_964215705.1,NA,1422.738331,NA,NA,NA,NA,NA,NA,NA,NA,NA,NA,NA,NA,https://download.cncb.ac.cn/assembly/ncbi/Plants/GCA/964/215/Poa_chaixii_monocots_lpPoaChai1.hap1.1_GCA_964215705.1/GCA_964215705.1_lpPoaChai1.hap1.1_genomic.fna.gz,NA,
统计条目,Poa infirma,diploid,GCA_040144145.1_PSU_Pinf_1_genomic.fna.gz,Poa_infirma\Poa_infirma_GCA_040144145.1_PSU_Pinf_1_genomic.gtf,NA,Poales,Poaceae,Commelinids,Monocots,yes,2023/6/26,BMC Genomics,10.1186/s12864-023-09456-5,1130,1125,39420,NA,NA,PacBio,HiFi,USA,yes,Hifiasm,NA,HiRise,HiRise,no,https://www.ncbi.nlm.nih.gov/bioproject/?term=PRJNA938153,https://figshare.10.6084/m9.figshare.28869197,
统计条目,Poa pratensis,octoploid,GCA_947311845.1_Poa_pratensis_v1_genomic.fna.gz,Poa_pratensis\Poa_pratensis_GCA_947311845.1_Poa_pratensis_v1_genomic.gtf,NA,Poales,Poaceae,Commelinids,Monocots,no,2023/4/1,G3-Genes Genomes Genetics,10.1093/g3journal/jkad073,3521,6090,256281,65127.037,1095,PacBio;Illumina,Other TGS,USA,no,Canu,NA,BioNano Access,NA,no,https://www.ncbi.nlm.nih.gov/datasets/genome/GCA_947311845.1/,https://figshare.10.6084/m9.figshare.28869197,
统计条目,Poa supina,diploid,GCA_040143895.1_PSU_Psup_1_genomic.fna.gz,Poa_supina\Poa_supina_GCA_040143895.1_PSU_Psup_1_genomic.gtf,cultivar ‘Supranova,Poales,Poaceae,Commelinids,Monocots,yes,2023/6/26,BMC Genomics,10.1186/s12864-023-09456-5,640,636,37935,NA,NA,PacBio,HiFi,USA,yes,HiCanu,NA,HiRise,HiRise,no,https://www.ncbi.nlm.nih.gov/bioproject/?term=PRJNA938153,https://figshare.10.6084/m9.figshare.28869197,
补充条目,Poaceae sp.,NA,GCA_029299655.1_ASM2929965v1_genomic.fna.gz,PRODUCTION_58_result.gtf,ASM2929965v1,Poales,Poaceae,Commelinids,Monocots,no,2023/3/20,NA,GCA_029299655.1,NA,5.805711,NA,NA,NA,NA,NA,NA,NA,NA,NA,NA,NA,NA,https://download.cncb.ac.cn/assembly/ncbi/Plants/GCA/029/299/Poaceae_sp._monocots_ASM2929965v1_GCA_029299655.1/GCA_029299655.1_ASM2929965v1_genomic.fna.gz,NA,
补充条目,Polypogon viridis,NA,GCA_964234905.1_lpPolViri1.hap1.1_genomic.fna.gz,Polypogon_viridis\Polypogon_viridis_GCA_964234905.1_lpPolViri1.hap1.1_genomic.gtf,water bent grass,Poales,Poaceae,Commelinids,Monocots,yes,2024/8/31,NA,GCA_964234905.1,NA,2854.047,NA,NA,NA,NA,NA,NA,NA,NA,NA,NA,NA,NA,https://download.cncb.ac.cn/assembly/ncbi/Plants/GCA/964/234/Polypogon_viridis_water_bent_grass_lpPolViri1.hap1.1_GCA_964234905.1/GCA_964234905.1_lpPolViri1.hap1.1_genomic.fna.gz,NA,
补充条目,Puccinellia chinampoensis,NA,GCA_052935025.1_ASM5293502v1_genomic.fna.gz,PRODUCTION_59_result.gtf,ASM5293502v1,Poales,Poaceae,Commelinids,Monocots,no,2025/10/1,NA,GCA_052935025.1,NA,1444.064726,NA,NA,NA,NA,NA,NA,NA,NA,NA,NA,NA,NA,https://download.cncb.ac.cn/assembly/ncbi/Plants/GCA/052/935/Puccinellia_chinampoensis_monocots_ASM5293502v1_GCA_052935025.1/GCA_052935025.1_ASM5293502v1_genomic.fna.gz,https://download.cncb.ac.cn/assembly/ncbi/Plants/GCA/052/935/Puccinellia_chinampoensis_monocots_ASM5293502v1_GCA_052935025.1/GCA_052935025.1_ASM5293502v1_genomic.gff.gz,
统计条目,Puccinellia tenuiflora,NA,GWHABKT00000000.genome.fasta.gz,Ptenuiflora_genome_V1.gff3.gz,NA,Poales,Poaceae,Commelinids,Monocots,yes,2020/3/12,Science China Life Sciences,32180108,1500,1500,38387,1460,NA,Illumina;PacBio,Other TGS,China,yes,wtdbg,Arrow;Pilon,ARKS;LINKS;ALLMAPS;LACHESIS,LACHESIS,no,https://ngdc.cncb.ac.cn/search/?dbId=gwh&q=PRJCA002121&page=1,https://figshare.10.6084/m9.figshare.28869197,
统计条目,Raddia distichophylla,diploid,GWHAAKD00000000.genome.fasta.gz,GWHAAKD00000000.gff.gz,NA,Poales,Poaceae,Commelinids,Monocots,no,2021/1/6,G3-Genes Genomes Genetics,10.1093/g3journal/jkaa049,589,589,30763,1810,86.36,Illumina,NGS,China,no,Platanus,NA,SSPACE,NA,no,https://ngdc.cncb.ac.cn/gwh/Assembly/265/show,https://figshare.10.6084/m9.figshare.28869197,
统计条目,Raddia guianensis,diploid,Raddia_guianensis.faa,rgu.gff.gz,NA,Poales,Poaceae,Commelinids,Monocots,yes,2024/3/15,"Ma et al., Genome assemblies of 11 bamboo species highlight diversification induced by dynamic subgenome dominance. Nature Genetics. 2024",10.1038/s41588-024-01683-0,630,612.6,27496,56583.07,3353.32,ONT,ONT,China,yes,CANU;SMARTdenovo;NextDenovo,Racon;Nextpolish;Pilon,LACHESIS,BWA;HiC-Pro;LACHESIS,pan-genome,JAYEVC000000000,https://figshare.10.6084/m9.figshare.28869197,
补充条目,Rhipidocladum racemiflorum,NA,GCA_036346355.1_KIB_Rrac_1_genomic.fna.gz,Rhipidocladum_racemiflorum\Rhipidocladum_racemiflorum_GCA_036346355.1_KIB_Rrac_1_genomic.gtf,Arthrostylidium racemiflorum,Poales,Poaceae,Commelinids,Monocots,yes,2024/2/2,NA,GCA_036346355.1,NA,1711.7883,NA,NA,NA,NA,NA,NA,NA,NA,NA,NA,NA,NA,https://download.cncb.ac.cn/assembly/ncbi/Plants/GCA/036/346/Rhipidocladum_racemiflorum_monocots_KIB_Rrac_1_GCA_036346355.1/GCA_036346355.1_KIB_Rrac_1_genomic.fna.gz,NA,
统计条目,Roegneria kamoji,hexaploid,Roegneria_kamoji.fa.gz,Roegneria_kamoji.gff3,Pr 87-88 353,Poales,Poaceae,Commelinids,Monocots,yes,2025/8/18,Nature Communications,10.1038/s41467-025-63007-y,11260,11140,135450,524.38,116.86,BGI;PacBio,HiFi,China,yes,Hifiasm,NA,ALLHiC,HiCUP,no,https://doi.org/10.5281/zenodo.15412758,https://figshare.10.6084/m9.figshare.28869197,
补充条目,Rostraria azorica,NA,GCA_047404555.1_ASM4740455v1_genomic.fna.gz,Rostraria_azorica\Rostraria_azorica_GCA_047404555.1_ASM4740455v1_genomic.gtf,NA,Poales,Poaceae,Commelinids,Monocots,no,2025/2/4,NA,GCA_047404555.1,NA,1075.3415,NA,NA,NA,NA,NA,NA,NA,NA,NA,NA,NA,NA,https://download.cncb.ac.cn/assembly/ncbi/Plants/GCA/047/404/Rostraria_azorica_monocots_ASM4740455v1_GCA_047404555.1/GCA_047404555.1_ASM4740455v1_genomic.fna.gz,NA,
统计条目,Saccharum hybrid cultivar,NA,GWHEQVP00000000.genome.fasta.gz,GWHEQVP00000000.gff.gz,ZZ1,Poales,Poaceae,Commelinids,Monocots,yes,2024/4/8,Nature Communications,10.1038/s41467-024-47390-6,9000,10400,68509,81000,NA,PacBio,HiFi,China,yes,Hifiasm,NA,NA,3D-DNA;ALLHIC,no,https://ngdc.cncb.ac.cn/gwh/Assembly/83532/show,https://figshare.10.6084/m9.figshare.28869197,
统计条目,Saccharum longisetosum,tetraploid,GWHFPVA00000000.1.genome.fasta.gz,GWHFPVA00000000.1.gff.gz,NA,Poales,Poaceae,Commelinids,Monocots,yes,2025/10/13,Plant Communications,10.1016/j.xplc.2025.101464,1740,1992,27153,NA,94860,Illumina;PacBio,HiFi,China,yes,Hifiasm,NA,Juicebox,Juicebox,no,https://ngdc.cncb.ac.cn/gwh/Assembly/92163/show,https://ngdc.cncb.ac.cn/gwh/Assembly/92163/show,
统计条目,Saccharum officinarum,octoploid,So_SXGZ_t2tmonoploid.genome.fasta.gz,So_SXGZ_t2tmonoploid.gff3.gz,XZ_Haplotype-resolved Genome,Poales,Poaceae,Commelinids,Monocots,yes,2026/5/27,Nature,10.1038/s41586-026-10576-7,NA,1150,39355,NA,NA,NA,NA,China,no,NA,NA,C-Phasing,NA,T2T,https://figshare.com/s/e79249d6ce11539fa105,https://figshare.com/s/e79249d6ce11539fa105,
统计条目,Saccharum officinarum×Saccharum spontaneum,NA,GCA_042768165.1_ASM4276816v1_genomic.fna.gz,Saccharum_hybrid_cultivar_GCA_042768165.1_ASM4276816v1_genomic.gtf ,XTT22,Poales,Poaceae,Commelinids,Monocots,yes,2025/1/3,Nature Genetics,10.1038/s41588-024-02033-w,10500,9279.917062,44792,88062.097,507.987,PacBio;Illumina,HiFi,China,yes,Hifiasm;Canu,NA,ALLHIC,ALLHiC;RagTag;3D-DNA,no,https://ngdc.cncb.ac.cn/gwh/ncbi_assembly/2874995/show,https://figshare.10.6084/m9.figshare.28869197,
统计条目,Saccharum spontaneum,tetraploid,Ss_82-114_t2tmonoploid.genome.fasta.gz,Ss_82-114_t2tmonoploid.gff3.gz,82-114_Haplotype-resolved Genome,Poales,Poaceae,Commelinids,Monocots,yes,2026/5/27,Nature,10.1038/s41586-026-10576-7,NA,802,34010,NA,NA,NA,NA,China,no,NA,NA,C-Phasing,NA,T2T,https://figshare.com/s/e79249d6ce11539fa105,https://figshare.com/s/e79249d6ce11539fa105,
统计条目,Saccharum spp.,complex polyploid?,Sh_POJ2878_v1.genome.fasta.gz,Sh_POJ2878_v1.gff3.gz,POJ2878,Poales,Poaceae,Commelinids,Monocots,yes,2026/5/27,Nature,10.1038/s41586-026-10576-7,10000,10370,63933,84320,15600,PacBio;ONT;Pore-C,HiFi;ONT ultra long,China,no,Hifiasm,NA,C-Phasing,NA,no,https://figshare.com/s/e79249d6ce11539fa105,https://figshare.com/s/e79249d6ce11539fa105,
统计条目,Saccharum x sp.,NA,GCA_028892925.1_ASM2889292v1_genomic.fna.gz,PRODUCTION_60_result.gtf,KK3,Poales,Poaceae,Commelinids,Monocots,yes,2022/11/28,Scientific Reports,10.1038/s41598-022-24823-0,10800,7000,242406,NA,83,PacBio,Other TGS,Thailand,yes,Canu,Quiver,ALLHIC,ALLHIC,no,https://www.ncbi.nlm.nih.gov/datasets/genome/GCA_028892925.1/,https://figshare.10.6084/m9.figshare.28869197,
统计条目,Secale cereale,diploid,GCA_016097815.1_HAU_Weining_v1.0_genomic.fna.gz,GWHASIY00000000.gff.gz,WN,Poales,Poaceae,Commelinids,Monocots,yes,2021/3/18,Nature Genetics,10.1038/s41588-021-00808-z,7860,7740,86991,1040000,480.35,PacBio;Illumina,Other TGS,China,yes,Falcon;wtdbg;Mecat,Pilon,LACHESIS,LACHESIS,no,https://www.ncbi.nlm.nih.gov/bioproject/?term=JADQCU000000000,https://figshare.10.6084/m9.figshare.28869197,
统计条目,Setaria italica,NA,Yugu1_T2T.genome.fa.gz,Yugu1_T2T_v1.0.gff3.gz,Yugu1,Poales,Poaceae,Commelinids,Monocots,yes,2024/1/5,"He et al., A complete reference genome assembly for foxtail millet and Setaria-db, a comprehensive database for Setaria. Molecular Plant. 2024",10.1016/j.molp.2023.12.017,NA,422.47,43310,50026.84,50026.84,PacBio;ONT;Illumina,HiFi;ONT ultralong;NGS,China,yes,Hifiasm,Racon,3D-DNA;Juicer,3D-DNA;Juicer,T2T,http://111.203.21.71:8000/download.html,https://figshare.10.6084/m9.figshare.28869197,
统计条目,Setaria viridis,diploid,GCF_005286985.2_Setaria_viridis_v4.0_genomic.fna.gz,GCF_005286985.2_Setaria_viridis_v4.0_genomic.gff.gz,Cultivar A10,Poales,Poaceae,Commelinids,Monocots,yes,2020/10/5,Nature Biotechnology,33020633,401,395,38334,46700,11200,Illumina;PacBio,Other TGS,USA,no,Mecat,Quiver,NA,NA,pan-genome,https://www.ncbi.nlm.nih.gov/datasets/genome/GCF_005286985.1/,https://figshare.10.6084/m9.figshare.28869197,
统计条目,Sorghum bicolor,diploid,HYZ_Chromosome.fa.gz,SbiHYZv1.gff3.gz,HYZ,Poales,Poaceae,Commelinids,Monocots,yes,2024/6/10,Plant Communications,10.1016/j.xplc.2024.100933,NA,724.37,43912,70870,70870,Pacbio;ONT,HiFi;ONT Ultra-long,China,yes,Hifiasm,NA,NA,NA,T2T,http://sorghum.org.cn/download/Chromosome/HYZ_Chromosome.fa.gz,http://sorghum.org.cn/download/Gene/HYZ/SbiHYZv1.gff3.gz,
统计条目,Sorghum propinquum,NA,S369-1.genome.fa.gz,PRODUCTION_61_result.gtf,S369-1,Poales,Poaceae,Commelinids,Monocots,yes,2021/5/20,Nature Plants,10.1038/s41477-021-00925-x,682.16,549.29,32176,327.824,288.992,PacBio;Illumina,Other TGS,Australia,yes,Platanus,Pilon,SSPACE;LACHESIS,LACHESIS,pan-genome,https://db.cngb.org/search/?q=+CNP0001440,https://figshare.10.6084/m9.figshare.28869197,
补充条目,Sorghum purpureosericeum,NA,GCA_964647645.1_SpuB_v1.0_genomic.fna.gz,Sorghum_purpureosericeum\Sorghum_purpureosericeum_GCA_964647645.1_SpuB_v1.0_genomic.gtf,SpuB_v1.0,Poales,Poaceae,Commelinids,Monocots,no,2025/12/7,NA,GCA_964647645.1,NA,2820.353469,NA,NA,NA,NA,NA,NA,NA,NA,NA,NA,NA,NA,https://download.cncb.ac.cn/assembly/ncbi/Plants/GCA/964/647/Sorghum_purpureosericeum_monocots_SpuB_v1.0_GCA_964647645.1/GCA_964647645.1_SpuB_v1.0_genomic.fna.gz,NA,
补充条目,Sorghum virgatum,NA,GCA_051168655.1_Sorghum_virgatum_1.0_genomic.fna.gz,Sorghum_virgatum\Sorghum_virgatum_GCA_051168655.1_Sorghum_virgatum_1.0_genomic.gtf,Sorghum_virgatum_1.0,Poales,Poaceae,Commelinids,Monocots,yes,2025/7/1,NA,GCA_051168655.1,NA,781.40328,NA,NA,NA,NA,NA,NA,NA,NA,NA,NA,NA,NA,https://download.cncb.ac.cn/assembly/ncbi/Plants/GCA/051/168/Sorghum_virgatum_monocots_Sorghum_virgatum_1.0_GCA_051168655.1/GCA_051168655.1_Sorghum_virgatum_1.0_genomic.fna.gz,NA,
统计条目,Spartina alterniflora,NA,GWHCBIM00000000.genome.fasta.gz,GWHCBIM00000000.gff.gz,NA,Poales,Poaceae,Commelinids,Monocots,yes,2024/1/13,Plant Communications,10.1016/j.xplc.2024.100820,1710,1630,73711,NA,28250,PacBio;ONT,ONT,China,yes,Hifiasm,NA,NA,LACHESIS,no,https://ngdc.cncb.ac.cn/gwh/Assembly/37820/show,https://figshare.10.6084/m9.figshare.28869197,
统计条目,Spinifex sericeus,diploid,GCA_055683245.1_SpSer_hap2_1.0_genomic.fna.gz,SpSer1.0_gemoma_annotation_hap2.gff,haplotype2,Poales,Poaceae,Commelinids,Monocots,yes,2026/2/27,Genome Biology and Evolution,10.1093/gbe/evag044,2600(all),2039,47400,232667,186000,PacBio;ONT;Illumina,HiFi;ONT ultra long,Australia,yes,Hifiasm,NA,YaHS,YaHS;HiC?Pro,no,https://ftp.ncbi.nlm.nih.gov/genomes/all/GCA/055/683/245/GCA_055683245.1_SpSer_hap2_1.0/GCA_055683245.1_SpSer_hap2_1.0_genomic.fna.gz,https://doi.org/10.25919/eh42-6453,
补充条目,Spodiopogon sagittifolius,NA,GCA_040448445.1_Spodiopogon_sagittifolius_genomic.fna.gz,GCA_040448445.1_Spodiopogon_sagittifolius_genomic.gbff.gz,NA,Poales,Poaceae,Commelinids,Monocots,yes,2024/7/2,NA,GCA_040448445.1,NA,815.1433,NA,NA,NA,NA,NA,NA,NA,NA,NA,NA,NA,NA,https://download.cncb.ac.cn/assembly/ncbi/Plants/GCA/040/448/Spodiopogon_sagittifolius_monocots_Spodiopogon_sagittifolius_GCA_040448445.1/GCA_040448445.1_Spodiopogon_sagittifolius_genomic.fna.gz,NA,
补充条目,Sporobolus alterniflorus,NA,GCA_048128665.1_ASM4812866v1_genomic.fna.gz,Sporobolus_alterniflorus\Sporobolus_alterniflorus_GCA_048128665.1_ASM4812866v1_genomic.gtf,ASM4812866v1,Poales,Poaceae,Commelinids,Monocots,yes,2025/2/28,NA,GCA_048128665.1,NA,1698.702275,NA,NA,NA,NA,NA,NA,NA,NA,NA,NA,NA,NA,https://download.cncb.ac.cn/assembly/ncbi/Plants/GCA/048/128/Sporobolus_alterniflorus_smooth_cordgrass_ASM4812866v1_GCA_048128665.1/GCA_048128665.1_ASM4812866v1_genomic.fna.gz,NA,
统计条目,Sporobolus maritimus,tetraploid,Sporobolus_maritimus_v1.0.fa.gz,Spo_maritimus_gene_annotation.gff3.gz,NA,Poales,Poaceae,Commelinids,Monocots,yes,2025/2/26,Nature Communications,10.1038/s41467-025-56983-8,1795,1595,79568,NA,34700,ONT;Illumina,Othre TGS,France,no,Flye,Racon;Pilon;Hapo-G,Bionano Solve,NA,no,https://figshare.com/projects/Sporobolus_mariitimus_genome_annotation/235733,https://figshare.10.6084/m9.figshare.28869197,
统计条目,Sporobolus pyramidalis,hexaploid,Sporobolus_pyramidalis.faa,Sporobolus_pyramidalis_annos1-cds0-id_typename-nu1-upa1-add_chr0.gid54807.gff,NA,Poales,Poaceae,Commelinids,Monocots,yes,2022/2/1,PNAS,10.1073/pnas.2118886119,1826,1055,51207,21600,NA,PacBio;Illumina,Other TGS,Mexico,yes,Meraculous,NA,HiRise,HiRise,no,https://genomevolution.org/coge/GenomeInfo.pl?gid=54807,https://figshare.10.6084/m9.figshare.28869197,
统计条目,Sporobolus stapfianus,tetraploid,Sporobolus_stapfianus_Resurrection_Grass.faa,Sporobolus_stapfianus_Resurrection_Grass_annos1-cds0-id_typename-nu1-upa1-add_chr0.gid54805.gff,NA,Poales,Poaceae,Commelinids,Monocots,yes,2022/2/1,PNAS,10.1073/pnas.2118886119,1354,1080,52808,19400,NA,PacBio;Illumina,Other TGS,Mexico,yes,Meraculous,NA,HiRise,HiRise,no,https://genomevolution.org/coge/GenomeInfo.pl?gid=54805,https://figshare.10.6084/m9.figshare.28869197,
统计条目,Stenotaphrum secundatu,diploid,Ssecundatumvar_RaleighHap1_961_v1.fa.gz,PRODUCTION_62_result.gtf,Raleigh'_primary haplotype,Poales,Poaceae,Commelinids,Monocots,yes,2026/3/23,The Plant Genome,10.1002/tpg2.70144,500,455.27,33836,53133,12064,PacBio;Illumina,HiFi,USA,yes,Hifiasm;HiCanu,Pilon,ALLMAPS,Juicer;3D-DNA,no,https://phytozome-next.jgi.doe.gov/info/961,https://phytozome-next.jgi.doe.gov/info/961,
统计条目,Stipa capillata,NA,GCA_019208055.1_TSU_Scap_1_genomic.fna.gz,GCA_019208055.1_TSU_Scap_1_genomic.gbff.gz,NA,Poales,Poaceae,Commelinids,Monocots,no,2021/7/28,Scientific Reports,10.1038/s41598-021-94068-w,1000,1004,81224,NA,351,PacBio;Illumina,Other TGS,Poland,no,Flye;Falcon,NA,RagTag,NA,no,https://www.ncbi.nlm.nih.gov/datasets/genome/GCA_019208055.1/,https://figshare.10.6084/m9.figshare.28869197,
补充条目,Stipagrostis hirtigluma subsp. patula,NA,GCA_050613795.1_ASM5061379v1_genomic.fna.gz,GCA_050613795.1_ASM5061379v1_genomic.gff.gz,NA,Poales,Poaceae,Commelinids,Monocots,no,2025/5/29,NA,GCA_050613795.1,NA,612.2239,NA,NA,NA,NA,NA,NA,NA,NA,NA,NA,NA,NA,https://download.cncb.ac.cn/assembly/ncbi/Plants/GCA/050/613/Stipagrostis_hirtigluma_subsp._patula_monocots_ASM5061379v1_GCA_050613795.1/GCA_050613795.1_ASM5061379v1_genomic.fna.gz,https://download.cncb.ac.cn/assembly/ncbi/Plants/GCA/050/613/Stipagrostis_hirtigluma_subsp._patula_monocots_ASM5061379v1_GCA_050613795.1/GCA_050613795.1_ASM5061379v1_genomic.gff.gz,
补充条目,Streptochaeta angustifolia,NA,GCA_020804685.1_ISU_Sangustifolia_v1_genomic.fna.gz,GCA_020804685.1_ISU_Sangustifolia_v1_genomic.gbff.gz,NA,Poales,Poaceae,Commelinids,Monocots,no,2021/11/8,NA,GCA_020804685.1,NA,1797.8475,NA,NA,NA,NA,NA,NA,NA,NA,NA,NA,NA,NA,https://download.cncb.ac.cn/assembly/ncbi/Plants/GCA/020/804/Streptochaeta_angustifolia_monocots_ISU_Sangustifolia_v1_GCA_020804685.1/GCA_020804685.1_ISU_Sangustifolia_v1_genomic.fna.gz,NA,
补充条目,Themeda triandra,NA,GCA_018135685.1_ASM1813568v1_genomic.fna.gz,GCA_018135685.1_ASM1813568v1_genomic.gbff.gz,NA,Poales,Poaceae,Commelinids,Monocots,no,2021/4/26,NA,GCA_018135685.1,NA,889.2015,NA,NA,NA,NA,NA,NA,NA,NA,NA,NA,NA,NA,https://download.cncb.ac.cn/assembly/ncbi/Plants/GCA/018/135/Themeda_triandra_kangaroo_grass_ASM1813568v1_GCA_018135685.1/GCA_018135685.1_ASM1813568v1_genomic.fna.gz,NA,
统计条目,Thinopyrum elongatum,diploid,GWHABKY00000000.genome.fasta.gz,GWHABKY00000000.gff.gz,NA,Poales,Poaceae,Commelinids,Monocots,yes,2020/4/20,Science,32273397,4780,4580,44474,73240,2150,Illumina;PacBio,Other TGS,China,yes,DeNovoMAGIC,NA,NA,NA,no,https://ngdc.cncb.ac.cn/search/?dbId=gwh&q=GWHABKY00000000&page=1,https://figshare.10.6084/m9.figshare.28869197,
统计条目,Thinopyrum intermedium,hexaploid,GCA_050657015.1_SDAU_Thin_1.0_genomic.fna.gz,GCA_050657015.1_SDAU_Thin_1.0_genomic.gbff.gz,PI 440031,Poales,Poaceae,Commelinids,Monocots,yes,2025/8/18,Nature Communications,10.1038/s41467-025-66583-1,11750,10890,133758,495770,NA,PacBio,HiFi,China,yes,Hifiasm,NA,ALLHIC,ALLHIC,no,https://www.ncbi.nlm.nih.gov/bioproject/PRJNA1235488/,https://figshare.10.6084/m9.figshare.28869197,
补充条目,Thinopyrum obtusiflorum,NA,GCA_036873465.1_4AgS_genomic.fna.gz,Thinopyrum_obtusiflorum\Thinopyrum_obtusiflorum_GCA_036873465.1_4AgS_genomic.gtf,4AgS,Poales,Poaceae,Commelinids,Monocots,no,2024/2/26,NA,GCA_036873465.1,NA,239.720355,NA,NA,NA,NA,NA,NA,NA,NA,NA,NA,NA,NA,https://download.cncb.ac.cn/assembly/ncbi/Plants/GCA/036/873/Thinopyrum_obtusiflorum_monocots_4AgS_GCA_036873465.1/GCA_036873465.1_4AgS_genomic.fna.gz,NA,
统计条目,Thyrsostachys siamensis,hexaploid,GCA_051168815.1_ASM5116881v1_genomic.fna.gz,GCA_051168815.1_ASM5116881v1_genomic.gbff.gz,NA,Poales,Poaceae,Commelinids,Monocots,yes,2025/11/17,GigaScience,10.1093/gigascience/giaf142,1247,1140,59683,1945,320,BGI,Other TGS,Thailand,yes,stLFRdenovo,NA,RagTag,HiRise;BWA,no,https://www.ncbi.nlm.nih.gov/nuccore/JBEFOJ000000000,https://figshare.10.6084/m9.figshare.28869197,
补充条目,Thysanolaena latifolia,NA,GWHFHFW00000000.1.genome.fasta.gz,GWHFHFW00000000.1.gff.gz,"Asian broom grass, tiger grass",Poales,Poaceae,Commelinids,Monocots,yes,2024/11/7,NA,GWHFHFW00000000.1,NA,713.2084,NA,NA,NA,NA,NA,NA,NA,NA,NA,NA,NA,NA,https://download.cncb.ac.cn/gwh/Plants/Thysanolaena_latifolia_thlat_v1.2_GWHFHFW00000000.1/GWHFHFW00000000.1.genome.fasta.gz,https://download.cncb.ac.cn/gwh/Plants/Thysanolaena_latifolia_thlat_v1.2_GWHFHFW00000000.1/GWHFHFW00000000.1.gff.gz,
补充条目,Tripidium arundinaceum,NA,GCA_030439765.1_ASM3043976v1_genomic.fna.gz,GCA_030439765.1_ASM3043976v1_genomic.gbff.gz,NA,Poales,Poaceae,Commelinids,Monocots,no,2023/7/12,NA,GCA_030439765.1,NA,70.8896,NA,NA,NA,NA,NA,NA,NA,NA,NA,NA,NA,NA,https://download.cncb.ac.cn/assembly/ncbi/Plants/GCA/030/439/Tripidium_arundinaceum_monocots_ASM3043976v1_GCA_030439765.1/GCA_030439765.1_ASM3043976v1_genomic.fna.gz,NA,
统计条目,Triticum aestivum,hexaploid,GWHEQUO00000000.genome.fasta.gz,GWHEQUO00000000.gff.gz,JM44,Poales,Poaceae,Commelinids,Monocots,yes,2026/5/7,Nature Plants,10.1038/s41477-026-02288-7,14900,14440,269249,721150,43050,PacBio;Illumina,HiFi,China,yes,Hifiasm,pbmm2;BWA,3D-DNA,NA,no,https://download.cncb.ac.cn/gwh/Plants/Triticum_aestivum_JM44_v1.0_GWHEQUO00000000/GWHEQUO00000000.genome.fasta.gz,https://download.cncb.ac.cn/gwh/Plants/Triticum_aestivum_JM44_v1.0_GWHEQUO00000000/GWHEQUO00000000.gff.gz,
补充条目,Triticum dicoccoides,NA,GCF_002162155.2_WEW_v2.1_genomic.fna.gz,GCF_002162155.2_WEW_v2.1_genomic.gff.gz,WEW_v2.1,Poales,Poaceae,Commelinids,Monocots,yes,2019/2/4,NA,GCF_002162155.2,NA,10677.09775,NA,NA,NA,NA,NA,NA,NA,NA,NA,NA,NA,NA,https://download.cncb.ac.cn/assembly/ncbi/Plants/GCF/002/162/Triticum_dicoccoides_wild_emmer_wheat_WEW_v2.1_GCF_002162155.2/GCF_002162155.2_WEW_v2.1_genomic.fna.gz,https://download.cncb.ac.cn/assembly/ncbi/Plants/GCF/002/162/Triticum_dicoccoides_wild_emmer_wheat_WEW_v2.1_GCF_002162155.2/GCF_002162155.2_WEW_v2.1_genomic.gff.gz,
统计条目,Triticum monococcum,diploid,GWHCBHO00000000.1.genome.fasta.gz,GWHCBHO00000000.1.gff.gz,PI 306540,Poales,Poaceae,Commelinids,Monocots,yes,2023/11/17,Plant Communications,10.1016/j.xplc.2023.100768,5280,5110,53168,728660,131200,PacBio;Illumina,HiFi,China,yes,Hifiasm,NA,3D-DNA,3D-DNA,T2T,https://ngdc.cncb.ac.cn/search/?dbId=gwh&q=PRJCA016389&page=1,https://doi.org/10.6084/m9.figshare.25282654,
统计条目,Triticum timopheevii,allotetraploid,Timopheevii.final.pm.oriented.fasta.gz,Timopheevii.final.pm.oriented.gff3,NA,Poales,Poaceae,Commelinids,Monocots,yes,2024/4/23,Scientific Data,10.1038/s41597-024-03260-w,9460,9350,166325,671191,42400,PacBio,HiFi,UK,yes,Hifiasm,NA,SALSA,NA,no,https://doi.org/10.5061/dryad.mpg4f4r6p,https://doi.org/10.5061/dryad.mpg4f4r6p,
统计条目,Triticum turgidum,tetraploid,GCA_051168695.1_HAU_Langdon_genomic.fna.gz,GCA_051168695.1_HAU_Langdon_genomic.gbff.gz,ssp.durum cultivar Langdon,Poales,Poaceae,Commelinids,Monocots,yes,2025/8/6,Scientific Data,10.1038/s41597-025-05724-z,11020,10470,68342,751300,41180,PacBio,HiFi,China,yes,Hifiasm,SMRT-Link,NA,Juicer,no,https://www.ncbi.nlm.nih.gov/nuccore/JBPDJC000000000,https://doi.org/10.5061/dryad.mpg4f4r6p,
统计条目,Triticum urartu,diploid,WheatTu.genome.fasta.gz,WheatTu.gene.gff,update G1812,Poales,Poaceae,Commelinids,Monocots,yes,2018/5/9,Nature,29743678,4940,4940,41507,3670,344,Illumina;PacBio,Other TGS,China,no,MaSuRCA;Celera Assembler,NA,SSPACE,NA,no,https://www.mbkbase.org/Tu/,https://doi.org/10.5061/dryad.mpg4f4r6p,
统计条目,Tuctoria greenei,diploid,GCA_036927565.1_lpTucGree1.0.hap1_genomic.fna.gz,GCA_036927565.1_lpTucGree1.0.hap1_genomic.gbff.gz,haplotype 1,Poales,Poaceae,Commelinids,Monocots,yes,2025/10/22,Journal of  Heredity,10.1093/jhered/esaf084,NA,2595.92,33566 (diploid),216090,3223,PacBio,Other TGS,USA,yes,Hifiasm,NA,SALSA,SALSA,no,https://www.ncbi.nlm.nih.gov/nuccore/JAYESD000000000,https://doi.org/10.5061/dryad.mpg4f4r6p,
补充条目,Urochloa decumbens,NA,GCA_964030465.3_lpUroDecu1.2_genomic.fna.gz,GCA_964030465.3_lpUroDecu1.2_genomic.gff.gz,lpUroDecu1.2,Poales,Poaceae,Commelinids,Monocots,yes,2024/10/28,NA,GCA_964030465.3,NA,2879.772915,NA,NA,NA,NA,NA,NA,NA,NA,NA,NA,NA,NA,https://download.cncb.ac.cn/assembly/ncbi/Plants/GCA/964/030/Urochloa_decumbens_monocots_lpUroDecu1.2_GCA_964030465.3/GCA_964030465.3_lpUroDecu1.2_genomic.fna.gz,https://download.cncb.ac.cn/assembly/ncbi/Plants/GCA/964/030/Urochloa_decumbens_monocots_lpUroDecu1.2_GCA_964030465.3/GCA_964030465.3_lpUroDecu1.2_genomic.gff.gz,
统计条目,Urochloa humidicola,octoploid,GCA_965614515.1_Urohumi_v2_genomic.fna.gz,GCA_965614515.1_Urohumi_v2_genomic.gff.gz,cv. Tully/'Pasto humidicola' / 'Chetumal',Poales,Poaceae,Commelinids,Monocots,yes,2026/2/12,G3-Genes Genomes Genetics,10.1093/g3journal/jkag033,4100,4102,259254,88436,32755,PacBio,HiFi,UK,no,Hifiasm,NA,RagTag,NA,no,https://ftp.ncbi.nlm.nih.gov/genomes/all/GCA/965/614/515/GCA_965614515.1_Urohumi_v2/GCA_965614515.1_Urohumi_v2_genomic.fna.gz,https://ftp.ncbi.nlm.nih.gov/genomes/all/GCA/965/614/515/GCA_965614515.1_Urohumi_v2/GCA_965614515.1_Urohumi_v2_genomic.gff.gz,
统计条目,Urochloa ruziziensis,NA,GCA_003016355.1_Bruz_genomic.fna.gz,GCA_003016355.1_Bruz_genomic.gbff.gz,CIAT26162,Poales,Poaceae,Commelinids,Monocots,no,2020/10/16,Journal of Experimental Botany,33064149,604,732,42232,27.8,NA,Illumina;PacBio,Other TGS,Colombia,no,Platanus,NA,Platanus,NA,no,https://www.ncbi.nlm.nih.gov/datasets/genome/GCA_003016355.1/,https://doi.org/10.5061/dryad.mpg4f4r6p,
补充条目,Zea luxurians,NA,GCA_029449295.1_ASM2944929v1_genomic.fna.gz,Zea_luxurians\Zea_luxurians_GCA_029449295.1_ASM2944929v1_genomic.gtf,ASM2944929v1,Poales,Poaceae,Commelinids,Monocots,no,2023/3/28,NA,GCA_029449295.1,NA,5596.586848,NA,NA,NA,NA,NA,NA,NA,NA,NA,NA,NA,NA,https://download.cncb.ac.cn/assembly/ncbi/Plants/GCA/029/449/Zea_luxurians_monocots_ASM2944929v1_GCA_029449295.1/GCA_029449295.1_ASM2944929v1_genomic.fna.gz,NA,
统计条目,Zea mays,diploid,GCA_022117705.1_Zm-Mo17-REFERENCE-CAU-T2T-assembly_genomic.fna.gz,GCA_022117705.1_Zm-Mo17-REFERENCE-CAU-T2T-assembly_genomic.gbff.gz,Mo17,Poales,Poaceae,Commelinids,Monocots,yes,2023/6/15,Nature Genetics,10.1038/s41588-023-01419-6,2300,2178.6,42580,NA,181203,PacBio;ONT;Illumina,HiFi;ONT (reads N50 size ≥100kb),China,no,NextDenovo;Hifiasm;Canu,Nextpolish,NA,NA,T2T,https://www.ncbi.nlm.nih.gov/bioproject/?term=PRJNA751841,https://www.ncbi.nlm.nih.gov/datasets/genome/GCA_019096015.1/,
统计条目,Zizania latifolia,NA,GWHFFOM00000000.1.genome.fasta.gz,Zizania_latifolia.gene.gff,NA,Poales,Poaceae,Commelinids,Monocots,yes,2024/12/18,Scientific Data,10.1038/s41597-024-04220-0,550.84,578.42,39934,34710,33750,PacBio;ONT,HiFi,China,yes,Hifiasm,NA,NA,3D-DNA,T2T,https://ngdc.cncb.ac.cn/gwh/Assembly/86169/show,https://download.cncb.ac.cn/gwh/Plants/Eleocharis_dulcis_Ed1_GWHEQVU00000000/GWHEQVU00000000.gff.gz,
统计条目,Zizania palustris,diploid,GCA_019279435.1_ASM1927943v1_genomic.fna.gz,GCA_019279435.1_ASM1927943v1_genomic.gff.gz,NA,Poales,Poaceae,Commelinids,Monocots,yes,2021/7/26,The Plant Journal,10.1111/tpj.15419,1800,1290,46421,NA,386.6,PacBio;Illumina,Other TGS,USA,yes,wtdbg,Arrow,HiRise,HiRise,no,https://www.ncbi.nlm.nih.gov/datasets/genome/GCA_019279435.1/,https://download.cncb.ac.cn/gwh/Plants/Zizania_latifolia_Zlat_genome_v1_GWHBFHI00000000/GWHBFHI00000000.gff.gz,
补充条目,Zoysia japonica,NA,GCA_040438285.1_BJFU_zoysia2.1_genomic.fna.gz,Zoysia_japonica\Zoysia_japonica_GCA_040438285.1_BJFU_zoysia2.1_genomic.gtf,BJFU_zoysia2.1,Poales,Poaceae,Commelinids,Monocots,yes,2024/7/2,NA,GCA_040438285.1,NA,326.397847,NA,NA,NA,NA,NA,NA,NA,NA,NA,NA,NA,NA,https://download.cncb.ac.cn/assembly/ncbi/Plants/GCA/040/438/Zoysia_japonica_monocots_BJFU_zoysia2.1_GCA_040438285.1/GCA_040438285.1_BJFU_zoysia2.1_genomic.fna.gz,NA,
统计条目,Zoysia macrostachya,tetraploid,GCA_049640385.1_PBI_Zma_genomic.fna.gz,Zma_FINAL.20chr.repeatmasker.gff,ZN3169,Poales,Poaceae,Commelinids,Monocots,yes,2025/7/31,Scientific Data,10.1038/s41597-025-05702-5,324.25,329.78,33474,19240,7556,ONT;Illumina,Other TGS,Korea,no,NextDenovo,NextPolish,BWA;HapHiC,NA,no,https://www.ncbi.nlm.nih.gov/bioproject/PRJNA1206549/,https://doi.org/10.6084/m9.figshare.28151138.v3,
补充条目,Zoysia matrella,NA,GCA_001602295.1_ASM160229v1_genomic.fna.gz,Zoysia_matrella\Zoysia_matrella_GCA_001602295.1_ASM160229v1_genomic.gtf,ASM160229v1,Poales,Poaceae,Commelinids,Monocots,no,2016/3/15,NA,GCA_001602295.1,NA,563.438595,NA,NA,NA,NA,NA,NA,NA,NA,NA,NA,NA,NA,https://download.cncb.ac.cn/assembly/ncbi/Plants/GCA/001/602/Zoysia_matrella_Manila_grass_ASM160229v1_GCA_001602295.1/GCA_001602295.1_ASM160229v1_genomic.fna.gz,NA,
补充条目,Zoysia pacifica,NA,GCA_001602315.1_ASM160231v1_genomic.fna.gz,Zoysia_pacifica\Zoysia_pacifica_GCA_001602315.1_ASM160231v1_genomic.gtf,ASM160231v1,Poales,Poaceae,Commelinids,Monocots,no,2016/3/15,NA,GCA_001602315.1,NA,397.009957,NA,NA,NA,NA,NA,NA,NA,NA,NA,NA,NA,NA,https://download.cncb.ac.cn/assembly/ncbi/Plants/GCA/001/602/Zoysia_pacifica_monocots_ASM160231v1_GCA_001602315.1/GCA_001602315.1_ASM160231v1_genomic.fna.gz,NA,
统计条目,Zoysia sinica,tetraploid,GCA_041753855.1_CNU_Zsg_1.0_genomic.fna,GCA_041753855.1_CNU_Zsg_1.0_genomic.gbff.gz,NA,Poales,Poaceae,Commelinids,Monocots,yes,2025/7/8,The Plant Genome,10.1002/tpg2.70070,NA,328.2,29551,18900,10400,ONT;Illumina,Other TGS,Korea,no,NextDenovo,NA,Juicer;3D-DNA,NA,T2T,https://www.ncbi.nlm.nih.gov/bioproject/?term=PRJNA1149339,https://doi.org/10.6084/m9.figshare.28151138.v3,
