gene_set_size,model_variant,model_state,split,n,rmse,mae,pearson,r2,target_std,prediction_std
10,specific_snp_delta_hap1,best_validation,train,810,0.6065459441182252,0.33371401405260886,0.977133266607394,0.9547560070944455,2.8515647678565252,2.7819450971707886
10,specific_snp_delta_hap1,best_validation,val,100,1.0394211458580545,0.3608099389076233,0.9451823390411175,0.8891041240040165,3.1212880516103962,2.779220598186297
10,specific_snp_delta_hap1,best_validation,test,100,0.5753160104853722,0.3576737320423126,0.9791020225663561,0.9551731233237996,2.7172976926654484,2.763120397033847
10,specific_snp_delta_hap1,best_training,train,810,0.18020570388131693,0.09248733356779004,0.9980201705585273,0.996006344621167,2.8515647678565252,2.8310860268308042
